scenario,seed,model,interaction_index,observed,predicted_mu,probability,log_probability,absolute_error
strong_stable,260901,rcwe,60,0.5,0.5150222145638674,0.9969250616947963,-0.0030796756418318407,0.015022214563867431
strong_stable,260901,rcwe,61,0.5,0.4582992155224819,0.9818217144966742,-0.01834554057620519,0.04170078447751813
strong_stable,260901,rcwe,62,0.5,0.44963644923859336,0.9696357671859605,-0.030834775748073036,0.05036355076140664
strong_stable,260901,rcwe,63,0.5,0.4969097200552948,0.998262424685187,-0.0017390866497596147,0.0030902799447051765
strong_stable,260901,rcwe,64,0.5,0.5477855495182165,0.9738229202381388,-0.02652579860547398,0.04778554951821645
strong_stable,260901,rcwe,65,0.5,0.5462877629408999,0.9760252602007441,-0.02426681155073962,0.04628776294089987
strong_stable,260901,rcwe,66,0.75,0.49564480216630696,0.0005758609659881993,-7.459644304897569,0.25435519783369304
strong_stable,260901,rcwe,67,0.5,0.45177240146673736,0.9731413918145588,-0.02722589202495518,0.04822759853326264
strong_stable,260901,rcwe,68,0.5,0.4625927022761478,0.9861139011692839,-0.013983412623975745,0.037407297723852206
strong_stable,260901,rcwe,69,0.5,0.514991008768727,0.9969312801297727,-0.003073438046027248,0.014991008768727054
strong_stable,260901,rcwe,70,0.5,0.5510307277928849,0.9684658461253609,-0.03204206147000288,0.05103072779288487
strong_stable,260901,rcwe,71,0.5,0.5317470692537158,0.9904035625855852,-0.009642779940357876,0.03174706925371584
strong_stable,260901,rcwe,72,0.5,0.47931517627816833,0.995495129231026,-0.004515048276369098,0.02068482372183167
strong_stable,260901,rcwe,73,0.5,0.4516278837810906,0.9729153857955317,-0.02745816276098252,0.04837211621890941
strong_stable,260901,rcwe,74,0.5,0.47824452532587414,0.9951496213165131,-0.004862179946032779,0.021755474674125863
strong_stable,260901,rcwe,75,0.5,0.5292484173561933,0.9918860448722789,-0.00814705241648799,0.029248417356193324
strong_stable,260901,rcwe,76,0.5,0.5482656172257937,0.9730820892703522,-0.02728683317051356,0.0482656172257937
strong_stable,260901,rcwe,77,0.5,0.5154984370671382,0.9968280838273047,-0.0031769573617739426,0.01549843706713816
strong_stable,260901,rcwe,78,0.5,0.4674111621334706,0.9898515960901655,-0.010200250029296731,0.032588837866529385
strong_stable,260901,rcwe,79,0.5,0.45700801703488103,0.9803260485412367,-0.019870060057655764,0.04299198296511897
strong_stable,260901,persistence,60,0.5,0.5,0.6757022280177907,-0.3920027910818186,0.0
strong_stable,260901,persistence,61,0.5,0.5,0.6757022280177907,-0.3920027910818186,0.0
strong_stable,260901,persistence,62,0.5,0.5,0.6757022280177907,-0.3920027910818186,0.0
strong_stable,260901,persistence,63,0.5,0.5,0.6757022280177907,-0.3920027910818186,0.0
strong_stable,260901,persistence,64,0.5,0.5,0.6757022280177907,-0.3920027910818186,0.0
strong_stable,260901,persistence,65,0.5,0.5,0.6757022280177907,-0.3920027910818186,0.0
strong_stable,260901,persistence,66,0.75,0.5,0.16059561276241008,-1.8288657956358259,0.25
strong_stable,260901,persistence,67,0.5,0.5,0.6757022280177907,-0.3920027910818186,0.0
strong_stable,260901,persistence,68,0.5,0.5,0.6757022280177907,-0.3920027910818186,0.0
strong_stable,260901,persistence,69,0.5,0.5,0.6757022280177907,-0.3920027910818186,0.0
strong_stable,260901,persistence,70,0.5,0.5,0.6757022280177907,-0.3920027910818186,0.0
strong_stable,260901,persistence,71,0.5,0.5,0.6757022280177907,-0.3920027910818186,0.0
strong_stable,260901,persistence,72,0.5,0.5,0.6757022280177907,-0.3920027910818186,0.0
strong_stable,260901,persistence,73,0.5,0.5,0.6757022280177907,-0.3920027910818186,0.0
strong_stable,260901,persistence,74,0.5,0.5,0.6757022280177907,-0.3920027910818186,0.0
strong_stable,260901,persistence,75,0.5,0.5,0.6757022280177907,-0.3920027910818186,0.0
strong_stable,260901,persistence,76,0.5,0.5,0.6757022280177907,-0.3920027910818186,0.0
strong_stable,260901,persistence,77,0.5,0.5,0.6757022280177907,-0.3920027910818186,0.0
strong_stable,260901,persistence,78,0.5,0.5,0.6757022280177907,-0.3920027910818186,0.0
strong_stable,260901,persistence,79,0.5,0.5,0.6757022280177907,-0.3920027910818186,0.0
strong_stable,260901,ar1,60,0.5,0.5049139104392716,0.8234563190687295,-0.19424477379649518,0.004913910439271585
strong_stable,260901,ar1,61,0.5,0.505785545640827,0.8232202563384812,-0.19453148793986863,0.005785545640827006
strong_stable,260901,ar1,62,0.5,0.5059401573159847,0.8231743728018004,-0.19458722614003104,0.00594015731598474
strong_stable,260901,ar1,63,0.5,0.5059675825164038,0.8231661077753835,-0.19459726662256124,0.005967582516403835
strong_stable,260901,ar1,64,0.5,0.5059724472306453,0.8231646377462774,-0.1945990524473235,0.0059724472306452725
strong_stable,260901,ar1,65,0.5,0.5059733101393675,0.8231643768659088,-0.19459936937105654,0.005973310139367527
strong_stable,260901,ar1,66,0.75,0.5059734632031295,0.09871699054011573,-2.3154982040940686,0.24402653679687047
strong_stable,260901,ar1,67,0.5,0.5059734903537593,0.8231643223775319,-0.19459943556485731,0.00597349035375927
strong_stable,260901,ar1,68,0.5,0.5059734951697699,0.8231643209213737,-0.19459943733383353,0.00597349516976986
strong_stable,260901,ar1,69,0.5,0.5059734960240395,0.8231643206630785,-0.19459943764761678,0.005973496024039515
strong_stable,260901,ar1,70,0.5,0.5059734961755709,0.8231643206172619,-0.19459943770327606,0.005973496175570858
strong_stable,260901,ar1,71,0.5,0.5059734962024497,0.8231643206091348,-0.19459943771314903,0.005973496202449691
strong_stable,260901,ar1,72,0.5,0.5059734962072174,0.8231643206076932,-0.19459943771490026,0.0059734962072174325
strong_stable,260901,ar1,73,0.5,0.5059734962080632,0.8231643206074375,-0.19459943771521093,0.0059734962080632
strong_stable,260901,ar1,74,0.5,0.5059734962082132,0.8231643206073921,-0.19459943771526605,0.0059734962082131915
strong_stable,260901,ar1,75,0.5,0.5059734962082398,0.8231643206073841,-0.19459943771527574,0.005973496208239837
strong_stable,260901,ar1,76,0.5,0.5059734962082445,0.8231643206073828,-0.19459943771527738,0.0059734962082445
strong_stable,260901,ar1,77,0.5,0.5059734962082454,0.8231643206073825,-0.1945994377152777,0.005973496208245388
strong_stable,260901,ar1,78,0.5,0.5059734962082455,0.8231643206073824,-0.19459943771527782,0.005973496208245499
strong_stable,260901,ar1,79,0.5,0.5059734962082455,0.8231643206073824,-0.19459943771527782,0.005973496208245499
strong_stable,260901,quadratic_narrative_position,60,0.5,0.5420568003854239,0.765947563703403,-0.2666415662799716,0.04205680038542392
strong_stable,260901,quadratic_narrative_position,61,0.5,0.5461693288999586,0.7575676016374029,-0.27764250249485967,0.04616932889995862
strong_stable,260901,quadratic_narrative_position,62,0.5,0.5504126612272213,0.748190839914356,-0.2900971999733534,0.05041266122722132
strong_stable,260901,quadratic_narrative_position,63,0.5,0.5547867973672121,0.737774207753044,-0.3041174527485307,0.05478679736721215
strong_stable,260901,quadratic_narrative_position,64,0.5,0.5592917373199309,0.7262794757456568,-0.31982038541495816,0.05929173731993087
strong_stable,260901,quadratic_narrative_position,65,0.5,0.5639274810853777,0.7136742034851432,-0.3373287184178552,0.06392748108537771
strong_stable,260901,quadratic_narrative_position,66,0.75,0.5686940286635526,0.2777336423979074,-1.2810927454535328,0.18130597133644744
strong_stable,260901,quadratic_narrative_position,67,0.5,0.5735913800544554,0.6850372251984993,-0.378282098840985,0.07359138005445542
strong_stable,260901,quadratic_narrative_position,68,0.5,0.5786195352580863,0.668978695766663,-0.4020030642538483,0.07861953525808629
strong_stable,260901,quadratic_narrative_position,69,0.5,0.5837784942744453,0.6517580765194202,-0.42808183419402906,0.08377849427444528
strong_stable,260901,quadratic_narrative_position,70,0.5,0.5890682571035322,0.6333872313233153,-0.456673304027247,0.08906825710353217
strong_stable,260901,quadratic_narrative_position,71,0.5,0.5944888237453472,0.613889924763374,-0.48793964253647515,0.09448882374534717
strong_stable,260901,quadratic_narrative_position,72,0.5,0.6000401941998902,0.5933027000878303,-0.5220505547623967,0.10004019419989019
strong_stable,260901,quadratic_narrative_position,73,0.5,0.6057223684671613,0.5716756291177291,-0.5591835304161408,0.10572236846716132
strong_stable,260901,quadratic_narrative_position,74,0.5,0.6115353465471604,0.5490728917838243,-0.5995240743664833,0.11153534654716035
strong_stable,260901,quadratic_narrative_position,75,0.5,0.6174791284398874,0.5255731403479097,-0.6432659159563633,0.11747912843988739
strong_stable,260901,quadratic_narrative_position,76,0.5,0.6235537141453426,0.5012696023196617,-0.690611194253869,0.12355371414534255
strong_stable,260901,quadratic_narrative_position,77,0.5,0.6297591036635257,0.47626987707023816,-0.7417706167817539,0.12975910366352572
strong_stable,260901,quadratic_narrative_position,78,0.5,0.6360952969944369,0.4506953846312215,-0.7969635897834496,0.1360952969944369
strong_stable,260901,quadratic_narrative_position,79,0.5,0.6425622941380761,0.4246804315522007,-0.8564183186552129,0.14256229413807608
strong_stable,260902,rcwe,60,0.5,0.4798828318449125,0.8443453539137605,-0.1691936809787797,0.020117168155087517
strong_stable,260902,rcwe,61,0.5,0.47996544137051705,0.8444353438710748,-0.1690871070967861,0.020034558629482946
strong_stable,260902,rcwe,62,0.75,0.4799996602654382,0.045304953588848416,-3.0943389017243,0.2700003397345618
strong_stable,260902,rcwe,63,0.5,0.47996684984648164,0.8444368750234412,-0.1690852938721391,0.020033150153518364
strong_stable,260902,rcwe,64,0.5,0.47991205260601505,0.84437722692885,-0.16915593290167713,0.02008794739398495
strong_stable,260902,rcwe,65,0.5,0.47988894550794414,0.844352026260168,-0.16918577861985398,0.020111054492055858
strong_stable,260902,rcwe,66,0.25,0.4799103500502019,0.11039967904941042,-2.2036480523045054,0.22991035005020188
strong_stable,260902,rcwe,67,0.5,0.4799466938636299,0.8444149533948109,-0.16911125426518564,0.020053306136370075
strong_stable,260902,rcwe,68,0.75,0.479962291388016,0.045263410032727824,-3.0952562984260408,0.270037708611984
strong_stable,260902,rcwe,69,0.5,0.4799483330319493,0.8444167369629331,-0.1691091420735062,0.02005166696805072
strong_stable,260902,rcwe,70,0.5,0.47992423014716684,0.8443904963232687,-0.16914021801769843,0.02007576985283316
strong_stable,260902,rcwe,71,0.5,0.4799137061349718,0.8443790291796776,-0.16915379848965525,0.020086293865028193
strong_stable,260902,rcwe,72,0.5,0.4799228052335095,0.8443889440590282,-0.16914205634448443,0.020077194766490503
strong_stable,260902,rcwe,73,0.5,0.4799387882471427,0.8444063493321761,-0.16912144369448887,0.0200612117528573
strong_stable,260902,rcwe,74,0.5,0.4799458863491469,0.84441407469095,-0.16911229487243037,0.020054113650853078
strong_stable,260902,rcwe,75,0.5,0.4799399572707509,0.8444076218469878,-0.1691199367022049,0.020060042729249106
strong_stable,260902,rcwe,76,0.5,0.4799293596148346,0.8443960833359181,-0.16913360141768896,0.020070640385165373
strong_stable,260902,rcwe,77,0.5,0.47992457402727745,0.8443908709211706,-0.1691397743866765,0.02007542597272255
strong_stable,260902,rcwe,78,0.5,0.4799284359035385,0.8443950773338984,-0.16913479280481036,0.02007156409646149
strong_stable,260902,rcwe,79,0.5,0.47993546202317544,0.8444027282455074,-0.16912573202609082,0.02006453797682456
strong_stable,260902,persistence,60,0.5,0.5,0.6272810677408068,-0.46636056488516553,0.0
strong_stable,260902,persistence,61,0.5,0.5,0.6272810677408068,-0.46636056488516553,0.0
strong_stable,260902,persistence,62,0.75,0.5,0.18261380837692692,-1.700381692777171,0.25
strong_stable,260902,persistence,63,0.5,0.5,0.6272810677408068,-0.46636056488516553,0.0
strong_stable,260902,persistence,64,0.5,0.5,0.6272810677408068,-0.46636056488516553,0.0
strong_stable,260902,persistence,65,0.5,0.5,0.6272810677408068,-0.46636056488516553,0.0
strong_stable,260902,persistence,66,0.25,0.5,0.18261380837692692,-1.700381692777171,0.25
strong_stable,260902,persistence,67,0.5,0.5,0.6272810677408068,-0.46636056488516553,0.0
strong_stable,260902,persistence,68,0.75,0.5,0.18261380837692692,-1.700381692777171,0.25
strong_stable,260902,persistence,69,0.5,0.5,0.6272810677408068,-0.46636056488516553,0.0
strong_stable,260902,persistence,70,0.5,0.5,0.6272810677408068,-0.46636056488516553,0.0
strong_stable,260902,persistence,71,0.5,0.5,0.6272810677408068,-0.46636056488516553,0.0
strong_stable,260902,persistence,72,0.5,0.5,0.6272810677408068,-0.46636056488516553,0.0
strong_stable,260902,persistence,73,0.5,0.5,0.6272810677408068,-0.46636056488516553,0.0
strong_stable,260902,persistence,74,0.5,0.5,0.6272810677408068,-0.46636056488516553,0.0
strong_stable,260902,persistence,75,0.5,0.5,0.6272810677408068,-0.46636056488516553,0.0
strong_stable,260902,persistence,76,0.5,0.5,0.6272810677408068,-0.46636056488516553,0.0
strong_stable,260902,persistence,77,0.5,0.5,0.6272810677408068,-0.46636056488516553,0.0
strong_stable,260902,persistence,78,0.5,0.5,0.6272810677408068,-0.46636056488516553,0.0
strong_stable,260902,persistence,79,0.5,0.5,0.6272810677408068,-0.46636056488516553,0.0
strong_stable,260902,ar1,60,0.5,0.4930674624240243,0.7791390572181004,-0.24956574170161971,0.0069325375759756724
strong_stable,260902,ar1,61,0.5,0.4916618430821085,0.7786627836094541,-0.2501772105174903,0.008338156917891526
strong_stable,260902,ar1,62,0.75,0.49137684416032623,0.09472312197553988,-2.356797148343794,0.25862315583967377
strong_stable,260902,ar1,63,0.5,0.491319058682427,0.7785333803433291,-0.2503434108581005,0.008680941317573021
strong_stable,260902,ar1,64,0.5,0.49130734228211514,0.7785288655263103,-0.2503492100058619,0.008692657717884855
strong_stable,260902,ar1,65,0.5,0.4913049667019303,0.7785279493765157,-0.2503503867770444,0.008695033298069699
strong_stable,260902,ar1,66,0.25,0.4913044850368229,0.12662429970774788,-2.06653084687085,0.2413044850368229
strong_stable,260902,ar1,67,0.5,0.4913043873759326,0.7785277259198348,-0.25035067380169546,0.008695612624067373
strong_stable,260902,ar1,68,0.75,0.4913043675745201,0.09460334251385696,-2.3580624704210527,0.2586956324254799
strong_stable,260902,ar1,69,0.5,0.4913043635596485,0.7785277167331389,-0.25035068560178375,0.008695636440351484
strong_stable,260902,ar1,70,0.5,0.49130436274560585,0.7785277164191364,-0.2503506860051123,0.00869563725439415
strong_stable,260902,ar1,71,0.5,0.49130436258055316,0.7785277163554701,-0.25035068608689004,0.008695637419446844
strong_stable,260902,ar1,72,0.5,0.4913043625470876,0.7785277163425615,-0.25035068610347105,0.008695637452912408
strong_stable,260902,ar1,73,0.5,0.49130436254030224,0.7785277163399443,-0.2503506861068327,0.008695637459697758
strong_stable,260902,ar1,74,0.5,0.49130436253892645,0.7785277163394135,-0.2503506861075144,0.008695637461073547
strong_stable,260902,ar1,75,0.5,0.4913043625386475,0.7785277163393058,-0.2503506861076527,0.00869563746135249
strong_stable,260902,ar1,76,0.5,0.49130436253859094,0.7785277163392841,-0.25035068610768074,0.008695637461409056
strong_stable,260902,ar1,77,0.5,0.49130436253857945,0.7785277163392796,-0.25035068610768646,0.008695637461420547
strong_stable,260902,ar1,78,0.5,0.4913043625385771,0.7785277163392786,-0.2503506861076877,0.008695637461422878
strong_stable,260902,ar1,79,0.5,0.4913043625385767,0.7785277163392786,-0.25035068610768774,0.008695637461423322
strong_stable,260902,quadratic_narrative_position,60,0.5,0.5210385888418534,0.756131698730513,-0.2795397133044848,0.02103858884185339
strong_stable,260902,quadratic_narrative_position,61,0.5,0.5252261691425681,0.7520851778818411,-0.2849056929867897,0.025226169142568144
strong_stable,260902,quadratic_narrative_position,62,0.75,0.5295604714930222,0.18153446336006576,-1.7063097625305914,0.2204395285069778
strong_stable,260902,quadratic_narrative_position,63,0.5,0.5340414958932153,0.7412662000579479,-0.29939547385613924,0.03404149589321526
strong_stable,260902,quadratic_narrative_position,64,0.5,0.5386692423431476,0.7343701815765361,-0.30874204292862123,0.038669242343147614
strong_stable,260902,quadratic_narrative_position,65,0.5,0.5434437108428191,0.7264060069238879,-0.31964618228556696,0.04344371084281906
strong_stable,260902,quadratic_narrative_position,66,0.25,0.5483649013922297,0.049581411960542505,-3.004139274350936,0.2983649013922297
strong_stable,260902,quadratic_narrative_position,67,0.5,0.5534328139913796,0.7070691298941559,-0.34662683866598387,0.05343281399137956
strong_stable,260902,quadratic_narrative_position,68,0.75,0.5586474486402685,0.2627094307897542,-1.3367066834688763,0.1913525513597315
strong_stable,260902,quadratic_narrative_position,69,0.5,0.5640088053388966,0.6829108453863815,-0.3813909617729459,0.06400880533889663
strong_stable,260902,quadratic_narrative_position,70,0.5,0.5695168840872639,0.6689499333483296,-0.40204605969876506,0.06951688408726386
strong_stable,260902,quadratic_narrative_position,71,0.5,0.5751716848853704,0.6537146245896481,-0.4250843765934367,0.0751716848853704
strong_stable,260902,quadratic_narrative_position,72,0.5,0.5809732077332161,0.6372042999069552,-0.4506649528413361,0.08097320773321615
strong_stable,260902,quadratic_narrative_position,73,0.5,0.5869214526308009,0.6194311781751286,-0.4789536766182668,0.08692145263080087
strong_stable,260902,quadratic_narrative_position,74,0.5,0.5930164195781249,0.6004213861477677,-0.5101235600241438,0.0930164195781249
strong_stable,260902,quadratic_narrative_position,75,0.5,0.599258108575188,0.580215895844097,-0.5443550104896794,0.09925810857518802
strong_stable,260902,quadratic_narrative_position,76,0.5,0.6056465196219903,0.5588712838536615,-0.5818360937837401,0.10564651962199034
strong_stable,260902,quadratic_narrative_position,77,0.5,0.6121816527185319,0.5364602639800832,-0.6227627849291268,0.11218165271853187
strong_stable,260902,quadratic_narrative_position,78,0.5,0.6188635078648125,0.5130719432370104,-0.6673392034160185,0.11886350786481248
strong_stable,260902,quadratic_narrative_position,79,0.5,0.6256920850608323,0.48881175179139835,-0.71577782928733,0.1256920850608323
strong_stable,260903,rcwe,60,0.5,0.515992381944387,0.9674687493996651,-0.033072154961971356,0.015992381944387013
strong_stable,260903,rcwe,61,0.5,0.5165857476539983,0.9669974571669196,-0.03355941314251767,0.01658574765399834
strong_stable,260903,rcwe,62,0.5,0.5170391134051108,0.9666251852277643,-0.03394446442976773,0.017039113405110773
strong_stable,260903,rcwe,63,0.5,0.5168926070325717,0.9667466425490285,-0.033818821426513976,0.01689260703257167
strong_stable,260903,rcwe,64,0.5,0.516411170925885,0.967137990816091,-0.03341409379627935,0.016411170925884955
strong_stable,260903,rcwe,65,0.25,0.5161702944298381,0.006073250572505148,-5.1038613028314,0.2661702944298381
strong_stable,260903,rcwe,66,0.5,0.5163843891181573,0.9671594117896768,-0.033391945212966526,0.016384389118157316
strong_stable,260903,rcwe,67,0.5,0.5167423547998939,0.966870057594551,-0.03369116939942826,0.016742354799893944
strong_stable,260903,rcwe,68,0.5,0.516835197154527,0.966793935316755,-0.03376990311750385,0.01683519715452697
strong_stable,260903,rcwe,69,0.5,0.5166113836634529,0.9669766885665015,-0.033580890782707165,0.01661138366345294
strong_stable,260903,rcwe,70,0.25,0.5163674792843805,0.006013310186180037,-5.11377990232805,0.26636747928438054
strong_stable,260903,rcwe,71,0.5,0.5163680895495084,0.9671724307269649,-0.033378484298968045,0.016368089549508413
strong_stable,260903,rcwe,72,0.5,0.5165684959863809,0.9670114143338028,-0.03354497973728466,0.016568495986380882
strong_stable,260903,rcwe,73,0.5,0.5167182310835806,0.9668897642979487,-0.03367078765069684,0.016718231083580615
strong_stable,260903,rcwe,74,0.5,0.5166662073447683,0.9669321607719775,-0.03362694031037457,0.016666207344768313
strong_stable,260903,rcwe,75,0.75,0.5165044663349568,0.026964938988375212,-3.613217812818343,0.23349553366504316
strong_stable,260903,rcwe,76,0.25,0.5164258512154962,0.00599566713046793,-5.116718215548337,0.2664258512154962
strong_stable,260903,rcwe,77,0.5,0.5164995023662325,0.9670670797372677,-0.03348741702341242,0.016499502366232544
strong_stable,260903,rcwe,78,0.25,0.5166191622599068,0.005937565594995191,-5.126456062104264,0.2666191622599068
strong_stable,260903,rcwe,79,0.5,0.5166484935041263,0.9669465648367344,-0.03361204375603908,0.016648493504126338
strong_stable,260903,persistence,60,0.5,0.5,0.6896753988133882,-0.3715342285831357,0.0
strong_stable,260903,persistence,61,0.5,0.5,0.6896753988133882,-0.3715342285831357,0.0
strong_stable,260903,persistence,62,0.5,0.5,0.6896753988133882,-0.3715342285831357,0.0
strong_stable,260903,persistence,63,0.5,0.5,0.6896753988133882,-0.3715342285831357,0.0
strong_stable,260903,persistence,64,0.5,0.5,0.6896753988133882,-0.3715342285831357,0.0
strong_stable,260903,persistence,65,0.25,0.5,0.15399356309749737,-1.8708444755102704,0.25
strong_stable,260903,persistence,66,0.5,0.5,0.6896753988133882,-0.3715342285831357,0.0
strong_stable,260903,persistence,67,0.5,0.5,0.6896753988133882,-0.3715342285831357,0.0
strong_stable,260903,persistence,68,0.5,0.5,0.6896753988133882,-0.3715342285831357,0.0
strong_stable,260903,persistence,69,0.5,0.5,0.6896753988133882,-0.3715342285831357,0.0
strong_stable,260903,persistence,70,0.25,0.5,0.15399356309749737,-1.8708444755102704,0.25
strong_stable,260903,persistence,71,0.5,0.5,0.6896753988133882,-0.3715342285831357,0.0
strong_stable,260903,persistence,72,0.5,0.5,0.6896753988133882,-0.3715342285831357,0.0
strong_stable,260903,persistence,73,0.5,0.5,0.6896753988133882,-0.3715342285831357,0.0
strong_stable,260903,persistence,74,0.5,0.5,0.6896753988133882,-0.3715342285831357,0.0
strong_stable,260903,persistence,75,0.75,0.5,0.15399356309749737,-1.8708444755102704,0.25
strong_stable,260903,persistence,76,0.25,0.5,0.15399356309749737,-1.8708444755102704,0.25
strong_stable,260903,persistence,77,0.5,0.5,0.6896753988133882,-0.3715342285831357,0.0
strong_stable,260903,persistence,78,0.25,0.5,0.15399356309749737,-1.8708444755102704,0.25
strong_stable,260903,persistence,79,0.5,0.5,0.6896753988133882,-0.3715342285831357,0.0
strong_stable,260903,ar1,60,0.5,0.5184243275012336,0.884719870652572,-0.12248421441658497,0.018424327501233573
strong_stable,260903,ar1,61,0.5,0.5157375888748855,0.8873932764786926,-0.11946701671839446,0.015737588874885522
strong_stable,260903,ar1,62,0.5,0.5161293841491406,0.8870294539890502,-0.11987709092280333,0.016129384149140558
strong_stable,260903,ar1,63,0.5,0.5160722503678998,0.8870830626221756,-0.11981665661253293,0.016072250367899832
strong_stable,260903,ar1,64,0.5,0.5160805819358727,0.8870752568904235,-0.11982545597577601,0.016080581935872695
strong_stable,260903,ar1,65,0.25,0.5160793669799678,0.03380335708659645,-3.3871951593366236,0.2660793669799678
strong_stable,260903,ar1,66,0.5,0.5160795441516425,0.8870762293955265,-0.11982435967130547,0.016079544151642478
strong_stable,260903,ar1,67,0.5,0.5160795183154766,0.8870762536057393,-0.11982433237916124,0.016079518315476604
strong_stable,260903,ar1,68,0.5,0.516079522083051,0.8870762500752728,-0.11982433635905182,0.016079522083050968
strong_stable,260903,ar1,69,0.5,0.5160795215336422,0.8870762505901053,-0.11982433577868176,0.016079521533642227
strong_stable,260903,ar1,70,0.25,0.5160795216137601,0.03380320666238785,-3.3871996093249166,0.26607952161376014
strong_stable,260903,ar1,71,0.5,0.5160795216020768,0.8870762505259776,-0.11982433585097284,0.01607952160207682
strong_stable,260903,ar1,72,0.5,0.5160795216037806,0.887076250524381,-0.11982433585277275,0.016079521603780567
strong_stable,260903,ar1,73,0.5,0.5160795216035321,0.8870762505246138,-0.11982433585251032,0.0160795216035321
strong_stable,260903,ar1,74,0.5,0.5160795216035683,0.8870762505245798,-0.11982433585254855,0.016079521603568292
strong_stable,260903,ar1,75,0.75,0.5160795216035631,0.07911867740677331,-2.536806308101973,0.23392047839643693
strong_stable,260903,ar1,76,0.25,0.5160795216035639,0.03380320667230652,-3.3871996090314926,0.26607952160356385
strong_stable,260903,ar1,77,0.5,0.5160795216035637,0.8870762505245842,-0.11982433585254364,0.01607952160356374
strong_stable,260903,ar1,78,0.25,0.5160795216035637,0.03380320667230662,-3.3871996090314895,0.26607952160356374
strong_stable,260903,ar1,79,0.5,0.5160795216035637,0.8870762505245842,-0.11982433585254364,0.01607952160356374
strong_stable,260903,quadratic_narrative_position,60,0.5,0.5117562826717384,0.8659551565410724,-0.1439221540455865,0.01175628267173845
strong_stable,260903,quadratic_narrative_position,61,0.5,0.5120475526205087,0.8657604014888479,-0.1441470813463115,0.012047552620508717
strong_stable,260903,quadratic_narrative_position,62,0.5,0.5123508741301296,0.8655525483264949,-0.14438719179355777,0.012350874130129585
strong_stable,260903,quadratic_narrative_position,63,0.5,0.5126662472006008,0.8653309862811908,-0.1446432021398164,0.012666247200600833
strong_stable,260903,quadratic_narrative_position,64,0.5,0.5129936718319226,0.8650950808013769,-0.14491585808942672,0.01299367183192257
strong_stable,260903,quadratic_narrative_position,65,0.25,0.5133331480240947,0.04697405007239604,-3.0581599558690646,0.2633331480240947
strong_stable,260903,quadratic_narrative_position,66,0.5,0.5136846757771174,0.8645775828902891,-0.1455142348082035,0.013684675777117405
strong_stable,260903,quadratic_narrative_position,67,0.5,0.5140482550909904,0.8642946031622228,-0.1458415924149441,0.014048255090990391
strong_stable,260903,quadratic_narrative_position,68,0.5,0.514423885965714,0.8639945055871541,-0.14618886947242887,0.014423885965713978
strong_stable,260903,quadratic_narrative_position,69,0.5,0.514811568401288,0.8636765379639629,-0.14655695763130397,0.014811568401287944
strong_stable,260903,quadratic_narrative_position,70,0.25,0.5152113023977124,0.04478514556787515,-3.1058787666890395,0.2652113023977124
strong_stable,260903,quadratic_narrative_position,71,0.5,0.5156230879549871,0.8629838677257917,-0.1473592813228024,0.015623087954987125
strong_stable,260903,quadratic_narrative_position,72,0.5,0.5160469250731126,0.8626075450273053,-0.1477954479630293,0.01604692507311256
strong_stable,260903,quadratic_narrative_position,73,0.5,0.5164828137520883,0.8622101123758549,-0.14825628816463352,0.016482813752088266
strong_stable,260903,quadratic_narrative_position,74,0.5,0.5169307539919146,0.8617907026765983,-0.14874284211967656,0.01693075399191457
strong_stable,260903,quadratic_narrative_position,75,0.75,0.5173907457925911,0.09629424915015292,-2.3403466800282,0.23260925420740886
strong_stable,260903,quadratic_narrative_position,76,0.25,0.5178627891541183,0.0418355648724232,-3.174008466937224,0.2678627891541183
strong_stable,260903,quadratic_narrative_position,77,0.5,0.5183468840764958,0.8603916030951453,-0.1503676409398277,0.018346884076495762
strong_stable,260903,quadratic_narrative_position,78,0.25,0.5188430305597238,0.04078576574906495,-3.1994221371437415,0.2688430305597238
strong_stable,260903,quadratic_narrative_position,79,0.5,0.5193512286038022,0.8593320812662979,-0.15159984117355108,0.01935122860380223
strong_stable,260904,rcwe,60,0.25,0.5153332198864117,0.04822430085628566,-3.0318922178322794,0.2653332198864117
strong_stable,260904,rcwe,61,0.5,0.5164378031332755,0.8538424024689452,-0.15800864265773873,0.016437803133275475
strong_stable,260904,rcwe,62,0.5,0.5151027091690221,0.8550030985322499,-0.15665018603761624,0.015102709169022122
strong_stable,260904,rcwe,63,0.5,0.5129552482219584,0.8566655318380533,-0.15470771446452028,0.012955248221958371
strong_stable,260904,rcwe,64,0.5,0.5121968407162253,0.8571922377262434,-0.15409307080607249,0.012196840716225288
strong_stable,260904,rcwe,65,0.5,0.5133823694068633,0.856355008971808,-0.15507025870990288,0.013382369406863326
strong_stable,260904,rcwe,66,0.25,0.5150966387425552,0.04850573713924025,-3.026073196503864,0.2650966387425552
strong_stable,260904,rcwe,67,0.5,0.5155971829204267,0.854584565282401,-0.15713981668606916,0.015597182920426667
strong_stable,260904,rcwe,68,0.5,0.5145583456311028,0.8554484014965474,-0.15612950132442713,0.01455834563110281
strong_stable,260904,rcwe,69,0.5,0.5131982742694297,0.8564900754196348,-0.1549125486527149,0.013198274269429655
strong_stable,260904,rcwe,70,0.5,0.5128856612121909,0.8567151746038145,-0.1546497673129169,0.012885661212190924
strong_stable,260904,rcwe,71,0.5,0.5137859376635306,0.8560524196780827,-0.1554236667736758,0.013785937663530645
strong_stable,260904,rcwe,72,0.5,0.5148594577957806,0.855204087266665,-0.15641513997184192,0.014859457795780573
strong_stable,260904,rcwe,73,0.75,0.5150362474089165,0.09635191557293375,-2.33974800291894,0.23496375259108349
strong_stable,260904,rcwe,74,0.5,0.5142637608104413,0.8556826184275679,-0.15585574445863956,0.01426376081044134
strong_stable,260904,rcwe,75,0.5,0.5134217254210981,0.8563258932683787,-0.1551042588594859,0.013421725421098096
strong_stable,260904,rcwe,76,0.5,0.5133403526035847,0.8563859994125743,-0.15503407058733448,0.013340352603584682
strong_stable,260904,rcwe,77,0.5,0.5139976755866592,0.8558900923864838,-0.15561330782872446,0.013997675586659208
strong_stable,260904,rcwe,78,0.5,0.5146541953442922,0.855371169810979,-0.1562197875087988,0.014654195344292242
strong_stable,260904,rcwe,79,0.5,0.5146698541748044,0.8553585048136029,-0.15623459405312226,0.014669854174804375
strong_stable,260904,persistence,60,0.25,0.5,0.1919802865886083,-1.6503625862433584,0.25
strong_stable,260904,persistence,61,0.5,0.5,0.6053850162406775,-0.5018906328813884,0.0
strong_stable,260904,persistence,62,0.5,0.5,0.6053850162406775,-0.5018906328813884,0.0
strong_stable,260904,persistence,63,0.5,0.5,0.6053850162406775,-0.5018906328813884,0.0
strong_stable,260904,persistence,64,0.5,0.5,0.6053850162406775,-0.5018906328813884,0.0
strong_stable,260904,persistence,65,0.5,0.5,0.6053850162406775,-0.5018906328813884,0.0
strong_stable,260904,persistence,66,0.25,0.5,0.1919802865886083,-1.6503625862433584,0.25
strong_stable,260904,persistence,67,0.5,0.5,0.6053850162406775,-0.5018906328813884,0.0
strong_stable,260904,persistence,68,0.5,0.5,0.6053850162406775,-0.5018906328813884,0.0
strong_stable,260904,persistence,69,0.5,0.5,0.6053850162406775,-0.5018906328813884,0.0
strong_stable,260904,persistence,70,0.5,0.5,0.6053850162406775,-0.5018906328813884,0.0
strong_stable,260904,persistence,71,0.5,0.5,0.6053850162406775,-0.5018906328813884,0.0
strong_stable,260904,persistence,72,0.5,0.5,0.6053850162406775,-0.5018906328813884,0.0
strong_stable,260904,persistence,73,0.75,0.5,0.1919802865886083,-1.6503625862433584,0.25
strong_stable,260904,persistence,74,0.5,0.5,0.6053850162406775,-0.5018906328813884,0.0
strong_stable,260904,persistence,75,0.5,0.5,0.6053850162406775,-0.5018906328813884,0.0
strong_stable,260904,persistence,76,0.5,0.5,0.6053850162406775,-0.5018906328813884,0.0
strong_stable,260904,persistence,77,0.5,0.5,0.6053850162406775,-0.5018906328813884,0.0
strong_stable,260904,persistence,78,0.5,0.5,0.6053850162406775,-0.5018906328813884,0.0
strong_stable,260904,persistence,79,0.5,0.5,0.6053850162406775,-0.5018906328813884,0.0
strong_stable,260904,ar1,60,0.25,0.5192239653721546,0.06695569319742226,-2.7037241739043876,0.26922396537215465
strong_stable,260904,ar1,61,0.5,0.5188021577229128,0.7975578497109711,-0.2262009081314163,0.018802157722912827
strong_stable,260904,ar1,62,0.5,0.5188114129254433,0.7975495404390968,-0.2262113265796358,0.018811412925443305
strong_stable,260904,ar1,63,0.5,0.5188112098500035,0.7975497228022921,-0.22621109792528232,0.018811209850003507
strong_stable,260904,ar1,64,0.5,0.5188112143058362,0.7975497188009434,-0.2262111029423347,0.01881121430583621
strong_stable,260904,ar1,65,0.5,0.5188112142080674,0.7975497188887399,-0.22621110283225188,0.018811214208067417
strong_stable,260904,ar1,66,0.25,0.5188112142102126,0.06751369279355376,-2.6954248454753933,0.2688112142102126
strong_stable,260904,ar1,67,0.5,0.5188112142101655,0.7975497188868559,-0.2262111028346141,0.018811214210165517
strong_stable,260904,ar1,68,0.5,0.5188112142101666,0.797549718886855,-0.2262111028346153,0.018811214210166627
strong_stable,260904,ar1,69,0.5,0.5188112142101666,0.797549718886855,-0.2262111028346153,0.018811214210166627
strong_stable,260904,ar1,70,0.5,0.5188112142101666,0.797549718886855,-0.2262111028346153,0.018811214210166627
strong_stable,260904,ar1,71,0.5,0.5188112142101666,0.797549718886855,-0.2262111028346153,0.018811214210166627
strong_stable,260904,ar1,72,0.5,0.5188112142101666,0.797549718886855,-0.2262111028346153,0.018811214210166627
strong_stable,260904,ar1,73,0.75,0.5188112142101666,0.13480798429120808,-2.0039038516110517,0.23118878578983337
strong_stable,260904,ar1,74,0.5,0.5188112142101666,0.797549718886855,-0.2262111028346153,0.018811214210166627
strong_stable,260904,ar1,75,0.5,0.5188112142101666,0.797549718886855,-0.2262111028346153,0.018811214210166627
strong_stable,260904,ar1,76,0.5,0.5188112142101666,0.797549718886855,-0.2262111028346153,0.018811214210166627
strong_stable,260904,ar1,77,0.5,0.5188112142101666,0.797549718886855,-0.2262111028346153,0.018811214210166627
strong_stable,260904,ar1,78,0.5,0.5188112142101666,0.797549718886855,-0.2262111028346153,0.018811214210166627
strong_stable,260904,ar1,79,0.5,0.5188112142101666,0.797549718886855,-0.2262111028346153,0.018811214210166627
strong_stable,260904,quadratic_narrative_position,60,0.25,0.5174211153422843,0.07719528876152418,-2.5614168502187207,0.2674211153422843
strong_stable,260904,quadratic_narrative_position,61,0.5,0.5176142123050632,0.7815428908820158,-0.24648524786011478,0.017614212305063215
strong_stable,260904,quadratic_narrative_position,62,0.5,0.5178106733381806,0.7813852380311338,-0.24668698823256086,0.01781067333818065
strong_stable,260904,quadratic_narrative_position,63,0.5,0.5180104984416363,0.7812231193464474,-0.2468944857600156,0.01801049844163627
strong_stable,260904,quadratic_narrative_position,64,0.5,0.5182136876154304,0.7810564458189542,-0.24710785797820495,0.018213687615430407
strong_stable,260904,quadratic_narrative_position,65,0.5,0.518420240859563,0.7808851270327082,-0.24732722442559413,0.018420240859562953
strong_stable,260904,quadratic_narrative_position,66,0.25,0.5186301581740338,0.07546261582375925,-2.5841179000089003,0.2686301581740338
strong_stable,260904,quadratic_narrative_position,67,0.5,0.518843439558843,0.7805281850209317,-0.247784428184828,0.018843439558843045
strong_stable,260904,quadratic_narrative_position,68,0.5,0.5190600850139906,0.7803423739827244,-0.24802251460142818,0.01906008501399059
strong_stable,260904,quadratic_narrative_position,69,0.5,0.5192800945394767,0.7801515420732076,-0.24826709346008913,0.019280094539476655
strong_stable,260904,quadratic_narrative_position,70,0.5,0.5195034681353011,0.7799555919340518,-0.24851829433715042,0.019503468135301127
strong_stable,260904,quadratic_narrative_position,71,0.5,0.5197302058014638,0.7797544248384162,-0.24877624882175065,0.019730205801463785
strong_stable,260904,quadratic_narrative_position,72,0.5,0.5199603075379651,0.7795479406981265,-0.2490410905177043,0.019960307537965072
strong_stable,260904,quadratic_narrative_position,73,0.75,0.5201937733448045,0.14716454224189648,-1.916203983212827,0.22980622665519546
strong_stable,260904,quadratic_narrative_position,74,0.5,0.5204306032219824,0.7791186141689525,-0.2495919800439997,0.020430603221982424
strong_stable,260904,quadratic_narrative_position,75,0.5,0.5206707971694988,0.7788955648649943,-0.24987830517310766,0.020670797169498822
strong_stable,260904,quadratic_narrative_position,76,0.5,0.5209143551873534,0.7786667847022898,-0.2501720721152958,0.020914355187353406
strong_stable,260904,quadratic_narrative_position,77,0.5,0.5211612772755465,0.7784321669021153,-0.25047342457810273,0.02116127727554651
strong_stable,260904,quadratic_narrative_position,78,0.5,0.5214115634340779,0.7781916033726253,-0.2507825082963382,0.021411563434077907
strong_stable,260904,quadratic_narrative_position,79,0.5,0.5216652136629478,0.7779449847177968,-0.2510994710344175,0.021665213662947824
strong_stable,260905,rcwe,60,0.5,0.4986985380738554,0.8845280436384946,-0.12270106024500689,0.0013014619261446092
strong_stable,260905,rcwe,61,0.5,0.4988398753835385,0.884538081243021,-0.12268971233168081,0.0011601246164614776
strong_stable,260905,rcwe,62,0.5,0.4986876330543009,0.884527221281059,-0.12270198995868165,0.0013123669456990839
strong_stable,260905,rcwe,63,0.5,0.4984429805931437,0.8845069680902887,-0.12272488741413248,0.0015570194068563192
strong_stable,260905,rcwe,64,0.5,0.4983523462900395,0.8844985883955092,-0.12273436131855171,0.001647653709960506
strong_stable,260905,rcwe,65,0.5,0.4984688858622939,0.8845092760974644,-0.1227222780461481,0.0015311141377061244
strong_stable,260905,rcwe,66,0.5,0.49864216312280674,0.8845237184008287,-0.12270595013885706,0.0013578368771932636
strong_stable,260905,rcwe,67,0.5,0.49869940911677296,0.8845281090287112,-0.12270098631833529,0.0013005908832270374
strong_stable,260905,rcwe,68,0.5,0.4986108475151862,0.8845212365608613,-0.12270875599176694,0.0013891524848138048
strong_stable,260905,rcwe,69,0.5,0.498488443005185,0.8845109928741778,-0.12272033711110801,0.0015115569948149776
strong_stable,260905,rcwe,70,0.5,0.4984529780649545,0.8845078633942611,-0.12272387520783953,0.0015470219350455228
strong_stable,260905,rcwe,71,0.5,0.49851984922598475,0.88451370361939,-0.12271727243347233,0.0014801507740152542
strong_stable,260905,rcwe,72,0.25,0.49860608620513325,0.05976684284743675,-2.817304239233631,0.24860608620513325
strong_stable,260905,rcwe,73,0.5,0.49862750202713046,0.8845225635166497,-0.12270725579625077,0.0013724979728695352
strong_stable,260905,rcwe,74,0.5,0.4985772952349139,0.8845185146699001,-0.1227118332442248,0.0014227047650861024
strong_stable,260905,rcwe,75,0.5,0.4985167041964245,0.884513434728593,-0.1227175764319709,0.0014832958035754795
strong_stable,260905,rcwe,76,0.5,0.4985042269299802,0.884512362335624,-0.12271878884274605,0.0014957730700198013
strong_stable,260905,rcwe,77,0.75,0.4985417297765305,0.055618948918748634,-2.8892313278962556,0.2514582702234695
strong_stable,260905,rcwe,78,0.5,0.49858418268558513,0.8845190787047879,-0.12271119556994373,0.001415817314414869
strong_stable,260905,rcwe,79,0.5,0.4985910703803981,0.8845196400225019,-0.12271056096798942,0.001408929619601873
strong_stable,260905,persistence,60,0.5,0.5,0.57796349194138,-0.5482445750357854,0.0
strong_stable,260905,persistence,61,0.5,0.5,0.57796349194138,-0.5482445750357854,0.0
strong_stable,260905,persistence,62,0.5,0.5,0.57796349194138,-0.5482445750357854,0.0
strong_stable,260905,persistence,63,0.5,0.5,0.57796349194138,-0.5482445750357854,0.0
strong_stable,260905,persistence,64,0.5,0.5,0.57796349194138,-0.5482445750357854,0.0
strong_stable,260905,persistence,65,0.5,0.5,0.57796349194138,-0.5482445750357854,0.0
strong_stable,260905,persistence,66,0.5,0.5,0.57796349194138,-0.5482445750357854,0.0
strong_stable,260905,persistence,67,0.5,0.5,0.57796349194138,-0.5482445750357854,0.0
strong_stable,260905,persistence,68,0.5,0.5,0.57796349194138,-0.5482445750357854,0.0
strong_stable,260905,persistence,69,0.5,0.5,0.57796349194138,-0.5482445750357854,0.0
strong_stable,260905,persistence,70,0.5,0.5,0.57796349194138,-0.5482445750357854,0.0
strong_stable,260905,persistence,71,0.5,0.5,0.57796349194138,-0.5482445750357854,0.0
strong_stable,260905,persistence,72,0.25,0.5,0.2030130760238456,-1.594484888104267,0.25
strong_stable,260905,persistence,73,0.5,0.5,0.57796349194138,-0.5482445750357854,0.0
strong_stable,260905,persistence,74,0.5,0.5,0.57796349194138,-0.5482445750357854,0.0
strong_stable,260905,persistence,75,0.5,0.5,0.57796349194138,-0.5482445750357854,0.0
strong_stable,260905,persistence,76,0.5,0.5,0.57796349194138,-0.5482445750357854,0.0
strong_stable,260905,persistence,77,0.75,0.5,0.2030130760238456,-1.594484888104267,0.25
strong_stable,260905,persistence,78,0.5,0.5,0.57796349194138,-0.5482445750357854,0.0
strong_stable,260905,persistence,79,0.5,0.5,0.57796349194138,-0.5482445750357854,0.0
strong_stable,260905,ar1,60,0.5,0.5102203192477944,0.7994649775776816,-0.22381255307388986,0.01022031924779443
strong_stable,260905,ar1,61,0.5,0.5093462632035703,0.799870735219082,-0.22330514534596954,0.009346263203570349
strong_stable,260905,ar1,62,0.5,0.5094210137030334,0.7998374455987349,-0.22334676496228587,0.009421013703033387
strong_stable,260905,ar1,63,0.5,0.5094146209354221,0.7998403029000258,-0.2233431926161761,0.009414620935422113
strong_stable,260905,ar1,64,0.5,0.5094151676538792,0.7998400586151326,-0.223343498033307,0.009415167653879175
strong_stable,260905,ar1,65,0.5,0.5094151208977495,0.7998400795072719,-0.2233434719129111,0.00941512089774954
strong_stable,260905,ar1,66,0.5,0.5094151248963993,0.7998400777205509,-0.22334347414675887,0.009415124896399285
strong_stable,260905,ar1,67,0.5,0.5094151245544292,0.7998400778733538,-0.2233434739557171,0.009415124554429166
strong_stable,260905,ar1,68,0.5,0.5094151245836749,0.7998400778602859,-0.22334347397205523,0.009415124583674883
strong_stable,260905,ar1,69,0.5,0.5094151245811738,0.7998400778614034,-0.223343473970658,0.009415124581173773
strong_stable,260905,ar1,70,0.5,0.5094151245813877,0.7998400778613077,-0.2233434739707776,0.009415124581387713
strong_stable,260905,ar1,71,0.5,0.5094151245813694,0.7998400778613161,-0.22334347397076723,0.009415124581369394
strong_stable,260905,ar1,72,0.25,0.509415124581371,0.0831320304120692,-2.487325207196705,0.25941512458137095
strong_stable,260905,ar1,73,0.5,0.5094151245813708,0.7998400778613154,-0.22334347397076806,0.009415124581370837
strong_stable,260905,ar1,74,0.5,0.5094151245813708,0.7998400778613154,-0.22334347397076806,0.009415124581370837
strong_stable,260905,ar1,75,0.5,0.5094151245813708,0.7998400778613154,-0.22334347397076806,0.009415124581370837
strong_stable,260905,ar1,76,0.5,0.5094151245813708,0.7998400778613154,-0.22334347397076806,0.009415124581370837
strong_stable,260905,ar1,77,0.75,0.5094151245813708,0.11690667249630601,-2.1463793334648957,0.24058487541862916
strong_stable,260905,ar1,78,0.5,0.5094151245813708,0.7998400778613154,-0.22334347397076806,0.009415124581370837
strong_stable,260905,ar1,79,0.5,0.5094151245813708,0.7998400778613154,-0.22334347397076806,0.009415124581370837
strong_stable,260905,quadratic_narrative_position,60,0.5,0.4767162907016017,0.7819414960212864,-0.24597535450749064,0.023283709298398292
strong_stable,260905,quadratic_narrative_position,61,0.5,0.47659274562590165,0.7818091508063743,-0.2461446208997976,0.023407254374098352
strong_stable,260905,quadratic_narrative_position,62,0.5,0.4765046313572052,0.7817143435390811,-0.24626589476328892,0.02349536864279478
strong_stable,260905,quadratic_narrative_position,63,0.5,0.4764519478955123,0.7816574926940195,-0.24633862326430078,0.023548052104487682
strong_stable,260905,quadratic_narrative_position,64,0.5,0.476434695240823,0.7816388483753893,-0.2463624758354881,0.023565304759177008
strong_stable,260905,quadratic_narrative_position,65,0.5,0.47645287339313724,0.7816584924701596,-0.24633734421879802,0.023547126606862756
strong_stable,260905,quadratic_narrative_position,66,0.5,0.4765064823524551,0.781716338698404,-0.24626334247958936,0.023493517647544926
strong_stable,260905,quadratic_narrative_position,67,0.5,0.47659552211877654,0.7818121325602666,-0.24614080699175728,0.023404477881223462
strong_stable,260905,quadratic_narrative_position,68,0.5,0.4767199926921016,0.7819454511801116,-0.24597029639400964,0.02328000730789842
strong_stable,260905,quadratic_narrative_position,69,0.5,0.47687989407243014,0.7821157030494653,-0.24575259151774467,0.023120105927569856
strong_stable,260905,quadratic_narrative_position,70,0.5,0.47707522625976223,0.7823221276714375,-0.24548869528726938,0.02292477374023777
strong_stable,260905,quadratic_narrative_position,71,0.5,0.477305989254098,0.7825637951103762,-0.24517983259339288,0.022694010745901994
strong_stable,260905,quadratic_narrative_position,72,0.25,0.4775721830554373,0.1492723850014131,-1.9019825546967408,0.2275721830554373
strong_stable,260905,quadratic_narrative_position,73,0.5,0.47787380766378024,0.7831482881770128,-0.2444332162773703,0.022126192336219763
strong_stable,260905,quadratic_narrative_position,74,0.5,0.4782108630791267,0.7834884014639069,-0.24399902078777608,0.02178913692087331
strong_stable,260905,quadratic_narrative_position,75,0.5,0.4785833493014767,0.7838583314145131,-0.2435269746862781,0.021416650698523276
strong_stable,260905,quadratic_narrative_position,76,0.5,0.47899126633083033,0.7842562912259986,-0.24301940997859248,0.021008733669169666
strong_stable,260905,quadratic_narrative_position,77,0.75,0.4794346141671876,0.07018242811645473,-2.656657311014996,0.2705653858328124
strong_stable,260905,quadratic_narrative_position,78,0.5,0.47991339281054834,0.785128283379359,-0.24190815623339246,0.020086607189451655
strong_stable,260905,quadratic_narrative_position,79,0.5,0.4804276022609127,0.7855978694960233,-0.2413102338905388,0.01957239773908731
strong_stable,260906,rcwe,60,0.5,0.5064782317952853,0.883130899527662,-0.12428184527955821,0.006478231795285283
strong_stable,260906,rcwe,61,0.5,0.5064782317952511,0.8831308995276748,-0.1242818452795438,0.006478231795251088
strong_stable,260906,rcwe,62,0.5,0.5064782317952174,0.8831308995276872,-0.12428184527952967,0.006478231795217448
strong_stable,260906,rcwe,63,0.5,0.506478231795211,0.8831308995276896,-0.12428184527952693,0.006478231795211009
strong_stable,260906,rcwe,64,0.5,0.5064782317952194,0.8831308995276865,-0.12428184527953051,0.006478231795219447
strong_stable,260906,rcwe,65,0.5,0.5064782317952269,0.8831308995276839,-0.12428184527953354,0.006478231795226885
strong_stable,260906,rcwe,66,0.5,0.5064782317952282,0.8831308995276833,-0.12428184527953416,0.006478231795228218
strong_stable,260906,rcwe,67,0.5,0.506478231795226,0.8831308995276841,-0.12428184527953329,0.006478231795225997
strong_stable,260906,rcwe,68,0.5,0.5064782317952241,0.8831308995276849,-0.12428184527953237,0.00647823179522411
strong_stable,260906,rcwe,69,0.5,0.5064782317952237,0.883130899527685,-0.12428184527953222,0.006478231795223666
strong_stable,260906,rcwe,70,0.5,0.5064782317952237,0.883130899527685,-0.12428184527953222,0.006478231795223666
strong_stable,260906,rcwe,71,0.75,0.5064782317952237,0.06788416325856013,-2.6899525078722464,0.24352176820477633
strong_stable,260906,rcwe,72,0.5,0.5064782317952238,0.8831308995276849,-0.12428184527953232,0.006478231795223777
strong_stable,260906,rcwe,73,0.5,0.5064782317952239,0.8831308995276849,-0.12428184527953234,0.006478231795223888
strong_stable,260906,rcwe,74,0.5,0.506478231795224,0.8831308995276848,-0.12428184527953243,0.006478231795223999
strong_stable,260906,rcwe,75,0.5,0.506478231795224,0.8831308995276848,-0.12428184527953243,0.006478231795223999
strong_stable,260906,rcwe,76,0.75,0.5064782317952241,0.06788416325856085,-2.6899525078722357,0.2435217682047759
strong_stable,260906,rcwe,77,0.5,0.5064782317952242,0.8831308995276848,-0.12428184527953245,0.006478231795224221
strong_stable,260906,rcwe,78,0.5,0.5064782317952243,0.8831308995276848,-0.12428184527953254,0.006478231795224332
strong_stable,260906,rcwe,79,0.5,0.5064782317952243,0.8831308995276848,-0.12428184527953254,0.006478231795224332
strong_stable,260906,persistence,60,0.5,0.5,0.6757022279985689,-0.39200279111026576,0.0
strong_stable,260906,persistence,61,0.5,0.5,0.6757022279985689,-0.39200279111026576,0.0
strong_stable,260906,persistence,62,0.5,0.5,0.6757022279985689,-0.39200279111026576,0.0
strong_stable,260906,persistence,63,0.5,0.5,0.6757022279985689,-0.39200279111026576,0.0
strong_stable,260906,persistence,64,0.5,0.5,0.6757022279985689,-0.39200279111026576,0.0
strong_stable,260906,persistence,65,0.5,0.5,0.6757022279985689,-0.39200279111026576,0.0
strong_stable,260906,persistence,66,0.5,0.5,0.6757022279985689,-0.39200279111026576,0.0
strong_stable,260906,persistence,67,0.5,0.5,0.6757022279985689,-0.39200279111026576,0.0
strong_stable,260906,persistence,68,0.5,0.5,0.6757022279985689,-0.39200279111026576,0.0
strong_stable,260906,persistence,69,0.5,0.5,0.6757022279985689,-0.39200279111026576,0.0
strong_stable,260906,persistence,70,0.5,0.5,0.6757022279985689,-0.39200279111026576,0.0
strong_stable,260906,persistence,71,0.75,0.5,0.16059561277142917,-1.8288657955796657,0.25
strong_stable,260906,persistence,72,0.5,0.5,0.6757022279985689,-0.39200279111026576,0.0
strong_stable,260906,persistence,73,0.5,0.5,0.6757022279985689,-0.39200279111026576,0.0
strong_stable,260906,persistence,74,0.5,0.5,0.6757022279985689,-0.39200279111026576,0.0
strong_stable,260906,persistence,75,0.5,0.5,0.6757022279985689,-0.39200279111026576,0.0
strong_stable,260906,persistence,76,0.75,0.5,0.16059561277142917,-1.8288657955796657,0.25
strong_stable,260906,persistence,77,0.5,0.5,0.6757022279985689,-0.39200279111026576,0.0
strong_stable,260906,persistence,78,0.5,0.5,0.6757022279985689,-0.39200279111026576,0.0
strong_stable,260906,persistence,79,0.5,0.5,0.6757022279985689,-0.39200279111026576,0.0
strong_stable,260906,ar1,60,0.5,0.515755732648891,0.8474990489351286,-0.16546556192859954,0.015755732648890963
strong_stable,260906,ar1,61,0.5,0.5155839049610261,0.84764524939124,-0.1652930687000075,0.01558390496102613
strong_stable,260906,ar1,62,0.5,0.515585778866542,0.8476436635305697,-0.16529493960314168,0.015585778866542
strong_stable,260906,ar1,63,0.5,0.5155857584302438,0.8476436808265483,-0.16529491919836653,0.01558575843024379
strong_stable,260906,ar1,64,0.5,0.5155857586531164,0.8476436806379234,-0.16529491942089503,0.0155857586531164
strong_stable,260906,ar1,65,0.5,0.5155857586506858,0.8476436806399804,-0.1652949194184683,0.015585758650685788
strong_stable,260906,ar1,66,0.5,0.5155857586507123,0.847643680639958,-0.16529491941849472,0.015585758650712322
strong_stable,260906,ar1,67,0.5,0.515585758650712,0.8476436806399582,-0.16529491941849447,0.01558575865071199
strong_stable,260906,ar1,68,0.5,0.515585758650712,0.8476436806399582,-0.16529491941849447,0.01558575865071199
strong_stable,260906,ar1,69,0.5,0.515585758650712,0.8476436806399582,-0.16529491941849447,0.01558575865071199
strong_stable,260906,ar1,70,0.5,0.515585758650712,0.8476436806399582,-0.16529491941849447,0.01558575865071199
strong_stable,260906,ar1,71,0.75,0.515585758650712,0.10143378493795516,-2.288349058526324,0.234414241349288
strong_stable,260906,ar1,72,0.5,0.515585758650712,0.8476436806399582,-0.16529491941849447,0.01558575865071199
strong_stable,260906,ar1,73,0.5,0.515585758650712,0.8476436806399582,-0.16529491941849447,0.01558575865071199
strong_stable,260906,ar1,74,0.5,0.515585758650712,0.8476436806399582,-0.16529491941849447,0.01558575865071199
strong_stable,260906,ar1,75,0.5,0.515585758650712,0.8476436806399582,-0.16529491941849447,0.01558575865071199
strong_stable,260906,ar1,76,0.75,0.515585758650712,0.10143378493795516,-2.288349058526324,0.234414241349288
strong_stable,260906,ar1,77,0.5,0.515585758650712,0.8476436806399582,-0.16529491941849447,0.01558575865071199
strong_stable,260906,ar1,78,0.5,0.515585758650712,0.8476436806399582,-0.16529491941849447,0.01558575865071199
strong_stable,260906,ar1,79,0.5,0.515585758650712,0.8476436806399582,-0.16529491941849447,0.01558575865071199
strong_stable,260906,quadratic_narrative_position,60,0.5,0.5651521182963996,0.7391450050303319,-0.30226115937913,0.06515211829639955
strong_stable,260906,quadratic_narrative_position,61,0.5,0.5703426664685537,0.7220688127595156,-0.3256348360996952,0.0703426664685537
strong_stable,260906,quadratic_narrative_position,62,0.5,0.5756955278111445,0.7034275724947222,-0.35179036082691395,0.07569552781114453
strong_stable,260906,quadratic_narrative_position,63,0.5,0.5812107023241718,0.6832086350299026,-0.38095499749235895,0.08121070232417182
strong_stable,260906,quadratic_narrative_position,64,0.5,0.5868881900076356,0.6614174873505374,-0.41337003888294843,0.08688819000763559
strong_stable,260906,quadratic_narrative_position,65,0.5,0.5927279908615359,0.6380801058527628,-0.44929144575611224,0.09272799086153594
strong_stable,260906,quadratic_narrative_position,66,0.5,0.5987301048858727,0.6132451904361876,-0.48899043862001207,0.09873010488587275
strong_stable,260906,quadratic_narrative_position,67,0.5,0.604894532080646,0.58698616371468,-0.5327540306163768,0.10489453208064603
strong_stable,260906,quadratic_narrative_position,68,0.5,0.611221272445856,0.559402800887533,-0.5808854912773432,0.111221272445856
strong_stable,260906,quadratic_narrative_position,69,0.5,0.6177103259815023,0.5306223411614751,-0.6337047326966172,0.11771032598150233
strong_stable,260906,quadratic_narrative_position,70,0.5,0.6243616926875852,0.5007999235849709,-0.6915486117821805,0.12436169268758523
strong_stable,260906,quadratic_narrative_position,71,0.75,0.6311753725641046,0.5256436249294832,-0.643131815009713,0.11882462743589539
strong_stable,260906,quadratic_narrative_position,72,0.5,0.6381513656110606,0.43878592304888736,-0.8237436316588096,0.13815136561106056
strong_stable,260906,quadratic_narrative_position,73,0.5,0.6452896718284531,0.4070355730111556,-0.8988546943831472,0.1452896718284531
strong_stable,260906,quadratic_narrative_position,74,0.5,0.652590291216282,0.3751196535834633,-0.9805102276831497,0.15259029121628198
strong_stable,260906,quadratic_narrative_position,75,0.5,0.6600532237745474,0.34330594107771134,-1.0691332728782215,0.16005322377454745
strong_stable,260906,quadratic_narrative_position,76,0.75,0.6676784695032494,0.6790199192267481,-0.387104815731869,0.08232153049675062
strong_stable,260906,quadratic_narrative_position,77,0.5,0.675466028402388,0.28109613705723174,-1.2690585434008896,0.175466028402388
strong_stable,260906,quadratic_narrative_position,78,0.5,0.683415900471963,0.25125410163539674,-1.3812904948250997,0.183415900471963
strong_stable,260906,quadratic_narrative_position,79,0.5,0.6915280857119745,0.22260670022262938,-1.5023487407615659,0.19152808571197455
strong_stable,260907,rcwe,60,0.5,0.483144845355413,0.8697999361889439,-0.13949205218150817,0.016855154644586978
strong_stable,260907,rcwe,61,0.25,0.45514773343874804,0.16075578310380012,-1.8278689407491557,0.20514773343874804
strong_stable,260907,rcwe,62,0.25,0.4560851090803415,0.15794335064936005,-1.845518850439997,0.2060851090803415
strong_stable,260907,rcwe,63,0.5,0.4832497540290194,0.8699001665625108,-0.13937682499549006,0.016750245970980626
strong_stable,260907,rcwe,64,0.5,0.5063977319434413,0.8767262997259448,-0.13156042229078413,0.006397731943441287
strong_stable,260907,rcwe,65,0.5,0.5007316344398131,0.8778795026982722,-0.13024593542794194,0.0007316344398130559
strong_stable,260907,rcwe,66,0.5,0.4735214836900147,0.8579843375471214,-0.15316943426787666,0.026478516309985323
strong_stable,260907,rcwe,67,0.5,0.4553062164094054,0.8217813507396413,-0.19628091597644834,0.044693783590594616
strong_stable,260907,rcwe,68,0.5,0.46522782732618845,0.8437011441248162,-0.1699569417313329,0.03477217267381155
strong_stable,260907,rcwe,69,0.5,0.4911730169011221,0.8756711110866808,-0.1327647025074528,0.008826983098877916
strong_stable,260907,rcwe,70,0.5,0.5046267747737445,0.8772835719304993,-0.1309249957378208,0.004626774773744513
strong_stable,260907,rcwe,71,0.5,0.4915505768166079,0.8758571673635982,-0.13255225229479428,0.00844942318339209
strong_stable,260907,rcwe,72,0.5,0.46719065729537784,0.8474190117780205,-0.16556000561767562,0.03280934270462216
strong_stable,260907,rcwe,73,0.5,0.4585123644928347,0.8294281837228722,-0.18701875089010025,0.04148763550716528
strong_stable,260907,rcwe,74,0.5,0.47397663055489814,0.858659227327306,-0.15238314429042885,0.026023369445101863
strong_stable,260907,rcwe,75,0.5,0.4958536321971583,0.8774038939181686,-0.13078785224053172,0.004146367802841722
strong_stable,260907,rcwe,76,0.5,0.500349504939178,0.8778913004972064,-0.13023249654524394,0.0003495049391779581
strong_stable,260907,rcwe,77,0.75,0.4832867573071533,0.03982557723924826,-3.2232459288968864,0.2667132426928467
strong_stable,260907,rcwe,78,0.5,0.4640779821654249,0.841427067782711,-0.1726559384088685,0.035922017834575104
strong_stable,260907,rcwe,79,0.5,0.4636119450882966,0.8404852482554279,-0.17377587744105583,0.03638805491170338
strong_stable,260907,persistence,60,0.5,0.5,0.5272693312868704,-0.6400437959295702,0.0
strong_stable,260907,persistence,61,0.25,0.5,0.22075032598746822,-1.5107229627722352,0.25
strong_stable,260907,persistence,62,0.25,0.5,0.22075032598746822,-1.5107229627722352,0.25
strong_stable,260907,persistence,63,0.5,0.5,0.5272693312868704,-0.6400437959295702,0.0
strong_stable,260907,persistence,64,0.5,0.5,0.5272693312868704,-0.6400437959295702,0.0
strong_stable,260907,persistence,65,0.5,0.5,0.5272693312868704,-0.6400437959295702,0.0
strong_stable,260907,persistence,66,0.5,0.5,0.5272693312868704,-0.6400437959295702,0.0
strong_stable,260907,persistence,67,0.5,0.5,0.5272693312868704,-0.6400437959295702,0.0
strong_stable,260907,persistence,68,0.5,0.5,0.5272693312868704,-0.6400437959295702,0.0
strong_stable,260907,persistence,69,0.5,0.5,0.5272693312868704,-0.6400437959295702,0.0
strong_stable,260907,persistence,70,0.5,0.5,0.5272693312868704,-0.6400437959295702,0.0
strong_stable,260907,persistence,71,0.5,0.5,0.5272693312868704,-0.6400437959295702,0.0
strong_stable,260907,persistence,72,0.5,0.5,0.5272693312868704,-0.6400437959295702,0.0
strong_stable,260907,persistence,73,0.5,0.5,0.5272693312868704,-0.6400437959295702,0.0
strong_stable,260907,persistence,74,0.5,0.5,0.5272693312868704,-0.6400437959295702,0.0
strong_stable,260907,persistence,75,0.5,0.5,0.5272693312868704,-0.6400437959295702,0.0
strong_stable,260907,persistence,76,0.5,0.5,0.5272693312868704,-0.6400437959295702,0.0
strong_stable,260907,persistence,77,0.75,0.5,0.22075032598746822,-1.5107229627722352,0.25
strong_stable,260907,persistence,78,0.5,0.5,0.5272693312868704,-0.6400437959295702,0.0
strong_stable,260907,persistence,79,0.5,0.5,0.5272693312868704,-0.6400437959295702,0.0
strong_stable,260907,ar1,60,0.5,0.4920595723143344,0.7150825824510715,-0.33535724302616443,0.007940427685665608
strong_stable,260907,ar1,61,0.25,0.49210816505645943,0.1568309939093671,-1.852586525360718,0.24210816505645943
strong_stable,260907,ar1,62,0.25,0.4921078676852496,0.15683160115783745,-1.852582653375471,0.2421078676852496
strong_stable,260907,ar1,63,0.5,0.49210786950506125,0.7150960985276613,-0.3353383417842847,0.007892130494938754
strong_stable,260907,ar1,64,0.5,0.4921078694939246,0.7150960985245541,-0.33533834178862976,0.007892130506075401
strong_stable,260907,ar1,65,0.5,0.49210786949399277,0.7150960985245732,-0.335338341788603,0.007892130506007233
strong_stable,260907,ar1,66,0.5,0.4921078694939923,0.7150960985245731,-0.3353383417886033,0.007892130506007677
strong_stable,260907,ar1,67,0.5,0.4921078694939923,0.7150960985245731,-0.3353383417886033,0.007892130506007677
strong_stable,260907,ar1,68,0.5,0.4921078694939923,0.7150960985245731,-0.3353383417886033,0.007892130506007677
strong_stable,260907,ar1,69,0.5,0.4921078694939923,0.7150960985245731,-0.3353383417886033,0.007892130506007677
strong_stable,260907,ar1,70,0.5,0.4921078694939923,0.7150960985245731,-0.3353383417886033,0.007892130506007677
strong_stable,260907,ar1,71,0.5,0.4921078694939923,0.7150960985245731,-0.3353383417886033,0.007892130506007677
strong_stable,260907,ar1,72,0.5,0.4921078694939923,0.7150960985245731,-0.3353383417886033,0.007892130506007677
strong_stable,260907,ar1,73,0.5,0.4921078694939923,0.7150960985245731,-0.3353383417886033,0.007892130506007677
strong_stable,260907,ar1,74,0.5,0.4921078694939923,0.7150960985245731,-0.3353383417886033,0.007892130506007677
strong_stable,260907,ar1,75,0.5,0.4921078694939923,0.7150960985245731,-0.3353383417886033,0.007892130506007677
strong_stable,260907,ar1,76,0.5,0.4921078694939923,0.7150960985245731,-0.3353383417886033,0.007892130506007677
strong_stable,260907,ar1,77,0.75,0.4921078694939923,0.12673640734567626,-2.0656458821377726,0.2578921305060077
strong_stable,260907,ar1,78,0.5,0.4921078694939923,0.7150960985245731,-0.3353383417886033,0.007892130506007677
strong_stable,260907,ar1,79,0.5,0.4921078694939923,0.7150960985245731,-0.3353383417886033,0.007892130506007677
strong_stable,260907,quadratic_narrative_position,60,0.5,0.47778965840173,0.705541547131717,-0.3487896190877052,0.02221034159827001
strong_stable,260907,quadratic_narrative_position,61,0.25,0.47857371247335667,0.1869875730519723,-1.6767131186032609,0.22857371247335667
strong_stable,260907,quadratic_narrative_position,62,0.25,0.4794109426040248,0.1850944098587154,-1.6868892605139725,0.22941094260402478
strong_stable,260907,quadratic_narrative_position,63,0.5,0.4803013487937343,0.7073718474453977,-0.3461988002243472,0.019698651206265683
strong_stable,260907,quadratic_narrative_position,64,0.5,0.4812449310424852,0.708003768747742,-0.34530586221255394,0.018755068957514776
strong_stable,260907,quadratic_narrative_position,65,0.5,0.48224168935027756,0.7086381407926681,-0.34441026243810646,0.017758310649722442
strong_stable,260907,quadratic_narrative_position,66,0.5,0.48329162371711126,0.7092694186855792,-0.3435198264849278,0.016708376282888737
strong_stable,260907,quadratic_narrative_position,67,0.5,0.4843947341429865,0.7098917430626321,-0.3426427951318764,0.015605265857013495
strong_stable,260907,quadratic_narrative_position,68,0.5,0.485551020627903,0.710498939353191,-0.3417878242635612,0.014448979372096993
strong_stable,260907,quadratic_narrative_position,69,0.5,0.486760483171861,0.7110845175641688,-0.34096398484527257,0.013239516828139009
strong_stable,260907,quadratic_narrative_position,70,0.5,0.48802312177486035,0.7116416726713488,-0.34018076297238453,0.011976878225139653
strong_stable,260907,quadratic_narrative_position,71,0.5,0.4893389364369012,0.7121632857069573,-0.33944806000506456,0.010661063563098816
strong_stable,260907,quadratic_narrative_position,72,0.5,0.4907079271579834,0.7126419256367623,-0.3387761927996399,0.009292072842016608
strong_stable,260907,quadratic_narrative_position,73,0.5,0.49213009393810697,0.7130698521238004,-0.33817589404842824,0.007869906061893028
strong_stable,260907,quadratic_narrative_position,74,0.5,0.493605436777272,0.7134390192794077,-0.3376583127403141,0.0063945632227280225
strong_stable,260907,quadratic_narrative_position,75,0.5,0.49513395567547847,0.7137410805055171,-0.33723501475477563,0.004866044324521535
strong_stable,260907,quadratic_narrative_position,76,0.5,0.49671565063272627,0.7139673945351116,-0.33691798360248304,0.003284349367273731
strong_stable,260907,quadratic_narrative_position,77,0.75,0.4983505216490155,0.13911648742393984,-1.9724436577889315,0.2516494783509845
strong_stable,260907,quadratic_narrative_position,78,0.5,0.5000385687243462,0.714156788098971,-0.3366527495741364,3.8568724346155214e-05
strong_stable,260907,quadratic_narrative_position,79,0.5,0.5017797918587182,0.7141011850943078,-0.3367306108649325,0.0017797918587182382
strong_stable,260908,rcwe,60,0.5,0.4514681753163039,0.8573529610916639,-0.15390558859096135,0.0485318246836961
strong_stable,260908,rcwe,61,0.5,0.44124926571887096,0.8249199156645518,-0.19246896928099536,0.058750734281129036
strong_stable,260908,rcwe,62,0.75,0.4852026474916473,0.02242772408378014,-3.7974574031068835,0.2647973525083527
strong_stable,260908,rcwe,63,0.5,0.5339144297447183,0.8931033170342871,-0.11305300823101876,0.033914429744718255
strong_stable,260908,rcwe,64,0.5,0.5330519194539136,0.8948160112855658,-0.11113715582311733,0.033051919453913614
strong_stable,260908,rcwe,65,0.5,0.48461607368342574,0.9201493133983818,-0.08321932493565809,0.015383926316574259
strong_stable,260908,rcwe,66,0.5,0.4435386622930833,0.8327073895841847,-0.1830729715342912,0.05646133770691669
strong_stable,260908,rcwe,67,0.75,0.4553880696494174,0.00747003690535332,-4.8968553393739365,0.2946119303505826
strong_stable,260908,rcwe,68,0.5,0.5053671139521607,0.926285195440474,-0.07657310531724737,0.005367113952160718
strong_stable,260908,rcwe,69,0.5,0.5376111215263336,0.8852605586645275,-0.12187326073617342,0.03761112152633361
strong_stable,260908,rcwe,70,0.5,0.5165891236053272,0.9190108940960285,-0.08445730240288288,0.01658912360532716
strong_stable,260908,rcwe,71,0.75,0.46654857430338875,0.011492556300761538,-4.466055731382553,0.28345142569661125
strong_stable,260908,rcwe,72,0.5,0.4441671141163388,0.8347929484693057,-0.1805715507849329,0.0558328858836612
strong_stable,260908,rcwe,73,0.5,0.47320260702813954,0.9059087269945828,-0.09881672084564397,0.026797392971860456
strong_stable,260908,rcwe,74,0.5,0.5205158935029708,0.9147039725279059,-0.08915479334476673,0.020515893502970783
strong_stable,260908,rcwe,75,0.5,0.5332637648146853,0.8943994569569347,-0.11160278374054895,0.03326376481468529
strong_stable,260908,rcwe,76,0.5,0.49795122938942793,0.9270110296171893,-0.07578981530239458,0.0020487706105720704
strong_stable,260908,rcwe,77,0.5,0.45465198762480613,0.8662170825496845,-0.14361972914268425,0.04534801237519387
strong_stable,260908,rcwe,78,0.5,0.4520079217171094,0.8588976008324896,-0.1521055715163514,0.04799207828289059
strong_stable,260908,rcwe,79,0.5,0.4915486986355719,0.925027838713697,-0.07793144601588517,0.008451301364428121
strong_stable,260908,persistence,60,0.5,0.5,0.6211687289768135,-0.47615252867717983,0.0
strong_stable,260908,persistence,61,0.5,0.5,0.6211687289768135,-0.47615252867717983,0.0
strong_stable,260908,persistence,62,0.75,0.5,0.18527223302737866,-1.6859290056652008,0.25
strong_stable,260908,persistence,63,0.5,0.5,0.6211687289768135,-0.47615252867717983,0.0
strong_stable,260908,persistence,64,0.5,0.5,0.6211687289768135,-0.47615252867717983,0.0
strong_stable,260908,persistence,65,0.5,0.5,0.6211687289768135,-0.47615252867717983,0.0
strong_stable,260908,persistence,66,0.5,0.5,0.6211687289768135,-0.47615252867717983,0.0
strong_stable,260908,persistence,67,0.75,0.5,0.18527223302737866,-1.6859290056652008,0.25
strong_stable,260908,persistence,68,0.5,0.5,0.6211687289768135,-0.47615252867717983,0.0
strong_stable,260908,persistence,69,0.5,0.5,0.6211687289768135,-0.47615252867717983,0.0
strong_stable,260908,persistence,70,0.5,0.5,0.6211687289768135,-0.47615252867717983,0.0
strong_stable,260908,persistence,71,0.75,0.5,0.18527223302737866,-1.6859290056652008,0.25
strong_stable,260908,persistence,72,0.5,0.5,0.6211687289768135,-0.47615252867717983,0.0
strong_stable,260908,persistence,73,0.5,0.5,0.6211687289768135,-0.47615252867717983,0.0
strong_stable,260908,persistence,74,0.5,0.5,0.6211687289768135,-0.47615252867717983,0.0
strong_stable,260908,persistence,75,0.5,0.5,0.6211687289768135,-0.47615252867717983,0.0
strong_stable,260908,persistence,76,0.5,0.5,0.6211687289768135,-0.47615252867717983,0.0
strong_stable,260908,persistence,77,0.5,0.5,0.6211687289768135,-0.47615252867717983,0.0
strong_stable,260908,persistence,78,0.5,0.5,0.6211687289768135,-0.47615252867717983,0.0
strong_stable,260908,persistence,79,0.5,0.5,0.6211687289768135,-0.47615252867717983,0.0
strong_stable,260908,ar1,60,0.5,0.4969896510011687,0.7870690798003214,-0.2394392583046059,0.0030103489988312915
strong_stable,260908,ar1,61,0.5,0.49656369319349264,0.7870066824419596,-0.23951853956906755,0.003436306806507361
strong_stable,260908,ar1,62,0.75,0.4965034210941478,0.10002251337307594,-2.3023599846020817,0.2534965789058522
strong_stable,260908,ar1,63,0.5,0.4964948927237459,0.7869958309934915,-0.2395323279186739,0.0035051072762540825
strong_stable,260908,ar1,64,0.5,0.496493685977963,0.7869956387429022,-0.23953257220283045,0.0035063140220369937
strong_stable,260908,ar1,65,0.5,0.49649351522607066,0.7869956115345225,-0.23953260677529672,0.0035064847739293414
strong_stable,260908,ar1,66,0.5,0.4964934910650509,0.7869956076844894,-0.23953261166736095,0.003506508934949082
strong_stable,260908,ar1,67,0.75,0.4964934876463194,0.100005154641863,-2.3025335479038866,0.2535065123536806
strong_stable,260908,ar1,68,0.5,0.49649348716257635,0.7869956070626316,-0.23953261245752777,0.0035065128374236476
strong_stable,260908,ar1,69,0.5,0.4964934870941278,0.7869956070517243,-0.23953261247138724,0.0035065129058722277
strong_stable,260908,ar1,70,0.5,0.4964934870844424,0.7869956070501809,-0.23953261247334834,0.0035065129155575914
strong_stable,260908,ar1,71,0.75,0.49649348708307195,0.10000515365764859,-2.3025335577455235,0.25350651291692805
strong_stable,260908,ar1,72,0.5,0.49649348708287805,0.7869956070499315,-0.23953261247366514,0.003506512917121951
strong_stable,260908,ar1,73,0.5,0.4964934870828506,0.7869956070499272,-0.23953261247367064,0.0035065129171493736
strong_stable,260908,ar1,74,0.5,0.49649348708284674,0.7869956070499267,-0.2395326124736714,0.0035065129171532594
strong_stable,260908,ar1,75,0.5,0.4964934870828462,0.7869956070499268,-0.2395326124736713,0.0035065129171538145
strong_stable,260908,ar1,76,0.5,0.49649348708284613,0.7869956070499265,-0.23953261247367152,0.00350651291715387
strong_stable,260908,ar1,77,0.5,0.4964934870828461,0.7869956070499265,-0.23953261247367147,0.0035065129171539255
strong_stable,260908,ar1,78,0.5,0.4964934870828461,0.7869956070499265,-0.23953261247367147,0.0035065129171539255
strong_stable,260908,ar1,79,0.5,0.4964934870828461,0.7869956070499265,-0.23953261247367147,0.0035065129171539255
strong_stable,260908,quadratic_narrative_position,60,0.5,0.5677187103050536,0.6894344535259236,-0.37188365004438834,0.06771871030505361
strong_stable,260908,quadratic_narrative_position,61,0.5,0.5723456117758056,0.6763333831434231,-0.39106915417718524,0.07234561177580556
strong_stable,260908,quadratic_narrative_position,62,0.75,0.5770751189766878,0.31453643432388456,-1.1566553611449222,0.17292488102331216
strong_stable,260908,quadratic_narrative_position,63,0.5,0.5819072319077002,0.6473068718337642,-0.43493479733722545,0.08190723190770022
strong_stable,260908,quadratic_narrative_position,64,0.5,0.5868419505688428,0.6313954416371279,-0.4598229223376988,0.08684195056884281
strong_stable,260908,quadratic_narrative_position,65,0.5,0.5918792749601154,0.6145735472538517,-0.4868266708012677,0.09187927496011539
strong_stable,260908,quadratic_narrative_position,66,0.5,0.5970192050815182,0.596867351294397,-0.5160603824145532,0.09701920508151818
strong_stable,260908,quadratic_narrative_position,67,0.75,0.6022617409330511,0.40691095333526167,-0.8991609053511505,0.14773825906694893
strong_stable,260908,quadratic_narrative_position,68,0.5,0.6076068825147143,0.5589490049301139,-0.5816970355158637,0.10760688251471429
strong_stable,260908,quadratic_narrative_position,69,0.5,0.6130546298265074,0.5388322456875256,-0.618350989006699,0.11305462982650738
strong_stable,260908,quadratic_narrative_position,70,0.5,0.6186049828684307,0.5180222195075926,-0.6577371428403074,0.11860498286843069
strong_stable,260908,quadratic_narrative_position,71,0.75,0.6242579416404843,0.49093299336901297,-0.7114476302173335,0.12574205835951568
strong_stable,260908,quadratic_narrative_position,72,0.5,0.630013506142668,0.47461080646847403,-0.7452601656053237,0.13001350614266804
strong_stable,260908,quadratic_narrative_position,73,0.5,0.6358716763749818,0.4521748452352938,-0.7936863482058942,0.13587167637498176
strong_stable,260908,quadratic_narrative_position,74,0.5,0.6418324523374256,0.4293754880112447,-0.8454234794443183,0.14183245233742559
strong_stable,260908,quadratic_narrative_position,75,0.5,0.6478958340299997,0.406314120887451,-0.900628721762337,0.14789583402999973
strong_stable,260908,quadratic_narrative_position,76,0.5,0.654061821452704,0.3830980559011861,-0.9594643019394511,0.15406182145270397
strong_stable,260908,quadratic_narrative_position,77,0.5,0.6603304146055383,0.35983937613071915,-1.0220975245134105,0.16033041460553832
strong_stable,260908,quadratic_narrative_position,78,0.5,0.6667016134885028,0.33665359951238605,-1.0887007718977448,0.16670161348850276
strong_stable,260908,quadratic_narrative_position,79,0.5,0.6731754181015974,0.31365817784014854,-1.1594514916399605,0.17317541810159742
strong_stable,260909,rcwe,60,0.5,0.5109851271432816,0.9357653076847463,-0.06639057359803627,0.010985127143281592
strong_stable,260909,rcwe,61,0.5,0.48850439365867754,0.9354315275428782,-0.06674732938035104,0.011495606341322462
strong_stable,260909,rcwe,62,0.25,0.46958244384957976,0.07793687293926936,-2.5518561012612495,0.21958244384957976
strong_stable,260909,rcwe,63,0.5,0.47401276464526193,0.9195567245435005,-0.08386354620052831,0.02598723535473807
strong_stable,260909,rcwe,64,0.5,0.49582425113700135,0.9387647175110372,-0.06319039825194755,0.004175748862998652
strong_stable,260909,rcwe,65,0.5,0.5111870301093792,0.9356351126454793,-0.06652971542793294,0.011187030109379159
strong_stable,260909,rcwe,66,0.5,0.5042055784794972,0.9387574608233809,-0.06319812832058812,0.004205578479497207
strong_stable,260909,rcwe,67,0.5,0.4833600352484657,0.9312157632127986,-0.07126427429944224,0.016639964751534286
strong_stable,260909,rcwe,68,0.5,0.47142039788270024,0.915400194634059,-0.08839393814074882,0.028579602117299763
strong_stable,260909,rcwe,69,0.25,0.48048467383072574,0.05674948931814537,-2.869108621460315,0.23048467383072574
strong_stable,260909,rcwe,70,0.5,0.4998905875910491,0.9392703957389767,-0.06265187984343379,0.0001094124089509041
strong_stable,260909,rcwe,71,0.5,0.508678103385126,0.9370840157770478,-0.06498233611335166,0.00867810338512598
strong_stable,260909,rcwe,72,0.5,0.49809489756139363,0.9391654300004917,-0.06276363850684512,0.0019051024386063653
strong_stable,260909,rcwe,73,0.5,0.48028311894266706,0.9279500980593566,-0.07477732128472535,0.019716881057332936
strong_stable,260909,rcwe,74,0.5,0.4744562595498894,0.9202274405058377,-0.0831344215512429,0.025543740450110597
strong_stable,260909,rcwe,75,0.5,0.4860947942094399,0.9336501555187682,-0.06865347674632544,0.013905205790560093
strong_stable,260909,rcwe,76,0.5,0.5020429480106214,0.9391496379414235,-0.06278045364008669,0.002042948010621437
strong_stable,260909,rcwe,77,0.5,0.5052718590361944,0.9384641124405875,-0.06351066296152677,0.005271859036194426
strong_stable,260909,rcwe,78,0.25,0.4929985964317819,0.03832903059548749,-3.2615476909220846,0.2429985964317819
strong_stable,260909,rcwe,79,0.5,0.4789682936007637,0.9263838600073036,-0.07646659458708471,0.021031706399236294
strong_stable,260909,persistence,60,0.5,0.5,0.6757022280062266,-0.39200279109893293,0.0
strong_stable,260909,persistence,61,0.5,0.5,0.6757022280062266,-0.39200279109893293,0.0
strong_stable,260909,persistence,62,0.25,0.5,0.1605956127678361,-1.828865795602039,0.25
strong_stable,260909,persistence,63,0.5,0.5,0.6757022280062266,-0.39200279109893293,0.0
strong_stable,260909,persistence,64,0.5,0.5,0.6757022280062266,-0.39200279109893293,0.0
strong_stable,260909,persistence,65,0.5,0.5,0.6757022280062266,-0.39200279109893293,0.0
strong_stable,260909,persistence,66,0.5,0.5,0.6757022280062266,-0.39200279109893293,0.0
strong_stable,260909,persistence,67,0.5,0.5,0.6757022280062266,-0.39200279109893293,0.0
strong_stable,260909,persistence,68,0.5,0.5,0.6757022280062266,-0.39200279109893293,0.0
strong_stable,260909,persistence,69,0.25,0.5,0.1605956127678361,-1.828865795602039,0.25
strong_stable,260909,persistence,70,0.5,0.5,0.6757022280062266,-0.39200279109893293,0.0
strong_stable,260909,persistence,71,0.5,0.5,0.6757022280062266,-0.39200279109893293,0.0
strong_stable,260909,persistence,72,0.5,0.5,0.6757022280062266,-0.39200279109893293,0.0
strong_stable,260909,persistence,73,0.5,0.5,0.6757022280062266,-0.39200279109893293,0.0
strong_stable,260909,persistence,74,0.5,0.5,0.6757022280062266,-0.39200279109893293,0.0
strong_stable,260909,persistence,75,0.5,0.5,0.6757022280062266,-0.39200279109893293,0.0
strong_stable,260909,persistence,76,0.5,0.5,0.6757022280062266,-0.39200279109893293,0.0
strong_stable,260909,persistence,77,0.5,0.5,0.6757022280062266,-0.39200279109893293,0.0
strong_stable,260909,persistence,78,0.25,0.5,0.1605956127678361,-1.828865795602039,0.25
strong_stable,260909,persistence,79,0.5,0.5,0.6757022280062266,-0.39200279109893293,0.0
strong_stable,260909,ar1,60,0.5,0.4948286254684983,0.8475476084023044,-0.16540826619933002,0.005171374531501682
strong_stable,260909,ar1,61,0.5,0.49483324642536036,0.8475488936237447,-0.16540674980018832,0.005166753574639638
strong_stable,260909,ar1,62,0.25,0.4948332422962372,0.08468051666285661,-2.4688697313777253,0.2448332422962372
strong_stable,260909,ar1,63,0.5,0.49483324229992687,0.8475488924768545,-0.16540675115337306,0.005166757700073132
strong_stable,260909,ar1,64,0.5,0.49483324229992354,0.8475488924768536,-0.16540675115337417,0.005166757700076463
strong_stable,260909,ar1,65,0.5,0.49483324229992354,0.8475488924768536,-0.16540675115337417,0.005166757700076463
strong_stable,260909,ar1,66,0.5,0.49483324229992354,0.8475488924768536,-0.16540675115337417,0.005166757700076463
strong_stable,260909,ar1,67,0.5,0.49483324229992354,0.8475488924768536,-0.16540675115337417,0.005166757700076463
strong_stable,260909,ar1,68,0.5,0.49483324229992354,0.8475488924768536,-0.16540675115337417,0.005166757700076463
strong_stable,260909,ar1,69,0.25,0.49483324229992354,0.08468051665629844,-2.4688697314551713,0.24483324229992354
strong_stable,260909,ar1,70,0.5,0.49483324229992354,0.8475488924768536,-0.16540675115337417,0.005166757700076463
strong_stable,260909,ar1,71,0.5,0.49483324229992354,0.8475488924768536,-0.16540675115337417,0.005166757700076463
strong_stable,260909,ar1,72,0.5,0.49483324229992354,0.8475488924768536,-0.16540675115337417,0.005166757700076463
strong_stable,260909,ar1,73,0.5,0.49483324229992354,0.8475488924768536,-0.16540675115337417,0.005166757700076463
strong_stable,260909,ar1,74,0.5,0.49483324229992354,0.8475488924768536,-0.16540675115337417,0.005166757700076463
strong_stable,260909,ar1,75,0.5,0.49483324229992354,0.8475488924768536,-0.16540675115337417,0.005166757700076463
strong_stable,260909,ar1,76,0.5,0.49483324229992354,0.8475488924768536,-0.16540675115337417,0.005166757700076463
strong_stable,260909,ar1,77,0.5,0.49483324229992354,0.8475488924768536,-0.16540675115337417,0.005166757700076463
strong_stable,260909,ar1,78,0.25,0.49483324229992354,0.08468051665629844,-2.4688697314551713,0.24483324229992354
strong_stable,260909,ar1,79,0.5,0.49483324229992354,0.8475488924768536,-0.16540675115337417,0.005166757700076463
strong_stable,260909,quadratic_narrative_position,60,0.5,0.5409432953364284,0.8003812836762123,-0.22266706025884014,0.040943295336428376
strong_stable,260909,quadratic_narrative_position,61,0.5,0.5444154955719147,0.7927859922307383,-0.23220196485260117,0.04441549557191471
strong_stable,260909,quadratic_narrative_position,62,0.25,0.5479754064235632,0.02473514242923939,-3.6995302761124784,0.29797540642356324
strong_stable,260909,quadratic_narrative_position,63,0.5,0.5516230278913739,0.7752447216529041,-0.25457652959888916,0.05162302789137385
strong_stable,260909,quadratic_narrative_position,64,0.5,0.5553583599753468,0.765244363591533,-0.2675600666309365,0.05535835997534677
strong_stable,260909,quadratic_narrative_position,65,0.5,0.5591814026754818,0.7543925082190471,-0.28184247849289024,0.059181402675481776
strong_stable,260909,quadratic_narrative_position,66,0.5,0.563092155991779,0.7426695213066667,-0.2975041228402618,0.06309215599177898
strong_stable,260909,quadratic_narrative_position,67,0.5,0.5670906199242384,0.730059666990676,-0.31462901257620685,0.06709061992423837
strong_stable,260909,quadratic_narrative_position,68,0.5,0.5711767944728599,0.7165516304257659,-0.3333049750975374,0.07117679447285985
strong_stable,260909,quadratic_narrative_position,69,0.25,0.5753506796376436,0.011440611204476332,-4.47058586749294,0.32535067963764364
strong_stable,260909,quadratic_narrative_position,70,0.5,0.5796122754185895,0.686821094425424,-0.3756814363573565,0.0796122754185895
strong_stable,260909,quadratic_narrative_position,71,0.5,0.5839615818156976,0.6706029474746814,-0.39957804967979726,0.08396158181569757
strong_stable,260909,quadratic_narrative_position,72,0.5,0.588398598828968,0.6534964026380514,-0.42541825069498346,0.08839859882896794
strong_stable,260909,quadratic_narrative_position,73,0.5,0.5929233264584004,0.6355203412201482,-0.45331118065064224,0.0929233264584004
strong_stable,260909,quadratic_narrative_position,74,0.5,0.5975357647039949,0.6167012069064174,-0.48337063994684915,0.09753576470399494
strong_stable,260909,quadratic_narrative_position,75,0.5,0.6022359135657518,0.5970734173365552,-0.5157151960374424,0.10223591356575179
strong_stable,260909,quadratic_narrative_position,76,0.5,0.6070237730436707,0.5766797004818958,-0.5504682784221164,0.10702377304367072
strong_stable,260909,quadratic_narrative_position,77,0.5,0.6118993431377518,0.5555713364028763,-0.5877582597803711,0.11189934313775185
strong_stable,260909,quadratic_narrative_position,78,0.25,0.6168626238479952,0.0030084017256852354,-5.806346329389921,0.3668626238479952
strong_stable,260909,quadratic_narrative_position,79,0.5,0.6219136151744007,0.5114591754314017,-0.6704875102040616,0.12191361517440069
strong_stable,260910,rcwe,60,0.5,0.49524206781222985,0.854714116591865,-0.1569882325175609,0.004757932187770153
strong_stable,260910,rcwe,61,0.25,0.4955345140902183,0.07977688492045047,-2.5285214791376993,0.24553451409021831
strong_stable,260910,rcwe,62,0.5,0.492224798042996,0.853680786785077,-0.1581979410349062,0.007775201957003985
strong_stable,260910,rcwe,63,0.5,0.48899765491550656,0.8520265496129508,-0.16013759112078346,0.011002345084493437
strong_stable,260910,rcwe,64,0.5,0.4890101491902608,0.85203404613361,-0.16012879270049488,0.010989850809739188
strong_stable,260910,rcwe,65,0.5,0.49185613923717975,0.8535204921546565,-0.1583857274814945,0.008143860762820254
strong_stable,260910,rcwe,66,0.5,0.49440082310563943,0.8544759661690751,-0.15726690301387747,0.005599176894360569
strong_stable,260910,rcwe,67,0.5,0.49418394596767923,0.8544083048020004,-0.15734609078365147,0.005816054032320772
strong_stable,260910,rcwe,68,0.5,0.49175193559237923,0.8534738415725223,-0.15844038563849494,0.00824806440762077
strong_stable,260910,rcwe,69,0.5,0.48975998990360475,0.8524684225727116,-0.15961911148092517,0.010240010096395247
strong_stable,260910,rcwe,70,0.5,0.49010936594778476,0.8526603778534522,-0.1593939610037255,0.009890634052215241
strong_stable,260910,rcwe,71,0.25,0.49217310667020586,0.08575683061428677,-2.456239538799096,0.24217310667020586
strong_stable,260910,rcwe,72,0.5,0.4937191147545295,0.8542546386550285,-0.15752595791072255,0.006280885245470491
strong_stable,260910,rcwe,73,0.25,0.4932930554851619,0.08372827367224145,-2.480178560770757,0.2432930554851619
strong_stable,260910,rcwe,74,0.5,0.49155147043467695,0.8533824325262535,-0.1585474937151892,0.008448529565323049
strong_stable,260910,rcwe,75,0.5,0.4903628784818552,0.8527955081701246,-0.15923549273953563,0.009637121518144776
strong_stable,260910,rcwe,76,0.5,0.49082648522816513,0.853033582894417,-0.1589563619320178,0.009173514771834868
strong_stable,260910,rcwe,77,0.5,0.49228709781313007,0.8537071434853496,-0.15816706732447705,0.00771290218686993
strong_stable,260910,rcwe,78,0.5,0.49319104988352785,0.8540657634768603,-0.15774708174522345,0.0068089501164721455
strong_stable,260910,rcwe,79,0.5,0.4927186897430928,0.8538839243955952,-0.15796001434299645,0.007281310256907203
strong_stable,260910,persistence,60,0.5,0.5,0.581165813986547,-0.5427191687225166,0.0
strong_stable,260910,persistence,61,0.25,0.5,0.2017699894504212,-1.600626896440722,0.25
strong_stable,260910,persistence,62,0.5,0.5,0.581165813986547,-0.5427191687225166,0.0
strong_stable,260910,persistence,63,0.5,0.5,0.581165813986547,-0.5427191687225166,0.0
strong_stable,260910,persistence,64,0.5,0.5,0.581165813986547,-0.5427191687225166,0.0
strong_stable,260910,persistence,65,0.5,0.5,0.581165813986547,-0.5427191687225166,0.0
strong_stable,260910,persistence,66,0.5,0.5,0.581165813986547,-0.5427191687225166,0.0
strong_stable,260910,persistence,67,0.5,0.5,0.581165813986547,-0.5427191687225166,0.0
strong_stable,260910,persistence,68,0.5,0.5,0.581165813986547,-0.5427191687225166,0.0
strong_stable,260910,persistence,69,0.5,0.5,0.581165813986547,-0.5427191687225166,0.0
strong_stable,260910,persistence,70,0.5,0.5,0.581165813986547,-0.5427191687225166,0.0
strong_stable,260910,persistence,71,0.25,0.5,0.2017699894504212,-1.600626896440722,0.25
strong_stable,260910,persistence,72,0.5,0.5,0.581165813986547,-0.5427191687225166,0.0
strong_stable,260910,persistence,73,0.25,0.5,0.2017699894504212,-1.600626896440722,0.25
strong_stable,260910,persistence,74,0.5,0.5,0.581165813986547,-0.5427191687225166,0.0
strong_stable,260910,persistence,75,0.5,0.5,0.581165813986547,-0.5427191687225166,0.0
strong_stable,260910,persistence,76,0.5,0.5,0.581165813986547,-0.5427191687225166,0.0
strong_stable,260910,persistence,77,0.5,0.5,0.581165813986547,-0.5427191687225166,0.0
strong_stable,260910,persistence,78,0.5,0.5,0.581165813986547,-0.5427191687225166,0.0
strong_stable,260910,persistence,79,0.5,0.5,0.581165813986547,-0.5427191687225166,0.0
strong_stable,260910,ar1,60,0.5,0.5018865001740602,0.7261445693043391,-0.3200061527081469,0.0018865001740602239
strong_stable,260910,ar1,61,0.25,0.5022380444675834,0.1321671975819703,-2.0236875095697657,0.25223804446758336
strong_stable,260910,ar1,62,0.5,0.5023035538123519,0.7261124409264641,-0.320050398840414,0.0023035538123519217
strong_stable,260910,ar1,63,0.5,0.5023157613046398,0.7261114041806388,-0.32005182664485177,0.0023157613046398406
strong_stable,260910,ar1,64,0.5,0.5023180361383828,0.7261112103802609,-0.3200520935466007,0.002318036138382773
strong_stable,260910,ar1,65,0.5,0.5023184600476047,0.7261111742450478,-0.32005214331199966,0.00231846004760472
strong_stable,260910,ar1,66,0.5,0.5023185390419616,0.7261111675106167,-0.3200521525866554,0.0023185390419615537
strong_stable,260910,ar1,67,0.5,0.50231855376235,0.726111166255648,-0.32005215431499767,0.0023185537623500174
strong_stable,260910,ar1,68,0.5,0.5023185565054553,0.726111166021787,-0.32005215463707093,0.002318556505455316
strong_stable,260910,ar1,69,0.5,0.5023185570166256,0.7261111659782076,-0.3200521546970885,0.002318557016625644
strong_stable,260910,ar1,70,0.5,0.5023185571118809,0.7261111659700868,-0.3200521547082724,0.0023185571118808923
strong_stable,260910,ar1,71,0.25,0.5023185571296315,0.13201725381772256,-2.024822654197348,0.25231855712963147
strong_stable,260910,ar1,72,0.5,0.5023185571329393,0.7261111659682913,-0.32005215471074516,0.0023185571329392696
strong_stable,260910,ar1,73,0.25,0.5023185571335557,0.13201725381041707,-2.0248226542526857,0.25231855713355567
strong_stable,260910,ar1,74,0.5,0.5023185571336706,0.726111165968229,-0.32005215471083104,0.0023185571336705735
strong_stable,260910,ar1,75,0.5,0.5023185571336919,0.7261111659682273,-0.32005215471083337,0.0023185571336918898
strong_stable,260910,ar1,76,0.5,0.5023185571336959,0.7261111659682269,-0.320052154710834,0.0023185571336958866
strong_stable,260910,ar1,77,0.5,0.5023185571336967,0.7261111659682268,-0.32005215471083404,0.0023185571336966637
strong_stable,260910,ar1,78,0.5,0.5023185571336968,0.7261111659682268,-0.32005215471083404,0.0023185571336967747
strong_stable,260910,ar1,79,0.5,0.5023185571336968,0.7261111659682268,-0.32005215471083404,0.0023185571336967747
strong_stable,260910,quadratic_narrative_position,60,0.5,0.446862649254442,0.6636253363905651,-0.41003754117985763,0.053137350745557976
strong_stable,260910,quadratic_narrative_position,61,0.25,0.4420927058192363,0.28102866514738256,-1.2692986036505303,0.19209270581923632
strong_stable,260910,quadratic_narrative_position,62,0.5,0.43717146555716263,0.6455578915786624,-0.4376403878545127,0.06282853444283737
strong_stable,260910,quadratic_narrative_position,63,0.5,0.43209892846822096,0.6351119651554777,-0.45395397255304,0.06790107153177904
strong_stable,260910,quadratic_narrative_position,64,0.5,0.4268750945524114,0.6236910869585972,-0.47210008614284465,0.0731249054475886
strong_stable,260910,quadratic_narrative_position,65,0.5,0.42149996380973376,0.6112784336006667,-0.49220272213683885,0.07850003619026624
strong_stable,260910,quadratic_narrative_position,66,0.5,0.4159735362401883,0.5978648341578957,-0.5143905804163934,0.08402646375981171
strong_stable,260910,quadratic_narrative_position,67,0.5,0.41029581184377484,0.5834495970683719,-0.5387972113320728,0.08970418815622516
strong_stable,260910,quadratic_narrative_position,68,0.5,0.40446679062049345,0.5680412924829724,-0.5655611648699576,0.09553320937950655
strong_stable,260910,quadratic_narrative_position,69,0.5,0.3984864725703441,0.5516584667841596,-0.5948261437849116,0.10151352742965591
strong_stable,260910,quadratic_narrative_position,70,0.5,0.3923548576933268,0.5343302639084393,-0.6267411594581176,0.10764514230667321
strong_stable,260910,quadratic_narrative_position,71,0.25,0.3860719459894415,0.4491998411203281,-0.8002874098126396,0.1360719459894415
strong_stable,260910,quadratic_narrative_position,72,0.5,0.37963773745868823,0.4970101488560337,-0.6991448328605303,0.12036226254131177
strong_stable,260910,quadratic_narrative_position,73,0.25,0.3730522321010671,0.48892743243172837,-0.7155412004547407,0.12305223210106708
strong_stable,260910,quadratic_narrative_position,74,0.5,0.36631542991657795,0.45654116548198515,-0.7840764067104846,0.13368457008342205
strong_stable,260910,quadratic_narrative_position,75,0.5,0.35942733090522094,0.43532015428893506,-0.8316735317278594,0.14057266909477906
strong_stable,260910,quadratic_narrative_position,76,0.5,0.35238793506699595,0.4135673300332669,-0.8829349481890049,0.14761206493300405
strong_stable,260910,quadratic_narrative_position,77,0.5,0.34519724240190286,0.3913898683113634,-0.9380511101207542,0.15480275759809714
strong_stable,260910,quadratic_narrative_position,78,0.5,0.33785525290994195,0.36890395844835566,-0.9972189440267883,0.16214474709005805
strong_stable,260910,quadratic_narrative_position,79,0.5,0.33036196659111305,0.3462334708705923,-1.0606419601779185,0.16963803340888695
strong_stable,260911,rcwe,60,0.5,0.5089408849723127,0.9677063842515554,-0.03282655977117705,0.008940884972312713
strong_stable,260911,rcwe,61,0.5,0.5243348946682781,0.9546293691097911,-0.04643210900282241,0.024334894668278095
strong_stable,260911,rcwe,62,0.5,0.5159821590588547,0.9632851893538911,-0.037405764241881245,0.015982159058854695
strong_stable,260911,rcwe,63,0.5,0.49345190732950645,0.9686319954889744,-0.03187051684231136,0.006548092670493555
strong_stable,260911,rcwe,64,0.5,0.4797145691708612,0.9593011871616056,-0.04155018962996346,0.020285430829138806
strong_stable,260911,rcwe,65,0.5,0.48780386967999895,0.9659804259477928,-0.03461170796891961,0.012196130320001053
strong_stable,260911,rcwe,66,0.5,0.5085373445697452,0.9678827554794782,-0.03264431941366448,0.008537344569745198
strong_stable,260911,rcwe,67,0.5,0.5207837968188987,0.9587751506556049,-0.042098693887919925,0.020783796818898748
strong_stable,260911,rcwe,68,0.5,0.5129657226056359,0.9654929285169885,-0.035116501307154616,0.012965722605635888
strong_stable,260911,rcwe,69,0.5,0.4939025752457054,0.9687740707265798,-0.03172385142163608,0.006097424754294589
strong_stable,260911,rcwe,70,0.5,0.4829877429443925,0.962421709656695,-0.03830255674494586,0.017012257055607494
strong_stable,260911,rcwe,71,0.5,0.4905147312756255,0.9674553744041224,-0.033085979788876244,0.009485268724374496
strong_stable,260911,rcwe,72,0.75,0.5080523076799479,0.021351788158305084,-3.846619788327357,0.2419476923200521
strong_stable,260911,rcwe,73,0.5,0.5177670348923503,0.9617532101830033,-0.03899739949930803,0.01776703489235032
strong_stable,260911,rcwe,74,0.75,0.510533273407676,0.023649958657164124,-3.7443939121571765,0.23946672659232404
strong_stable,260911,rcwe,75,0.5,0.4944129360069755,0.9689226641966561,-0.03157048018692284,0.005587063993024499
strong_stable,260911,rcwe,76,0.5,0.48577061785255365,0.9646258977818377,-0.036014923499256564,0.014229382147446346
strong_stable,260911,rcwe,77,0.5,0.4927019556628179,0.9683729479784616,-0.032137989068369226,0.007298044337182119
strong_stable,260911,rcwe,78,0.5,0.5075253126472854,0.968288856391029,-0.03222483085695166,0.007525312647285398
strong_stable,260911,rcwe,79,0.5,0.5152007190780012,0.9639028381475321,-0.03676477975466536,0.015200719078001246
strong_stable,260911,persistence,60,0.5,0.5,0.6757022280062301,-0.39200279109892755,0.0
strong_stable,260911,persistence,61,0.5,0.5,0.6757022280062301,-0.39200279109892755,0.0
strong_stable,260911,persistence,62,0.5,0.5,0.6757022280062301,-0.39200279109892755,0.0
strong_stable,260911,persistence,63,0.5,0.5,0.6757022280062301,-0.39200279109892755,0.0
strong_stable,260911,persistence,64,0.5,0.5,0.6757022280062301,-0.39200279109892755,0.0
strong_stable,260911,persistence,65,0.5,0.5,0.6757022280062301,-0.39200279109892755,0.0
strong_stable,260911,persistence,66,0.5,0.5,0.6757022280062301,-0.39200279109892755,0.0
strong_stable,260911,persistence,67,0.5,0.5,0.6757022280062301,-0.39200279109892755,0.0
strong_stable,260911,persistence,68,0.5,0.5,0.6757022280062301,-0.39200279109892755,0.0
strong_stable,260911,persistence,69,0.5,0.5,0.6757022280062301,-0.39200279109892755,0.0
strong_stable,260911,persistence,70,0.5,0.5,0.6757022280062301,-0.39200279109892755,0.0
strong_stable,260911,persistence,71,0.5,0.5,0.6757022280062301,-0.39200279109892755,0.0
strong_stable,260911,persistence,72,0.75,0.5,0.16059561276783446,-1.8288657956020493,0.25
strong_stable,260911,persistence,73,0.5,0.5,0.6757022280062301,-0.39200279109892755,0.0
strong_stable,260911,persistence,74,0.75,0.5,0.16059561276783446,-1.8288657956020493,0.25
strong_stable,260911,persistence,75,0.5,0.5,0.6757022280062301,-0.39200279109892755,0.0
strong_stable,260911,persistence,76,0.5,0.5,0.6757022280062301,-0.39200279109892755,0.0
strong_stable,260911,persistence,77,0.5,0.5,0.6757022280062301,-0.39200279109892755,0.0
strong_stable,260911,persistence,78,0.5,0.5,0.6757022280062301,-0.39200279109892755,0.0
strong_stable,260911,persistence,79,0.5,0.5,0.6757022280062301,-0.39200279109892755,0.0
strong_stable,260911,ar1,60,0.5,0.5056548364210673,0.8237867648362193,-0.1938435631006955,0.005654836421067344
strong_stable,260911,ar1,61,0.5,0.5066665331654332,0.8234708508949578,-0.19422712659691815,0.006666533165433197
strong_stable,260911,ar1,62,0.5,0.5068475340337779,0.8234088707899434,-0.1943023963379047,0.006847534033777913
strong_stable,260911,ar1,63,0.5,0.5068799165777803,0.8233976073225396,-0.19431607550124746,0.0068799165777803095
strong_stable,260911,ar1,64,0.5,0.5068857100812351,0.8233955866036022,-0.1943185296271752,0.0068857100812350636
strong_stable,260911,ar1,65,0.5,0.5068867465866522,0.8233952249013781,-0.19431896890849928,0.006886746586652226
strong_stable,260911,ar1,66,0.5,0.5068869320259961,0.8233951601841463,-0.1943190475065193,0.006886932025996106
strong_stable,260911,ar1,67,0.5,0.5068869652026199,0.8233951486055179,-0.1943190615685748,0.006886965202619888
strong_stable,260911,ar1,68,0.5,0.5068869711381908,0.823395146534,-0.19431906408439947,0.006886971138190812
strong_stable,260911,ar1,69,0.5,0.5068869722001133,0.8233951461633884,-0.19431906453450135,0.0068869722001132505
strong_stable,260911,ar1,70,0.5,0.5068869723900999,0.823395146097083,-0.19431906461502826,0.0068869723900999436
strong_stable,260911,ar1,71,0.5,0.5068869724240901,0.8233951460852205,-0.19431906462943507,0.006886972424090088
strong_stable,260911,ar1,72,0.75,0.5068869724301712,0.10017101769690327,-2.3008763767125266,0.24311302756982878
strong_stable,260911,ar1,73,0.5,0.5068869724312591,0.8233951460827184,-0.19431906463247384,0.006886972431259131
strong_stable,260911,ar1,74,0.75,0.5068869724314538,0.10017101769934492,-2.300876376688152,0.24311302756854625
strong_stable,260911,ar1,75,0.5,0.5068869724314886,0.8233951460826382,-0.1943190646325712,0.006886972431488614
strong_stable,260911,ar1,76,0.5,0.5068869724314948,0.823395146082636,-0.19431906463257387,0.006886972431494831
strong_stable,260911,ar1,77,0.5,0.5068869724314959,0.8233951460826356,-0.19431906463257426,0.006886972431495941
strong_stable,260911,ar1,78,0.5,0.5068869724314962,0.8233951460826354,-0.1943190646325745,0.006886972431496163
strong_stable,260911,ar1,79,0.5,0.5068869724314962,0.8233951460826354,-0.1943190646325745,0.006886972431496163
strong_stable,260911,quadratic_narrative_position,60,0.5,0.49326927619116795,0.8029951447918524,-0.2194066113900775,0.006730723808832051
strong_stable,260911,quadratic_narrative_position,61,0.5,0.491532869361221,0.8023644840071613,-0.22019230551844654,0.008467130638779019
strong_stable,260911,quadratic_narrative_position,62,0.5,0.4897248638429247,0.8015552509539245,-0.22120137486806873,0.010275136157075315
strong_stable,260911,quadratic_narrative_position,63,0.5,0.4878452596362794,0.8005493543620679,-0.22245709402734998,0.012154740363720606
strong_stable,260911,quadratic_narrative_position,64,0.5,0.48589405674128483,0.7993281534694173,-0.2239837123138707,0.01410594325871517
strong_stable,260911,quadratic_narrative_position,65,0.5,0.4838712551579412,0.7978725011056887,-0.2258064673479172,0.016128744842058784
strong_stable,260911,quadratic_narrative_position,66,0.5,0.48177685488624833,0.7961627928099915,-0.22795160046741408,0.01822314511375167
strong_stable,260911,quadratic_narrative_position,67,0.5,0.47961085592620645,0.7941790224262597,-0.2304463740986228,0.020389144073793553
strong_stable,260911,quadratic_narrative_position,68,0.5,0.47737325827781524,0.7919008446208247,-0.23331909119123528,0.022626741722184762
strong_stable,260911,quadratic_narrative_position,69,0.5,0.4750640619410749,0.7893076447618036,-0.2365991168189241,0.024935938058925078
strong_stable,260911,quadratic_narrative_position,70,0.5,0.47268326691598556,0.7863786165902114,-0.24031690203691874,0.027316733084014444
strong_stable,260911,quadratic_narrative_position,71,0.5,0.4702308732025469,0.7830928480967527,-0.24450401007661268,0.029769126797453083
strong_stable,260911,quadratic_narrative_position,72,0.75,0.46770688080075923,0.05181707110243756,-2.960035626046882,0.28229311919924077
strong_stable,260911,quadratic_narrative_position,73,0.5,0.46511128971062227,0.7753674891490854,-0.25441818246917813,0.03488871028937773
strong_stable,260911,quadratic_narrative_position,74,0.75,0.4624440999321363,0.0462924336044776,-3.072776752314225,0.2875559000678637
strong_stable,260911,quadratic_narrative_position,75,0.5,0.459705311465301,0.7659659731686284,-0.2666175316790845,0.040294688534698975
strong_stable,260911,quadratic_narrative_position,76,0.5,0.45689492431011675,0.7605862446789753,-0.2736657684806251,0.043105075689883254
strong_stable,260911,quadratic_narrative_position,77,0.5,0.4540129384665832,0.7547280165028999,-0.2813978376787416,0.045987061533416806
strong_stable,260911,quadratic_narrative_position,78,0.5,0.4510593539347005,0.7483728018481649,-0.28985402697405316,0.04894064606529952
strong_stable,260911,quadratic_narrative_position,79,0.5,0.4480341707144687,0.741503027836102,-0.2990760340192276,0.051965829285531284
strong_stable,260912,rcwe,60,0.5,0.5420330461466876,0.7896786273515335,-0.23612921710781443,0.04203304614668757
strong_stable,260912,rcwe,61,0.5,0.5574266001141783,0.7520312531899658,-0.2849773958028544,0.05742660011417833
strong_stable,260912,rcwe,62,0.5,0.5393261503667237,0.7952056825626108,-0.22915447758556395,0.03932615036672371
strong_stable,260912,rcwe,63,0.5,0.5074150146732683,0.8333766372793798,-0.18226959340881893,0.0074150146732683275
strong_stable,260912,rcwe,64,0.75,0.49400133187113315,0.07290315136688902,-2.6186234122751193,0.25599866812886685
strong_stable,260912,rcwe,65,0.75,0.5119789237061397,0.1047435842979361,-2.2562399698080102,0.23802107629386027
strong_stable,260912,rcwe,66,0.5,0.5420389664352874,0.7896661677838509,-0.23614499525546293,0.04203896643528737
strong_stable,260912,rcwe,67,0.25,0.5530986198801063,0.023999983460495648,-3.7297021377804436,0.30309861988010633
strong_stable,260912,rcwe,68,0.5,0.5352455914908342,0.802888627800563,-0.21953926979694782,0.03524559149083417
strong_stable,260912,rcwe,69,0.5,0.5076180637689249,0.8332972115145445,-0.18236490391597415,0.007618063768924932
strong_stable,260912,rcwe,70,0.5,0.49814761677162417,0.8347188224673235,-0.18066035040087,0.0018523832283758312
strong_stable,260912,rcwe,71,0.5,0.5157696480274703,0.8283471419657513,-0.18832295887727815,0.015769648027470273
strong_stable,260912,rcwe,72,0.5,0.5416637509974922,0.7904526413084608,-0.23514953392049215,0.0416637509974922
strong_stable,260912,rcwe,73,0.5,0.5492095386445894,0.7734112025869369,-0.25694441505874155,0.049209538644589434
strong_stable,260912,rcwe,74,0.5,0.5319195657863647,0.8085630253983377,-0.21249664951112218,0.03191956578636468
strong_stable,260912,rcwe,75,0.5,0.5081396478102099,0.833083378001495,-0.18262154818507867,0.008139647810209927
strong_stable,260912,rcwe,76,0.5,0.5018709972425255,0.8347170169628159,-0.18066251341242762,0.001870997242525485
strong_stable,260912,rcwe,77,0.5,0.5188418038159798,0.8255953686251749,-0.19165049397845246,0.018841803815979774
strong_stable,260912,rcwe,78,0.5,0.5410139686165177,0.7917992686000321,-0.23344736802860355,0.04101396861651774
strong_stable,260912,rcwe,79,0.5,0.5457245387416484,0.7815994435232897,-0.24641289022504365,0.04572453874164839
strong_stable,260912,persistence,60,0.5,0.5,0.515117415231857,-0.6633604135628706,0.0
strong_stable,260912,persistence,61,0.5,0.5,0.515117415231857,-0.6633604135628706,0.0
strong_stable,260912,persistence,62,0.5,0.5,0.515117415231857,-0.6633604135628706,0.0
strong_stable,260912,persistence,63,0.5,0.5,0.515117415231857,-0.6633604135628706,0.0
strong_stable,260912,persistence,64,0.75,0.5,0.22437416689266104,-1.4944402327596968,0.25
strong_stable,260912,persistence,65,0.75,0.5,0.22437416689266104,-1.4944402327596968,0.25
strong_stable,260912,persistence,66,0.5,0.5,0.515117415231857,-0.6633604135628706,0.0
strong_stable,260912,persistence,67,0.25,0.5,0.22437416689266104,-1.4944402327596968,0.25
strong_stable,260912,persistence,68,0.5,0.5,0.515117415231857,-0.6633604135628706,0.0
strong_stable,260912,persistence,69,0.5,0.5,0.515117415231857,-0.6633604135628706,0.0
strong_stable,260912,persistence,70,0.5,0.5,0.515117415231857,-0.6633604135628706,0.0
strong_stable,260912,persistence,71,0.5,0.5,0.515117415231857,-0.6633604135628706,0.0
strong_stable,260912,persistence,72,0.5,0.5,0.515117415231857,-0.6633604135628706,0.0
strong_stable,260912,persistence,73,0.5,0.5,0.515117415231857,-0.6633604135628706,0.0
strong_stable,260912,persistence,74,0.5,0.5,0.515117415231857,-0.6633604135628706,0.0
strong_stable,260912,persistence,75,0.5,0.5,0.515117415231857,-0.6633604135628706,0.0
strong_stable,260912,persistence,76,0.5,0.5,0.515117415231857,-0.6633604135628706,0.0
strong_stable,260912,persistence,77,0.5,0.5,0.515117415231857,-0.6633604135628706,0.0
strong_stable,260912,persistence,78,0.5,0.5,0.515117415231857,-0.6633604135628706,0.0
strong_stable,260912,persistence,79,0.5,0.5,0.515117415231857,-0.6633604135628706,0.0
strong_stable,260912,ar1,60,0.5,0.5258501546242178,0.6700496132035711,-0.40040351978108957,0.025850154624217803
strong_stable,260912,ar1,61,0.5,0.5297672092258425,0.6667648738908093,-0.40531780812112617,0.029767209225842528
strong_stable,260912,ar1,62,0.5,0.530360757580781,0.6662282220352507,-0.4061229914130612,0.03036075758078105
strong_stable,260912,ar1,63,0.5,0.530450697519199,0.6661460151977402,-0.4062463904331226,0.030450697519199044
strong_stable,260912,ar1,64,0.75,0.530464326050818,0.22284342003075877,-1.5012859064748525,0.21953567394918205
strong_stable,260912,ar1,65,0.75,0.530466391172024,0.2228482080872815,-1.5012644205136145,0.219533608827976
strong_stable,260912,ar1,66,0.5,0.5304667040982962,0.6661313603909034,-0.40626839006639104,0.030466704098296216
strong_stable,260912,ar1,67,0.25,0.5304667515157803,0.10734355178449932,-2.231720823676179,0.28046675151578027
strong_stable,260912,ar1,68,0.5,0.5304667587009161,0.6661313103868712,-0.4062684651327173,0.030466758700916086
strong_stable,260912,ar1,69,0.5,0.5304667597896744,0.6661313093898064,-0.4062684666295166,0.03046675978967439
strong_stable,260912,ar1,70,0.5,0.5304667599546531,0.6661313092387219,-0.40626846685632545,0.03046675995465309
strong_stable,260912,ar1,71,0.5,0.5304667599796522,0.6661313092158281,-0.4062684668906936,0.030466759979652203
strong_stable,260912,ar1,72,0.5,0.5304667599834403,0.666131309212359,-0.4062684668959015,0.030466759983440284
strong_stable,260912,ar1,73,0.5,0.5304667599840143,0.6661313092118335,-0.40626846689669044,0.03046675998401427
strong_stable,260912,ar1,74,0.5,0.5304667599841013,0.6661313092117537,-0.40626846689681023,0.03046675998410131
strong_stable,260912,ar1,75,0.5,0.5304667599841145,0.6661313092117416,-0.40626846689682833,0.030466759984114522
strong_stable,260912,ar1,76,0.5,0.5304667599841165,0.6661313092117397,-0.40626846689683116,0.03046675998411652
strong_stable,260912,ar1,77,0.5,0.5304667599841167,0.6661313092117395,-0.4062684668968315,0.030466759984116742
strong_stable,260912,ar1,78,0.5,0.5304667599841169,0.6661313092117395,-0.4062684668968315,0.030466759984116853
strong_stable,260912,ar1,79,0.5,0.5304667599841169,0.6661313092117395,-0.4062684668968315,0.030466759984116853
strong_stable,260912,quadratic_narrative_position,60,0.5,0.504603466501888,0.6607423758014045,-0.41439126426820017,0.004603466501888032
strong_stable,260912,quadratic_narrative_position,61,0.5,0.5028531983376283,0.660926766313732,-0.4141122375320099,0.0028531983376283154
strong_stable,260912,quadratic_narrative_position,62,0.5,0.5010507225870172,0.6610262034318684,-0.41396179781047726,0.0010507225870172165
strong_stable,260912,quadratic_narrative_position,63,0.5,0.4991960392500548,0.6610326712672047,-0.4139520133213594,0.0008039607499452095
strong_stable,260912,quadratic_narrative_position,64,0.75,0.49728914832674104,0.16236387809595143,-1.817915301512324,0.25271085167325896
strong_stable,260912,quadratic_narrative_position,65,0.75,0.49533004981707573,0.1587711878311733,-1.8402911834621571,0.25466995018292427
strong_stable,260912,quadratic_narrative_position,66,0.5,0.4933187437210592,0.6604112289483874,-0.4148925638275569,0.006681256278940784
strong_stable,260912,quadratic_narrative_position,67,0.25,0.49125523003869126,0.1843718243253882,-1.690800776034282,0.24125523003869126
strong_stable,260912,quadratic_narrative_position,68,0.5,0.48913950876997186,0.6593768721465725,-0.41646002304731367,0.010860491230028135
strong_stable,260912,quadratic_narrative_position,69,0.5,0.4869715799149012,0.6586470964221192,-0.4175674016935792,0.013028420085098802
strong_stable,260912,quadratic_narrative_position,70,0.5,0.48475144347347915,0.6577634989297726,-0.4189098363840367,0.015248556526520851
strong_stable,260912,quadratic_narrative_position,71,0.5,0.4824790994457058,0.6567169037376723,-0.4205022456906139,0.017520900554294228
strong_stable,260912,quadratic_narrative_position,72,0.5,0.48015454783158085,0.6554980758342381,-0.4223599111995664,0.019845452168419153
strong_stable,260912,quadratic_narrative_position,73,0.5,0.4777777886311047,0.6540977463074993,-0.424498479507071,0.022222211368895295
strong_stable,260912,quadratic_narrative_position,74,0.5,0.4753488218442772,0.6525066394834607,-0.4269339643834785,0.02465117815572282
strong_stable,260912,quadratic_narrative_position,75,0.5,0.4728676474710981,0.6507155020507878,-0.4296827491123145,0.027132352528901893
strong_stable,260912,quadratic_narrative_position,76,0.5,0.4703342655115679,0.6487151341875083,-0.43276158900981987,0.029665734488432127
strong_stable,260912,quadratic_narrative_position,77,0.5,0.4677486759656862,0.6464964226924752,-0.43618761413050655,0.0322513240343138
strong_stable,260912,quadratic_narrative_position,78,0.5,0.46511087883345303,0.6440503761100072,-0.43997833216380017,0.034889121166546966
strong_stable,260912,quadratic_narrative_position,79,0.5,0.46242087411486865,0.6413681618203699,-0.44415163152641435,0.03757912588513135
strong_stable,260913,rcwe,60,0.5,0.5118059577299022,0.887028582289998,-0.11987807364043071,0.011805957729902228
strong_stable,260913,rcwe,61,0.5,0.5118059553258875,0.8870285839391544,-0.11987807178123888,0.011805955325887463
strong_stable,260913,rcwe,62,0.5,0.5118058467922011,0.8870286583930084,-0.11987798784499118,0.011805846792201091
strong_stable,260913,rcwe,63,0.5,0.5118058020750602,0.8870286890686636,-0.11987795326250686,0.011805802075060212
strong_stable,260913,rcwe,64,0.5,0.5118058487525412,0.8870286570482258,-0.11987798936104438,0.011805848752541204
strong_stable,260913,rcwe,65,0.5,0.5118058956796788,0.8870286248563979,-0.11987802565280138,0.011805895679678824
strong_stable,260913,rcwe,66,0.5,0.5118058873871347,0.8870286305450591,-0.11987801923963615,0.011805887387134728
strong_stable,260913,rcwe,67,0.5,0.5118058554518969,0.8870286524525025,-0.1198779945420758,0.01180585545189694
strong_stable,260913,rcwe,68,0.5,0.511805846885909,0.8870286583287252,-0.1198779879174614,0.011805846885909022
strong_stable,260913,rcwe,69,0.5,0.5118058625738164,0.8870286475668997,-0.11987800004990551,0.011805862573816439
strong_stable,260913,rcwe,70,0.5,0.5118058744332032,0.8870286394314105,-0.11987800922152501,0.011805874433203245
strong_stable,260913,rcwe,71,0.5,0.5118058699817237,0.8870286424851077,-0.11987800577891107,0.011805869981723727
strong_stable,260913,rcwe,72,0.5,0.5118058609088743,0.8870286487090423,-0.11987799876230043,0.011805860908874255
strong_stable,260913,rcwe,73,0.5,0.5118058597438125,0.8870286495082692,-0.11987799786128459,0.011805859743812541
strong_stable,260913,rcwe,74,0.5,0.5118058647404369,0.8870286460806078,-0.11987800172549044,0.011805864740436878
strong_stable,260913,rcwe,75,0.5,0.5118058675713736,0.8870286441385977,-0.11987800391483364,0.011805867571373585
strong_stable,260913,rcwe,76,0.5,0.5118058657509954,0.8870286453873691,-0.1198780025070196,0.011805865750995403
strong_stable,260913,rcwe,77,0.5,0.5118058632628578,0.8870286470942206,-0.11987800058278475,0.011805863262857819
strong_stable,260913,rcwe,78,0.5,0.5118058633063234,0.8870286470644032,-0.11987800061639955,0.011805863306323383
strong_stable,260913,rcwe,79,0.5,0.5118058648310128,0.8870286460184732,-0.11987800179553855,0.011805864831012758
strong_stable,260913,persistence,60,0.5,0.5,0.6388198004485033,-0.4481328668027713,0.0
strong_stable,260913,persistence,61,0.5,0.5,0.6388198004485033,-0.4481328668027713,0.0
strong_stable,260913,persistence,62,0.5,0.5,0.6388198004485033,-0.4481328668027713,0.0
strong_stable,260913,persistence,63,0.5,0.5,0.6388198004485033,-0.4481328668027713,0.0
strong_stable,260913,persistence,64,0.5,0.5,0.6388198004485033,-0.4481328668027713,0.0
strong_stable,260913,persistence,65,0.5,0.5,0.6388198004485033,-0.4481328668027713,0.0
strong_stable,260913,persistence,66,0.5,0.5,0.6388198004485033,-0.4481328668027713,0.0
strong_stable,260913,persistence,67,0.5,0.5,0.6388198004485033,-0.4481328668027713,0.0
strong_stable,260913,persistence,68,0.5,0.5,0.6388198004485033,-0.4481328668027713,0.0
strong_stable,260913,persistence,69,0.5,0.5,0.6388198004485033,-0.4481328668027713,0.0
strong_stable,260913,persistence,70,0.5,0.5,0.6388198004485033,-0.4481328668027713,0.0
strong_stable,260913,persistence,71,0.5,0.5,0.6388198004485033,-0.4481328668027713,0.0
strong_stable,260913,persistence,72,0.5,0.5,0.6388198004485033,-0.4481328668027713,0.0
strong_stable,260913,persistence,73,0.5,0.5,0.6388198004485033,-0.4481328668027713,0.0
strong_stable,260913,persistence,74,0.5,0.5,0.6388198004485033,-0.4481328668027713,0.0
strong_stable,260913,persistence,75,0.5,0.5,0.6388198004485033,-0.4481328668027713,0.0
strong_stable,260913,persistence,76,0.5,0.5,0.6388198004485033,-0.4481328668027713,0.0
strong_stable,260913,persistence,77,0.5,0.5,0.6388198004485033,-0.4481328668027713,0.0
strong_stable,260913,persistence,78,0.5,0.5,0.6388198004485033,-0.4481328668027713,0.0
strong_stable,260913,persistence,79,0.5,0.5,0.6388198004485033,-0.4481328668027713,0.0
strong_stable,260913,ar1,60,0.5,0.5156907820979018,0.8475390189187579,-0.16541840076520775,0.015690782097901756
strong_stable,260913,ar1,61,0.5,0.5156154904811135,0.8476030114117412,-0.1653428997253318,0.015615490481113548
strong_stable,260913,ar1,62,0.5,0.5156158517650523,0.8476027050739162,-0.1653432611420284,0.015615851765052313
strong_stable,260913,ar1,63,0.5,0.5156158500314452,0.8476027065438833,-0.1653432594077641,0.015615850031445166
strong_stable,260913,ar1,64,0.5,0.5156158500397638,0.8476027065368298,-0.16534325941608582,0.015615850039763846
strong_stable,260913,ar1,65,0.5,0.5156158500397239,0.8476027065368635,-0.16534325941604597,0.015615850039723878
strong_stable,260913,ar1,66,0.5,0.5156158500397241,0.8476027065368635,-0.16534325941604605,0.0156158500397241
strong_stable,260913,ar1,67,0.5,0.5156158500397241,0.8476027065368635,-0.16534325941604605,0.0156158500397241
strong_stable,260913,ar1,68,0.5,0.5156158500397241,0.8476027065368635,-0.16534325941604605,0.0156158500397241
strong_stable,260913,ar1,69,0.5,0.5156158500397241,0.8476027065368635,-0.16534325941604605,0.0156158500397241
strong_stable,260913,ar1,70,0.5,0.5156158500397241,0.8476027065368635,-0.16534325941604605,0.0156158500397241
strong_stable,260913,ar1,71,0.5,0.5156158500397241,0.8476027065368635,-0.16534325941604605,0.0156158500397241
strong_stable,260913,ar1,72,0.5,0.5156158500397241,0.8476027065368635,-0.16534325941604605,0.0156158500397241
strong_stable,260913,ar1,73,0.5,0.5156158500397241,0.8476027065368635,-0.16534325941604605,0.0156158500397241
strong_stable,260913,ar1,74,0.5,0.5156158500397241,0.8476027065368635,-0.16534325941604605,0.0156158500397241
strong_stable,260913,ar1,75,0.5,0.5156158500397241,0.8476027065368635,-0.16534325941604605,0.0156158500397241
strong_stable,260913,ar1,76,0.5,0.5156158500397241,0.8476027065368635,-0.16534325941604605,0.0156158500397241
strong_stable,260913,ar1,77,0.5,0.5156158500397241,0.8476027065368635,-0.16534325941604605,0.0156158500397241
strong_stable,260913,ar1,78,0.5,0.5156158500397241,0.8476027065368635,-0.16534325941604605,0.0156158500397241
strong_stable,260913,ar1,79,0.5,0.5156158500397241,0.8476027065368635,-0.16534325941604605,0.0156158500397241
strong_stable,260913,quadratic_narrative_position,60,0.5,0.4834537437041064,0.762303218657639,-0.27141087769898875,0.016546256295893624
strong_stable,260913,quadratic_narrative_position,61,0.5,0.4806003802361958,0.7601303178333073,-0.2742653895679042,0.01939961976380422
strong_stable,260913,quadratic_narrative_position,62,0.5,0.47764146246110406,0.7575197883492705,-0.27770561870645827,0.02235853753889594
strong_stable,260913,quadratic_narrative_position,63,0.5,0.4745769903788312,0.7544361687634747,-0.2817846050641759,0.02542300962116878
strong_stable,260913,quadratic_narrative_position,64,0.5,0.47140696398937726,0.7508438873711274,-0.28655752183441036,0.02859303601062274
strong_stable,260913,quadratic_narrative_position,65,0.5,0.46813138329274206,0.746707507622306,-0.2920817265885808,0.031868616707257935
strong_stable,260913,quadratic_narrative_position,66,0.5,0.4647502482889258,0.7419919997671076,-0.2984168178579128,0.035249751711074195
strong_stable,260913,quadratic_narrative_position,67,0.5,0.46126355897792837,0.7366630392232899,-0.30562469728185254,0.03873644102207163
strong_stable,260913,quadratic_narrative_position,68,0.5,0.45767131535974986,0.7306873318167224,-0.3137696373864064,0.042328684640250136
strong_stable,260913,quadratic_narrative_position,69,0.5,0.45397351743439013,0.7240329656318122,-0.32291835499237537,0.04602648256560987
strong_stable,260913,quadratic_narrative_position,70,0.5,0.45017016520184916,0.7166697887210159,-0.33314009018312124,0.04982983479815084
strong_stable,260913,quadratic_narrative_position,71,0.5,0.4462612586621272,0.7085698113537426,-0.34450669068475137,0.05373874133787282
strong_stable,260913,quadratic_narrative_position,72,0.5,0.442246797815224,0.6997076308305763,-0.35709270142927674,0.057753202184775976
strong_stable,260913,quadratic_narrative_position,73,0.5,0.4381267826611398,0.6900608761456415,-0.3709754589845118,0.0618732173388602
strong_stable,260913,quadratic_narrative_position,74,0.5,0.4339012131998744,0.6796106689472193,-0.38623519044469695,0.0660987868001256
strong_stable,260913,quadratic_narrative_position,75,0.5,0.4295700894314278,0.6683420963267788,-0.4029551162846439,0.07042991056857217
strong_stable,260913,quadratic_narrative_position,76,0.5,0.42513341135580013,0.6562446899658678,-0.4212215565896222,0.07486658864419987
strong_stable,260913,quadratic_narrative_position,77,0.5,0.4205911789729913,0.6433129051004641,-0.4411240399853243,0.07940882102700869
strong_stable,260913,quadratic_narrative_position,78,0.5,0.4159433922830013,0.6295465916413026,-0.46275541450936813,0.08405660771699869
strong_stable,260913,quadratic_narrative_position,79,0.5,0.4111900512858302,0.6149514486414943,-0.48621195959034647,0.0888099487141698
strong_stable,260914,rcwe,60,0.5,0.48041244018112655,0.897385852231515,-0.10826935085145079,0.019587559818873446
strong_stable,260914,rcwe,61,0.5,0.4915365078612703,0.9065952712146407,-0.098059156444605,0.008463492138729711
strong_stable,260914,rcwe,62,0.5,0.5170859087757922,0.900091969910153,-0.10525833208968616,0.01708590877579219
strong_stable,260914,rcwe,63,0.5,0.5325283350964152,0.8775401363364825,-0.13063258527333635,0.03252833509641517
strong_stable,260914,rcwe,64,0.5,0.5240787442397647,0.8916060111306238,-0.11473093553417331,0.02407874423976475
strong_stable,260914,rcwe,65,0.5,0.500840870395421,0.9086904625146088,-0.095750768083018,0.0008408703954210228
strong_stable,260914,rcwe,66,0.5,0.4850504017515672,0.9021115075394802,-0.10301714401083822,0.014949598248432783
strong_stable,260914,rcwe,67,0.5,0.4910135701898817,0.9063257487736756,-0.09835649145256084,0.008986429810118324
strong_stable,260914,rcwe,68,0.5,0.5121422972645369,0.904356664381824,-0.10053145615511705,0.012142297264536861
strong_stable,260914,rcwe,69,0.5,0.52802395084939,0.8855554458486784,-0.1215402084189082,0.028023950849390022
strong_stable,260914,rcwe,70,0.5,0.524170081989814,0.8914762086326519,-0.11487652893055458,0.024170081989813963
strong_stable,260914,rcwe,71,0.5,0.5052101487518923,0.9079093465383442,-0.0966107439792083,0.005210148751892296
strong_stable,260914,rcwe,72,0.5,0.4894339305028313,0.9054135903012879,-0.09936343381980631,0.010566069497168706
strong_stable,260914,rcwe,73,0.5,0.4913384507154407,0.9064950915515164,-0.09816966352719006,0.008661549284559311
strong_stable,260914,rcwe,74,0.75,0.5083046617482022,0.0574606651523136,-2.856654649578857,0.2416953382517978
strong_stable,260914,rcwe,75,0.5,0.5238215093588933,0.8919689522713985,-0.1143239538785303,0.023821509358893267
strong_stable,260914,rcwe,76,0.5,0.5235293270698999,0.892376506262502,-0.11386714323545505,0.023529327069899852
strong_stable,260914,rcwe,77,0.5,0.508541279835365,0.9065562014070572,-0.09810225246628825,0.008541279835365012
strong_stable,260914,rcwe,78,0.5,0.4934566504233758,0.9074464349463129,-0.09712073943771411,0.0065433495766242245
strong_stable,260914,rcwe,79,0.5,0.492281871496425,0.9069515282782746,-0.09766627210512588,0.007718128503575006
strong_stable,260914,persistence,60,0.5,0.5,0.6006315482807403,-0.5097735968724906,0.0
strong_stable,260914,persistence,61,0.5,0.5,0.6006315482807403,-0.5097735968724906,0.0
strong_stable,260914,persistence,62,0.5,0.5,0.6006315482807403,-0.5097735968724906,0.0
strong_stable,260914,persistence,63,0.5,0.5,0.6006315482807403,-0.5097735968724906,0.0
strong_stable,260914,persistence,64,0.5,0.5,0.6006315482807403,-0.5097735968724906,0.0
strong_stable,260914,persistence,65,0.5,0.5,0.6006315482807403,-0.5097735968724906,0.0
strong_stable,260914,persistence,66,0.5,0.5,0.6006315482807403,-0.5097735968724906,0.0
strong_stable,260914,persistence,67,0.5,0.5,0.6006315482807403,-0.5097735968724906,0.0
strong_stable,260914,persistence,68,0.5,0.5,0.6006315482807403,-0.5097735968724906,0.0
strong_stable,260914,persistence,69,0.5,0.5,0.6006315482807403,-0.5097735968724906,0.0
strong_stable,260914,persistence,70,0.5,0.5,0.6006315482807403,-0.5097735968724906,0.0
strong_stable,260914,persistence,71,0.5,0.5,0.6006315482807403,-0.5097735968724906,0.0
strong_stable,260914,persistence,72,0.5,0.5,0.6006315482807403,-0.5097735968724906,0.0
strong_stable,260914,persistence,73,0.5,0.5,0.6006315482807403,-0.5097735968724906,0.0
strong_stable,260914,persistence,74,0.75,0.5,0.1939525758922333,-1.6401416039663441,0.25
strong_stable,260914,persistence,75,0.5,0.5,0.6006315482807403,-0.5097735968724906,0.0
strong_stable,260914,persistence,76,0.5,0.5,0.6006315482807403,-0.5097735968724906,0.0
strong_stable,260914,persistence,77,0.5,0.5,0.6006315482807403,-0.5097735968724906,0.0
strong_stable,260914,persistence,78,0.5,0.5,0.6006315482807403,-0.5097735968724906,0.0
strong_stable,260914,persistence,79,0.5,0.5,0.6006315482807403,-0.5097735968724906,0.0
strong_stable,260914,ar1,60,0.5,0.5131890470602204,0.7823845542170017,-0.24540890199908325,0.013189047060220394
strong_stable,260914,ar1,61,0.5,0.5140561366806022,0.7818516194660189,-0.24609030136903698,0.014056136680602238
strong_stable,260914,ar1,62,0.5,0.5141131418915429,0.7818154052609689,-0.24613662095560335,0.01411314189154289
strong_stable,260914,ar1,63,0.5,0.5141168895942001,0.7818130193390166,-0.24613967273173482,0.0141168895942001
strong_stable,260914,ar1,64,0.5,0.5141171359800125,0.7818128624589894,-0.2461398733935798,0.014117135980012518
strong_stable,260914,ar1,65,0.5,0.5141171521781942,0.7818128521451059,-0.24613988658584626,0.014117152178194203
strong_stable,260914,ar1,66,0.5,0.5141171532431138,0.7818128514670383,-0.24613988745314797,0.0141171532431138
strong_stable,260914,ar1,67,0.5,0.514117153313125,0.7818128514224598,-0.24613988751016735,0.01411715331312502
strong_stable,260914,ar1,68,0.5,0.5141171533177278,0.7818128514195292,-0.2461398875139159,0.014117153317727782
strong_stable,260914,ar1,69,0.5,0.5141171533180303,0.7818128514193364,-0.24613988751416238,0.014117153318030318
strong_stable,260914,ar1,70,0.5,0.5141171533180502,0.7818128514193238,-0.24613988751417853,0.01411715331805019
strong_stable,260914,ar1,71,0.5,0.5141171533180515,0.781812851419323,-0.24613988751417956,0.014117153318051523
strong_stable,260914,ar1,72,0.5,0.5141171533180516,0.7818128514193229,-0.2461398875141797,0.014117153318051634
strong_stable,260914,ar1,73,0.5,0.5141171533180516,0.7818128514193229,-0.2461398875141797,0.014117153318051634
strong_stable,260914,ar1,74,0.75,0.5141171533180516,0.134833829670597,-2.0037121500415633,0.23588284668194837
strong_stable,260914,ar1,75,0.5,0.5141171533180516,0.7818128514193229,-0.2461398875141797,0.014117153318051634
strong_stable,260914,ar1,76,0.5,0.5141171533180516,0.7818128514193229,-0.2461398875141797,0.014117153318051634
strong_stable,260914,ar1,77,0.5,0.5141171533180516,0.7818128514193229,-0.2461398875141797,0.014117153318051634
strong_stable,260914,ar1,78,0.5,0.5141171533180516,0.7818128514193229,-0.2461398875141797,0.014117153318051634
strong_stable,260914,ar1,79,0.5,0.5141171533180516,0.7818128514193229,-0.2461398875141797,0.014117153318051634
strong_stable,260914,quadratic_narrative_position,60,0.5,0.5102203925050004,0.7728116502423122,-0.2577199208321502,0.010220392505000397
strong_stable,260914,quadratic_narrative_position,61,0.5,0.5088482827611002,0.7733821324554782,-0.25698200266764,0.008848282761100168
strong_stable,260914,quadratic_narrative_position,62,0.5,0.5074088203304525,0.7738926781767078,-0.2563220736928384,0.007408820330452537
strong_stable,260914,quadratic_narrative_position,63,0.5,0.5059020052130577,0.7743304851038381,-0.25575651318556325,0.005902005213057726
strong_stable,260914,quadratic_narrative_position,64,0.5,0.5043278374089155,0.7746821476331488,-0.25530246584221666,0.004327837408915514
strong_stable,260914,quadratic_narrative_position,65,0.5,0.5026863169180259,0.7749336671260587,-0.25497784409697755,0.0026863169180258994
strong_stable,260914,quadratic_narrative_position,66,0.5,0.5009774437403889,0.7750704650672106,-0.2548013310946368,0.0009774437403888836
strong_stable,260914,quadratic_narrative_position,67,0.5,0.49920121787600474,0.775077399426718,-0.25479238438746593,0.0007987821239952564
strong_stable,260914,quadratic_narrative_position,68,0.5,0.49735763932487304,0.774938784548184,-0.2549712404282437,0.0026423606751269646
strong_stable,260914,quadratic_narrative_position,69,0.5,0.4954467080869941,0.7746384148914033,-0.25535891993288706,0.004553291913005908
strong_stable,260914,quadratic_narrative_position,70,0.5,0.4934684241623677,0.7741595929641867,-0.2559772341869641,0.0065315758376323085
strong_stable,260914,quadratic_narrative_position,71,0.5,0.4914227875509941,0.7734851617811679,-0.25684879237064046,0.008577212449005889
strong_stable,260914,quadratic_narrative_position,72,0.5,0.48930979825287296,0.7725975421884635,-0.25799700997626446,0.010690201747127037
strong_stable,260914,quadratic_narrative_position,73,0.5,0.48712945626800463,0.7714787753912679,-0.2594461183917418,0.012870543731995365
strong_stable,260914,quadratic_narrative_position,74,0.75,0.48488176159638885,0.08678256032710956,-2.444349595392979,0.26511823840361115
strong_stable,260914,quadratic_narrative_position,75,0.5,0.48256671423802583,0.7684743610337601,-0.26334807891036677,0.01743328576197417
strong_stable,260914,quadratic_narrative_position,76,0.5,0.4801843141929153,0.766551359845786,-0.2658535772453987,0.019815685807084704
strong_stable,260914,quadratic_narrative_position,77,0.5,0.47773456146105747,0.7643226308405788,-0.26876528727950166,0.022265438538942528
strong_stable,260914,quadratic_narrative_position,78,0.5,0.47521745604245236,0.7617691596763887,-0.27211170924833183,0.024782543957547642
strong_stable,260914,quadratic_narrative_position,79,0.5,0.47263299793709984,0.758871934540428,-0.2759222450186263,0.02736700206290016
strong_stable,260915,rcwe,60,0.5,0.5083425895058068,0.8640644945478602,-0.14610786649655955,0.008342589505806797
strong_stable,260915,rcwe,61,0.5,0.4924854670048026,0.864431147130361,-0.14568362176124275,0.007514532995197387
strong_stable,260915,rcwe,62,0.5,0.4814924927545562,0.8564632102657179,-0.15494391571233482,0.01850750724544381
strong_stable,260915,rcwe,63,0.5,0.4864257966185366,0.8608664947885728,-0.14981584489475933,0.013574203381463423
strong_stable,260915,rcwe,64,0.5,0.5009751716269568,0.8659823493280927,-0.14389075246564448,0.0009751716269568167
strong_stable,260915,rcwe,65,0.5,0.5093263938611328,0.8635792390949852,-0.14666962058530636,0.009326393861132765
strong_stable,260915,rcwe,66,0.5,0.5032522637661507,0.8657132712081714,-0.144201520846526,0.0032522637661507314
strong_stable,260915,rcwe,67,0.5,0.4901191073628582,0.863281999859166,-0.14701387434704438,0.009880892637141814
strong_stable,260915,rcwe,68,0.5,0.48410551254210193,0.8589626050982329,-0.15202989100922984,0.015894487457898065
strong_stable,260915,rcwe,69,0.5,0.4909278992516459,0.8637098311951236,-0.1465184101103102,0.009072100748354073
strong_stable,260915,rcwe,70,0.25,0.5025552505446979,0.06310681362824268,-2.762926533834391,0.25255525054469785
strong_stable,260915,rcwe,71,0.75,0.5065560945464066,0.07780603914240652,-2.553536226871986,0.2434439054535934
strong_stable,260915,rcwe,72,0.5,0.49932836645841056,0.8659963231741665,-0.1438746161860286,0.0006716335415894448
strong_stable,260915,rcwe,73,0.5,0.4892044976610191,0.8627543650721679,-0.14762525753010322,0.010795502338980911
strong_stable,260915,rcwe,74,0.5,0.4869251746244736,0.861237325067658,-0.14938517366513748,0.0130748253755264
strong_stable,260915,rcwe,75,0.5,0.4942757459989889,0.8650931872540978,-0.14491804692322482,0.00572425400101112
strong_stable,260915,rcwe,76,0.5,0.5029159302716256,0.8657712566945315,-0.14413454307635565,0.002915930271625622
strong_stable,260915,rcwe,77,0.5,0.5037727849200957,0.8656110699185926,-0.14431958224873676,0.0037727849200956953
strong_stable,260915,rcwe,78,0.5,0.496522600845446,0.8656709250377914,-0.1442504368184753,0.003477399154553973
strong_stable,260915,rcwe,79,0.5,0.4892946737485502,0.8628084532463052,-0.1475625670576604,0.01070532625144982
strong_stable,260915,persistence,60,0.5,0.5,0.5277074754640665,-0.6392131725460354,0.0
strong_stable,260915,persistence,61,0.5,0.5,0.5277074754640665,-0.6392131725460354,0.0
strong_stable,260915,persistence,62,0.5,0.5,0.5277074754640665,-0.6392131725460354,0.0
strong_stable,260915,persistence,63,0.5,0.5,0.5277074754640665,-0.6392131725460354,0.0
strong_stable,260915,persistence,64,0.5,0.5,0.5277074754640665,-0.6392131725460354,0.0
strong_stable,260915,persistence,65,0.5,0.5,0.5277074754640665,-0.6392131725460354,0.0
strong_stable,260915,persistence,66,0.5,0.5,0.5277074754640665,-0.6392131725460354,0.0
strong_stable,260915,persistence,67,0.5,0.5,0.5277074754640665,-0.6392131725460354,0.0
strong_stable,260915,persistence,68,0.5,0.5,0.5277074754640665,-0.6392131725460354,0.0
strong_stable,260915,persistence,69,0.5,0.5,0.5277074754640665,-0.6392131725460354,0.0
strong_stable,260915,persistence,70,0.25,0.5,0.2206146521899642,-1.5113377546496407,0.25
strong_stable,260915,persistence,71,0.75,0.5,0.2206146521899642,-1.5113377546496407,0.25
strong_stable,260915,persistence,72,0.5,0.5,0.5277074754640665,-0.6392131725460354,0.0
strong_stable,260915,persistence,73,0.5,0.5,0.5277074754640665,-0.6392131725460354,0.0
strong_stable,260915,persistence,74,0.5,0.5,0.5277074754640665,-0.6392131725460354,0.0
strong_stable,260915,persistence,75,0.5,0.5,0.5277074754640665,-0.6392131725460354,0.0
strong_stable,260915,persistence,76,0.5,0.5,0.5277074754640665,-0.6392131725460354,0.0
strong_stable,260915,persistence,77,0.5,0.5,0.5277074754640665,-0.6392131725460354,0.0
strong_stable,260915,persistence,78,0.5,0.5,0.5277074754640665,-0.6392131725460354,0.0
strong_stable,260915,persistence,79,0.5,0.5,0.5277074754640665,-0.6392131725460354,0.0
strong_stable,260915,ar1,60,0.5,0.5042986605227545,0.718036824534287,-0.3312344235968693,0.004298660522754516
strong_stable,260915,ar1,61,0.5,0.5045320966625145,0.7180000471768337,-0.3312856442280184,0.004532096662514529
strong_stable,260915,ar1,62,0.5,0.5045447732698106,0.7179979943946229,-0.3312885032600664,0.00454477326981062
strong_stable,260915,ar1,63,0.5,0.5045454616652437,0.7179978827555515,-0.3312886587466846,0.004545461665243722
strong_stable,260915,ar1,64,0.5,0.5045454990481382,0.7179978766925764,-0.3312886671909646,0.0045454990481381685
strong_stable,260915,ar1,65,0.5,0.5045455010781935,0.7179978763633289,-0.331288667649528,0.0045455010781935146
strong_stable,260915,ar1,66,0.5,0.5045455011884344,0.7179978763454492,-0.3312886676744302,0.004545501188434442
strong_stable,260915,ar1,67,0.5,0.504545501194421,0.7179978763444782,-0.3312886676757826,0.004545501194420987
strong_stable,260915,ar1,68,0.5,0.5045455011947461,0.7179978763444255,-0.33128866767585596,0.00454550119474606
strong_stable,260915,ar1,69,0.5,0.5045455011947637,0.7179978763444226,-0.33128866767585996,0.0045455011947637125
strong_stable,260915,ar1,70,0.25,0.5045455011947647,0.13171258621861423,-2.0271331074596532,0.2545455011947647
strong_stable,260915,ar1,71,0.75,0.5045455011947647,0.1490407830458273,-1.9035352987719343,0.2454544988052353
strong_stable,260915,ar1,72,0.5,0.5045455011947647,0.7179978763444225,-0.33128866767586007,0.004545501194764712
strong_stable,260915,ar1,73,0.5,0.5045455011947647,0.7179978763444225,-0.33128866767586007,0.004545501194764712
strong_stable,260915,ar1,74,0.5,0.5045455011947647,0.7179978763444225,-0.33128866767586007,0.004545501194764712
strong_stable,260915,ar1,75,0.5,0.5045455011947647,0.7179978763444225,-0.33128866767586007,0.004545501194764712
strong_stable,260915,ar1,76,0.5,0.5045455011947647,0.7179978763444225,-0.33128866767586007,0.004545501194764712
strong_stable,260915,ar1,77,0.5,0.5045455011947647,0.7179978763444225,-0.33128866767586007,0.004545501194764712
strong_stable,260915,ar1,78,0.5,0.5045455011947647,0.7179978763444225,-0.33128866767586007,0.004545501194764712
strong_stable,260915,ar1,79,0.5,0.5045455011947647,0.7179978763444225,-0.33128866767586007,0.004545501194764712
strong_stable,260915,quadratic_narrative_position,60,0.5,0.48839499452521873,0.7052576255183233,-0.3491921166546601,0.011605005474781271
strong_stable,260915,quadratic_narrative_position,61,0.5,0.4881931966737196,0.7051770039790872,-0.3493064382086517,0.011806803326280424
strong_stable,260915,quadratic_narrative_position,62,0.5,0.48799944739753776,0.7050982984088902,-0.34941805552215854,0.012000552602462244
strong_stable,260915,quadratic_narrative_position,63,0.5,0.48781374669667305,0.7050216678405242,-0.349526742116598,0.012186253303326955
strong_stable,260915,quadratic_narrative_position,64,0.5,0.4876360945711256,0.70494726462837,-0.34963228091324794,0.012363905428874389
strong_stable,260915,quadratic_narrative_position,65,0.5,0.4874664910208953,0.7048752344560298,-0.3497344642341264,0.012533508979104713
strong_stable,260915,quadratic_narrative_position,66,0.5,0.4873049360459823,0.7048057163439597,-0.34983309380287675,0.012695063954017705
strong_stable,260915,quadratic_narrative_position,67,0.5,0.4871514296463865,0.7047388426570605,-0.3499279807456447,0.012848570353613475
strong_stable,260915,quadratic_narrative_position,68,0.5,0.48700597182210786,0.7046747391121846,-0.35001894559194574,0.012994028177892136
strong_stable,260915,quadratic_narrative_position,69,0.5,0.4868685625731465,0.7046135247855156,-0.35010581827552023,0.01313143742685352
strong_stable,260915,quadratic_narrative_position,70,0.25,0.48673920189950226,0.17217063228061005,-1.7592692457801589,0.23673920189950226
strong_stable,260915,quadratic_narrative_position,71,0.75,0.4866178898011753,0.12137454150218657,-2.1088741299086866,0.2633821101988247
strong_stable,260915,quadratic_narrative_position,72,0.5,0.48650462627816554,0.7044483084166953,-0.35034032376801805,0.013495373721834458
strong_stable,260915,quadratic_narrative_position,73,0.5,0.48639941133047304,0.7043997091594992,-0.35040931525128527,0.013600588669526958
strong_stable,260915,quadratic_narrative_position,74,0.5,0.4863022449580977,0.7043544951363142,-0.3504735053322272,0.013697755041902293
strong_stable,260915,quadratic_narrative_position,75,0.5,0.4862131271610396,0.704312745722732,-0.3505327803865247,0.013786872838960407
strong_stable,260915,quadratic_narrative_position,76,0.5,0.4861320579392987,0.7042745336988766,-0.35058703619931386,0.0138679420607013
strong_stable,260915,quadratic_narrative_position,77,0.5,0.486059037292875,0.7042399252545771,-0.35063617796578483,0.013940962707125026
strong_stable,260915,quadratic_narrative_position,78,0.5,0.4859940652217685,0.704208979994143,-0.3506801202917348,0.014005934778231477
strong_stable,260915,quadratic_narrative_position,79,0.5,0.48593714172597924,0.7041817509407231,-0.35071878719407257,0.014062858274020762
strong_stable,260916,rcwe,60,0.75,0.5386898336425472,0.05242609227588353,-2.948350867391962,0.2113101663574528
strong_stable,260916,rcwe,61,0.5,0.5389805891773545,0.9459553699310228,-0.05555988870592624,0.038980589177354474
strong_stable,260916,rcwe,62,0.5,0.5364841569018489,0.950659975391581,-0.050598824648985255,0.03648415690184892
strong_stable,260916,rcwe,63,0.5,0.5340019288775032,0.9549482831603648,-0.04609809372655478,0.034001928877503196
strong_stable,260916,rcwe,64,0.5,0.5339554912708571,0.9550249012436927,-0.04601786424061795,0.03395549127085706
strong_stable,260916,rcwe,65,0.5,0.5360743472828287,0.9513943417009972,-0.04982664234135423,0.036074347282828656
strong_stable,260916,rcwe,66,0.5,0.5380029404722714,0.9478455282000594,-0.05356373494072996,0.038002940472271374
strong_stable,260916,rcwe,67,0.5,0.5378817904209022,0.9480754457573687,-0.0533211957615188,0.03788179042090223
strong_stable,260916,rcwe,68,0.5,0.5361001454175247,0.9513484232093496,-0.049874907921445576,0.03610014541752471
strong_stable,260916,rcwe,69,0.5,0.53461452494736,0.9539252670061812,-0.04716994707382039,0.03461452494735995
strong_stable,260916,rcwe,70,0.5,0.5348372629619165,0.9535476140902815,-0.04756591906857499,0.03483726296191647
strong_stable,260916,rcwe,71,0.5,0.5363281952453168,0.950940698107717,-0.0503035757861852,0.03632819524531683
strong_stable,260916,rcwe,72,0.5,0.5374636193891421,0.9488617991934624,-0.05249211880261608,0.03746361938914211
strong_stable,260916,rcwe,73,0.5,0.5371811286423953,0.9493866763117239,-0.05193910676187314,0.03718112864239531
strong_stable,260916,rcwe,74,0.5,0.5359433391085671,0.9516268820558261,-0.049582251629276694,0.03594333910856706
strong_stable,260916,rcwe,75,0.5,0.5350838173131897,0.9531260239588434,-0.04800814486946264,0.03508381731318966
strong_stable,260916,rcwe,76,0.5,0.5353927759249859,0.9525924304423279,-0.04856813685487616,0.03539277592498591
strong_stable,260916,rcwe,77,0.5,0.5364157230663401,0.9507833412347231,-0.05046906443763795,0.03641572306634011
strong_stable,260916,rcwe,78,0.5,0.5370593005449149,0.9496114668311406,-0.051702360326624335,0.03705930054491491
strong_stable,260916,rcwe,79,0.5,0.5367447546730574,0.9501874901430749,-0.05109595581474549,0.03674475467305738
strong_stable,260916,persistence,60,0.75,0.5,0.1481079938862722,-1.9098135828904241,0.25
strong_stable,260916,persistence,61,0.5,0.5,0.7019884823863607,-0.35383828194795586,0.0
strong_stable,260916,persistence,62,0.5,0.5,0.7019884823863607,-0.35383828194795586,0.0
strong_stable,260916,persistence,63,0.5,0.5,0.7019884823863607,-0.35383828194795586,0.0
strong_stable,260916,persistence,64,0.5,0.5,0.7019884823863607,-0.35383828194795586,0.0
strong_stable,260916,persistence,65,0.5,0.5,0.7019884823863607,-0.35383828194795586,0.0
strong_stable,260916,persistence,66,0.5,0.5,0.7019884823863607,-0.35383828194795586,0.0
strong_stable,260916,persistence,67,0.5,0.5,0.7019884823863607,-0.35383828194795586,0.0
strong_stable,260916,persistence,68,0.5,0.5,0.7019884823863607,-0.35383828194795586,0.0
strong_stable,260916,persistence,69,0.5,0.5,0.7019884823863607,-0.35383828194795586,0.0
strong_stable,260916,persistence,70,0.5,0.5,0.7019884823863607,-0.35383828194795586,0.0
strong_stable,260916,persistence,71,0.5,0.5,0.7019884823863607,-0.35383828194795586,0.0
strong_stable,260916,persistence,72,0.5,0.5,0.7019884823863607,-0.35383828194795586,0.0
strong_stable,260916,persistence,73,0.5,0.5,0.7019884823863607,-0.35383828194795586,0.0
strong_stable,260916,persistence,74,0.5,0.5,0.7019884823863607,-0.35383828194795586,0.0
strong_stable,260916,persistence,75,0.5,0.5,0.7019884823863607,-0.35383828194795586,0.0
strong_stable,260916,persistence,76,0.5,0.5,0.7019884823863607,-0.35383828194795586,0.0
strong_stable,260916,persistence,77,0.5,0.5,0.7019884823863607,-0.35383828194795586,0.0
strong_stable,260916,persistence,78,0.5,0.5,0.7019884823863607,-0.35383828194795586,0.0
strong_stable,260916,persistence,79,0.5,0.5,0.7019884823863607,-0.35383828194795586,0.0
strong_stable,260916,ar1,60,0.75,0.5277666653028914,0.12407236875505913,-2.0868902646240186,0.2222333346971086
strong_stable,260916,ar1,61,0.5,0.5317867568451222,0.8345622577205241,-0.18084793384516445,0.03178675684512222
strong_stable,260916,ar1,62,0.5,0.532368790583478,0.8335462883597516,-0.1820660434085781,0.03236879058347797
strong_stable,260916,ar1,63,0.5,0.5324530581353547,0.8333977303669208,-0.18224428333931997,0.032453058135354707
strong_stable,260916,ar1,64,0.5,0.5324652584939101,0.833376191285808,-0.18227012857343866,0.03246525849391013
strong_stable,260916,ar1,65,0.5,0.5324670248766467,0.8333730721885739,-0.18227387130463688,0.032467024876646655
strong_stable,260916,ar1,66,0.5,0.5324672806156856,0.8333726205884106,-0.1822744131991387,0.0324672806156856
strong_stable,260916,ar1,67,0.5,0.5324673176418944,0.8333725552049078,-0.1822744916556462,0.03246731764189437
strong_stable,260916,ar1,68,0.5,0.5324673230025939,0.8333725457385986,-0.18227450301468262,0.03246732300259392
strong_stable,260916,ar1,69,0.5,0.5324673237787225,0.8333725443680549,-0.18227450465925785,0.03246732377872252
strong_stable,260916,ar1,70,0.5,0.5324673238910913,0.8333725441696259,-0.1822745048973613,0.032467323891091304
strong_stable,260916,ar1,71,0.5,0.5324673239073603,0.8333725441408971,-0.1822745049318343,0.03246732390736029
strong_stable,260916,ar1,72,0.5,0.5324673239097157,0.8333725441367377,-0.18227450493682545,0.03246732390971574
strong_stable,260916,ar1,73,0.5,0.5324673239100567,0.8333725441361356,-0.1822745049375479,0.03246732391005669
strong_stable,260916,ar1,74,0.5,0.5324673239101061,0.8333725441360483,-0.18227450493765257,0.032467323910106094
strong_stable,260916,ar1,75,0.5,0.5324673239101132,0.8333725441360358,-0.18227450493766767,0.0324673239101132
strong_stable,260916,ar1,76,0.5,0.5324673239101143,0.8333725441360338,-0.18227450493767,0.03246732391011431
strong_stable,260916,ar1,77,0.5,0.5324673239101144,0.8333725441360336,-0.18227450493767028,0.03246732391011442
strong_stable,260916,ar1,78,0.5,0.5324673239101144,0.8333725441360336,-0.18227450493767028,0.03246732391011442
strong_stable,260916,ar1,79,0.5,0.5324673239101144,0.8333725441360336,-0.18227450493767028,0.03246732391011442
strong_stable,260916,quadratic_narrative_position,60,0.75,0.5615965890216897,0.24018470528488242,-1.426347046280813,0.18840341097831026
strong_stable,260916,quadratic_narrative_position,61,0.5,0.5650671554742447,0.7301062869835196,-0.31456515683058756,0.06506715547424469
strong_stable,260916,quadratic_narrative_position,62,0.5,0.5686445736810144,0.7188629741118832,-0.3300845178492197,0.0686445736810144
strong_stable,260916,quadratic_narrative_position,63,0.5,0.572328843641999,0.7068045944080604,-0.34700103826335293,0.07232884364199899
strong_stable,260916,quadratic_narrative_position,64,0.5,0.5761199653571986,0.6939139620036707,-0.3654073002188626,0.07611996535719856
strong_stable,260916,quadratic_narrative_position,65,0.5,0.5800179388266129,0.6801782655230777,-0.3854003599876531,0.0800179388266129
strong_stable,260916,quadratic_narrative_position,66,0.5,0.5840227640502421,0.6655896574318293,-0.407081928310064,0.08402276405024212
strong_stable,260916,quadratic_narrative_position,67,0.5,0.5881344410280862,0.6501458537809136,-0.4305585508320471,0.08813444102808621
strong_stable,260916,quadratic_narrative_position,68,0.5,0.5923529697601452,0.6338507344349084,-0.455941786909253,0.09235296976014518
strong_stable,260916,quadratic_narrative_position,69,0.5,0.5966783502464189,0.6167149317209561,-0.48334838498502475,0.09667835024641891
strong_stable,260916,quadratic_narrative_position,70,0.5,0.6011105824869076,0.5987563932096036,-0.5129004527196896,0.10111058248690763
strong_stable,260916,quadratic_narrative_position,71,0.5,0.6056496664816111,0.5800009021235188,-0.5447256200575044,0.10564966648161112
strong_stable,260916,quadratic_narrative_position,72,0.5,0.6102956022305296,0.5604825367751318,-0.5789571934671043,0.11029560223052959
strong_stable,260916,quadratic_narrative_position,73,0.5,0.6150483897336628,0.5402440485920026,-0.6157342996817278,0.11504838973366283
strong_stable,260916,quadratic_narrative_position,74,0.5,0.6199080289910109,0.5193371368529367,-0.6552020173960451,0.11990802899101094
strong_stable,260916,quadratic_narrative_position,75,0.5,0.6248745200025739,0.49782259739925067,-0.6975114955444932,0.12487452000257393
strong_stable,260916,quadratic_narrative_position,76,0.5,0.6299478627683518,0.47577032248449624,-0.742820056987794,0.1299478627683518
strong_stable,260916,quadratic_narrative_position,77,0.5,0.6351280572883445,0.4532591297628917,-0.7912912866644561,0.13512805728834454
strong_stable,260916,quadratic_narrative_position,78,0.5,0.640415103562552,0.43037640035961894,-0.8430951035160935,0.14041510356255205
strong_stable,260916,quadratic_narrative_position,79,0.5,0.6458090015909745,0.40721750915541205,-0.8984078157620677,0.14580900159097454
strong_stable,260917,rcwe,60,0.5,0.5211992494449642,0.9514789806201184,-0.04973768327278758,0.021199249444964208
strong_stable,260917,rcwe,61,0.5,0.5203189616846953,0.9524630481575316,-0.04870396731907903,0.02031896168469527
strong_stable,260917,rcwe,62,0.5,0.5204208958787857,0.9523513363783804,-0.04882126145564811,0.020420895878785705
strong_stable,260917,rcwe,63,0.5,0.5212377109847656,0.9514349854709178,-0.049783923039789624,0.021237710984765568
strong_stable,260917,rcwe,64,0.25,0.5218145662326688,0.007036408499546444,-4.956657395300619,0.27181456623266875
strong_stable,260917,rcwe,65,0.5,0.5216010908989502,0.9510151840833307,-0.050225250125375424,0.021601090898950237
strong_stable,260917,rcwe,66,0.5,0.5209471871987256,0.9517652344189679,-0.049436877103252494,0.02094718719872557
strong_stable,260917,rcwe,67,0.5,0.5205950864175871,0.9521590813353974,-0.049023155907731916,0.020595086417587116
strong_stable,260917,rcwe,68,0.5,0.5208549923587968,0.9518690372465322,-0.049327819571338666,0.020854992358796842
strong_stable,260917,rcwe,69,0.5,0.5213592518260767,0.9512954069309286,-0.04993063698391629,0.021359251826076675
strong_stable,260917,rcwe,70,0.5,0.5215511807826104,0.9510732876507854,-0.05016415563020744,0.021551180782610424
strong_stable,260917,rcwe,71,0.5,0.5212863381415646,0.9513792421346919,-0.049842513453328796,0.021286338141564554
strong_stable,260917,rcwe,72,0.5,0.5209116542106651,0.951805298193056,-0.04939478381234705,0.020911654210665098
strong_stable,260917,rcwe,73,0.5,0.520828772678315,0.9518984703967756,-0.049296898621036124,0.020828772678314955
strong_stable,260917,rcwe,74,0.5,0.5210740407012795,0.9516216231825403,-0.0495877778369909,0.021074040701279495
strong_stable,260917,rcwe,75,0.5,0.5213419239192522,0.9513153576415784,-0.049909665053112624,0.02134192391925216
strong_stable,260917,rcwe,76,0.5,0.5213545285439918,0.9513008468313802,-0.049924918586814644,0.02135452854399178
strong_stable,260917,rcwe,77,0.5,0.5211414040999472,0.951544990583445,-0.04966830951360026,0.021141404099947247
strong_stable,260917,rcwe,78,0.5,0.5209581476093154,0.9517528620420774,-0.04944987658764253,0.02095814760931536
strong_stable,260917,rcwe,79,0.5,0.520987321279448,0.9517198969771687,-0.04948451334801208,0.020987321279448024
strong_stable,260917,persistence,60,0.5,0.5,0.7293590882266765,-0.31558909180680234,0.0
strong_stable,260917,persistence,61,0.5,0.5,0.7293590882266765,-0.31558909180680234,0.0
strong_stable,260917,persistence,62,0.5,0.5,0.7293590882266765,-0.31558909180680234,0.0
strong_stable,260917,persistence,63,0.5,0.5,0.7293590882266765,-0.31558909180680234,0.0
strong_stable,260917,persistence,64,0.25,0.5,0.13484517287792414,-2.0036280262705124,0.25
strong_stable,260917,persistence,65,0.5,0.5,0.7293590882266765,-0.31558909180680234,0.0
strong_stable,260917,persistence,66,0.5,0.5,0.7293590882266765,-0.31558909180680234,0.0
strong_stable,260917,persistence,67,0.5,0.5,0.7293590882266765,-0.31558909180680234,0.0
strong_stable,260917,persistence,68,0.5,0.5,0.7293590882266765,-0.31558909180680234,0.0
strong_stable,260917,persistence,69,0.5,0.5,0.7293590882266765,-0.31558909180680234,0.0
strong_stable,260917,persistence,70,0.5,0.5,0.7293590882266765,-0.31558909180680234,0.0
strong_stable,260917,persistence,71,0.5,0.5,0.7293590882266765,-0.31558909180680234,0.0
strong_stable,260917,persistence,72,0.5,0.5,0.7293590882266765,-0.31558909180680234,0.0
strong_stable,260917,persistence,73,0.5,0.5,0.7293590882266765,-0.31558909180680234,0.0
strong_stable,260917,persistence,74,0.5,0.5,0.7293590882266765,-0.31558909180680234,0.0
strong_stable,260917,persistence,75,0.5,0.5,0.7293590882266765,-0.31558909180680234,0.0
strong_stable,260917,persistence,76,0.5,0.5,0.7293590882266765,-0.31558909180680234,0.0
strong_stable,260917,persistence,77,0.5,0.5,0.7293590882266765,-0.31558909180680234,0.0
strong_stable,260917,persistence,78,0.5,0.5,0.7293590882266765,-0.31558909180680234,0.0
strong_stable,260917,persistence,79,0.5,0.5,0.7293590882266765,-0.31558909180680234,0.0
strong_stable,260917,ar1,60,0.5,0.5210397027520288,0.8682504480238673,-0.14127507135017742,0.02103970275202882
strong_stable,260917,ar1,61,0.5,0.523085327656208,0.8656795174466893,-0.1442405111457899,0.023085327656207966
strong_stable,260917,ar1,62,0.5,0.5232842174075469,0.865417042395234,-0.1445437583008655,0.023284217407546937
strong_stable,260917,ar1,63,0.5,0.5233035548398919,0.8653914046878507,-0.14457338342481074,0.023303554839891882
strong_stable,260917,ar1,64,0.25,0.5233054349583353,0.032214280902383895,-3.4353454184664036,0.27330543495833526
strong_stable,260917,ar1,65,0.5,0.5233056177564079,0.8653886684232174,-0.1445765453108018,0.023305617756407937
strong_stable,260917,ar1,66,0.5,0.5233056355292963,0.8653886448481187,-0.14457657255301073,0.02330563552929632
strong_stable,260917,ar1,67,0.5,0.5233056372572991,0.8653886425559842,-0.1445765752016872,0.02330563725729906
strong_stable,260917,ar1,68,0.5,0.5233056374253073,0.8653886423331272,-0.1445765754592097,0.023305637425307335
strong_stable,260917,ar1,69,0.5,0.5233056374416423,0.8653886423114594,-0.14457657548424793,0.02330563744164227
strong_stable,260917,ar1,70,0.5,0.5233056374432304,0.865388642309353,-0.14457657548668204,0.023305637443230443
strong_stable,260917,ar1,71,0.5,0.5233056374433849,0.865388642309148,-0.14457657548691885,0.023305637443384875
strong_stable,260917,ar1,72,0.5,0.5233056374433999,0.8653886423091282,-0.14457657548694175,0.023305637443399863
strong_stable,260917,ar1,73,0.5,0.5233056374434013,0.8653886423091262,-0.14457657548694405,0.023305637443401306
strong_stable,260917,ar1,74,0.5,0.5233056374434015,0.8653886423091258,-0.1445765754869445,0.023305637443401528
strong_stable,260917,ar1,75,0.5,0.5233056374434015,0.8653886423091258,-0.1445765754869445,0.023305637443401528
strong_stable,260917,ar1,76,0.5,0.5233056374434015,0.8653886423091258,-0.1445765754869445,0.023305637443401528
strong_stable,260917,ar1,77,0.5,0.5233056374434015,0.8653886423091258,-0.1445765754869445,0.023305637443401528
strong_stable,260917,ar1,78,0.5,0.5233056374434015,0.8653886423091258,-0.1445765754869445,0.023305637443401528
strong_stable,260917,ar1,79,0.5,0.5233056374434015,0.8653886423091258,-0.1445765754869445,0.023305637443401528
strong_stable,260917,quadratic_narrative_position,60,0.5,0.5528952972787043,0.7855164346854117,-0.24141389892683546,0.052895297278704345
strong_stable,260917,quadratic_narrative_position,61,0.5,0.5558682258454226,0.7770953618053339,-0.2521922053790984,0.055868225845422614
strong_stable,260917,quadratic_narrative_position,62,0.5,0.5589249148524725,0.7680244109301901,-0.2639337612742476,0.05892491485247253
strong_stable,260917,quadratic_narrative_position,63,0.5,0.5620653642998539,0.7582813454275986,-0.27670079409532006,0.062065364299853876
strong_stable,260917,quadratic_narrative_position,64,0.25,0.565289574187567,0.012185691027504797,-4.4074928821872,0.315289574187567
strong_stable,260917,quadratic_narrative_position,65,0.5,0.5685975445156116,0.7366995343008099,-0.30557515743581154,0.06859754451561162
strong_stable,260917,quadratic_narrative_position,66,0.5,0.5719892752839879,0.7248269868487176,-0.32182229143559365,0.07198927528398791
strong_stable,260917,quadratic_narrative_position,67,0.5,0.5754647664926958,0.7122154797600446,-0.3393747732440203,0.07546476649269585
strong_stable,260917,quadratic_narrative_position,68,0.5,0.5790240181417352,0.6988557190756461,-0.35831096853223304,0.07902401814173521
strong_stable,260917,quadratic_narrative_position,69,0.5,0.5826670302311063,0.6847421982558974,-0.3787128644695414,0.08266703023110633
strong_stable,260917,quadratic_narrative_position,70,0.5,0.5863938027608091,0.6698736293087552,-0.4006661973587961,0.0863938027608091
strong_stable,260917,quadratic_narrative_position,71,0.5,0.5902043357308434,0.6542533767072056,-0.424260576397267,0.09020433573084341
strong_stable,260917,quadratic_narrative_position,72,0.5,0.5940986291412094,0.6378898863870979,-0.44958960240279033,0.09409862914120937
strong_stable,260917,quadratic_narrative_position,73,0.5,0.5980766829919069,0.6207971007057307,-0.4767509803789778,0.09807668299190686
strong_stable,260917,quadratic_narrative_position,74,0.5,0.602138497282936,0.6029948488370414,-0.5058466248502431,0.102138497282936
strong_stable,260917,quadratic_narrative_position,75,0.5,0.6062840720142967,0.5845092007414725,-0.536982756976673,0.10628407201429668
strong_stable,260917,quadratic_narrative_position,76,0.5,0.6105134071859891,0.5653727716495399,-0.5702699925590606,0.11051340718598912
strong_stable,260917,quadratic_narrative_position,77,0.5,0.6148265027980131,0.5456249630200923,-0.6058234201635903,0.1148265027980131
strong_stable,260917,quadratic_narrative_position,78,0.5,0.6192233588503686,0.5253121252674698,-0.6437626687310906,0.11922335885036861
strong_stable,260917,quadratic_narrative_position,79,0.5,0.6237039753430558,0.5044876272914658,-0.6842119641840237,0.12370397534305577
strong_stable,260918,rcwe,60,0.5,0.5072955075469205,0.8473321676822709,-0.16566249157181215,0.007295507546920543
strong_stable,260918,rcwe,61,0.5,0.508652571582198,0.8467496932275127,-0.16635014957837213,0.00865257158219801
strong_stable,260918,rcwe,62,0.5,0.5112790605266688,0.8453418523074085,-0.16801417449318948,0.011279060526668827
strong_stable,260918,rcwe,63,0.75,0.5121739170308326,0.09757376706981133,-2.327146601713339,0.2378260829691674
strong_stable,260918,rcwe,64,0.5,0.5106032353718893,0.8457394036017679,-0.16754400039564815,0.010603235371889341
strong_stable,260918,rcwe,65,0.5,0.5085877772652819,0.8467797511391737,-0.16631465221897973,0.008587777265281926
strong_stable,260918,rcwe,66,0.5,0.5083591540575783,0.8468840092083613,-0.16619153679104154,0.008359154057578255
strong_stable,260918,rcwe,67,0.5,0.509926947414855,0.8461127565598173,-0.16710264627156884,0.009926947414855003
strong_stable,260918,rcwe,68,0.5,0.5113619942244993,0.8452913840288694,-0.1680738778959967,0.01136199422449935
strong_stable,260918,rcwe,69,0.5,0.5111347813917563,0.845428775102867,-0.16791135416484243,0.011134781391756277
strong_stable,260918,rcwe,70,0.5,0.5097114082728198,0.8462265999954423,-0.16696810654659505,0.0097114082728198
strong_stable,260918,rcwe,71,0.25,0.5087850478130124,0.06225770894136215,-2.7764729128892074,0.25878504781301237
strong_stable,260918,rcwe,72,0.5,0.5092884679861971,0.8464427532542492,-0.16671270727494525,0.009288467986197091
strong_stable,260918,rcwe,73,0.5,0.5104890901454414,0.8458041365883323,-0.16746746321518785,0.010489090145441415
strong_stable,260918,rcwe,74,0.5,0.5109997312646903,0.8455091289851911,-0.1678163135578628,0.010999731264690338
strong_stable,260918,rcwe,75,0.75,0.5103616783922339,0.09403628929455662,-2.364074514887632,0.2396383216077661
strong_stable,260918,rcwe,76,0.5,0.5094154192088871,0.8463788789463351,-0.1667881721753569,0.00941541920888711
strong_stable,260918,rcwe,77,0.5,0.5092219653725758,0.8464758685756205,-0.16667358510929767,0.009221965372575802
strong_stable,260918,rcwe,78,0.5,0.5098899699263401,0.8461324641929964,-0.1670793545725428,0.009889969926340059
strong_stable,260918,rcwe,79,0.5,0.5105847721577815,0.8457499215678206,-0.16753156405815994,0.01058477215778153
strong_stable,260918,persistence,60,0.5,0.5,0.6053850162402027,-0.5018906328821727,0.0
strong_stable,260918,persistence,61,0.5,0.5,0.6053850162402027,-0.5018906328821727,0.0
strong_stable,260918,persistence,62,0.5,0.5,0.6053850162402027,-0.5018906328821727,0.0
strong_stable,260918,persistence,63,0.75,0.5,0.19198028658880642,-1.6503625862423263,0.25
strong_stable,260918,persistence,64,0.5,0.5,0.6053850162402027,-0.5018906328821727,0.0
strong_stable,260918,persistence,65,0.5,0.5,0.6053850162402027,-0.5018906328821727,0.0
strong_stable,260918,persistence,66,0.5,0.5,0.6053850162402027,-0.5018906328821727,0.0
strong_stable,260918,persistence,67,0.5,0.5,0.6053850162402027,-0.5018906328821727,0.0
strong_stable,260918,persistence,68,0.5,0.5,0.6053850162402027,-0.5018906328821727,0.0
strong_stable,260918,persistence,69,0.5,0.5,0.6053850162402027,-0.5018906328821727,0.0
strong_stable,260918,persistence,70,0.5,0.5,0.6053850162402027,-0.5018906328821727,0.0
strong_stable,260918,persistence,71,0.25,0.5,0.19198028658880642,-1.6503625862423263,0.25
strong_stable,260918,persistence,72,0.5,0.5,0.6053850162402027,-0.5018906328821727,0.0
strong_stable,260918,persistence,73,0.5,0.5,0.6053850162402027,-0.5018906328821727,0.0
strong_stable,260918,persistence,74,0.5,0.5,0.6053850162402027,-0.5018906328821727,0.0
strong_stable,260918,persistence,75,0.75,0.5,0.19198028658880642,-1.6503625862423263,0.25
strong_stable,260918,persistence,76,0.5,0.5,0.6053850162402027,-0.5018906328821727,0.0
strong_stable,260918,persistence,77,0.5,0.5,0.6053850162402027,-0.5018906328821727,0.0
strong_stable,260918,persistence,78,0.5,0.5,0.6053850162402027,-0.5018906328821727,0.0
strong_stable,260918,persistence,79,0.5,0.5,0.6053850162402027,-0.5018906328821727,0.0
strong_stable,260918,ar1,60,0.5,0.5131603969966352,0.7826421493054974,-0.2450797126117813,0.013160396996635182
strong_stable,260918,ar1,61,0.5,0.5140762583511975,0.7820789778842582,-0.24579954879954805,0.014076258351197524
strong_stable,260918,ar1,62,0.5,0.5141399951838322,0.7820383889733057,-0.24585144888303484,0.014139995183832244
strong_stable,260918,ar1,63,0.75,0.514144430772051,0.13476638114637038,-2.004212509632748,0.23585556922794904
strong_stable,260918,ar1,64,0.5,0.5141447394545198,0.7820353604629888,-0.24585532147576644,0.014144739454519772
strong_stable,260918,ar1,65,0.5,0.5141447609364206,0.7820353467477059,-0.24585533901369855,0.014144760936420586
strong_stable,260918,ar1,66,0.5,0.514144762431394,0.7820353457932281,-0.24585534023420327,0.014144762431393954
strong_stable,260918,ar1,67,0.5,0.5141447625354325,0.7820353457268038,-0.24585534031914102,0.014144762535432509
strong_stable,260918,ar1,68,0.5,0.5141447625426728,0.7820353457221811,-0.24585534032505207,0.014144762542672829
strong_stable,260918,ar1,69,0.5,0.5141447625431766,0.7820353457218595,-0.2458553403254633,0.014144762543176648
strong_stable,260918,ar1,70,0.5,0.5141447625432117,0.7820353457218371,-0.245855340325492,0.01414476254321173
strong_stable,260918,ar1,71,0.25,0.5141447625432142,0.0829796129119045,-2.4891603289243465,0.2641447625432142
strong_stable,260918,ar1,72,0.5,0.5141447625432143,0.7820353457218354,-0.24585534032549405,0.014144762543214284
strong_stable,260918,ar1,73,0.5,0.5141447625432143,0.7820353457218354,-0.24585534032549405,0.014144762543214284
strong_stable,260918,ar1,74,0.5,0.5141447625432143,0.7820353457218354,-0.24585534032549405,0.014144762543214284
strong_stable,260918,ar1,75,0.75,0.5141447625432143,0.1347670957879658,-2.0042072068287804,0.23585523745678572
strong_stable,260918,ar1,76,0.5,0.5141447625432143,0.7820353457218354,-0.24585534032549405,0.014144762543214284
strong_stable,260918,ar1,77,0.5,0.5141447625432143,0.7820353457218354,-0.24585534032549405,0.014144762543214284
strong_stable,260918,ar1,78,0.5,0.5141447625432143,0.7820353457218354,-0.24585534032549405,0.014144762543214284
strong_stable,260918,ar1,79,0.5,0.5141447625432143,0.7820353457218354,-0.24585534032549405,0.014144762543214284
strong_stable,260918,quadratic_narrative_position,60,0.5,0.6083663595666354,0.5582194380349794,-0.5830031357793335,0.10836635956663543
strong_stable,260918,quadratic_narrative_position,61,0.5,0.6157266339266301,0.530296867744575,-0.6343183014290499,0.11572663392663007
strong_stable,260918,quadratic_narrative_position,62,0.5,0.623283914419829,0.5011257421751119,-0.6908982270026293,0.123283914419829
strong_stable,260918,quadratic_narrative_position,63,0.75,0.6310382010462321,0.5178585225304158,-0.6580531965555593,0.1189617989537679
strong_stable,260918,quadratic_narrative_position,64,0.5,0.6389894938058394,0.4398321368296541,-0.8213621320675502,0.13898949380583936
strong_stable,260918,quadratic_narrative_position,65,0.5,0.6471377926986508,0.4081797849581323,-0.8960475522282273,0.1471377926986508
strong_stable,260918,quadratic_narrative_position,66,0.5,0.6554830977246664,0.37621251484512036,-0.9776010962008992,0.1554830977246664
strong_stable,260918,quadratic_narrative_position,67,0.5,0.6640254088838862,0.3442211477425939,-1.066470956817252,0.16402540888388617
strong_stable,260918,quadratic_narrative_position,68,0.5,0.6727647261763101,0.31250824766839524,-1.163124417615093,0.1727647261763101
strong_stable,260918,quadratic_narrative_position,69,0.5,0.6817010496019382,0.2813804059730252,-1.2680477672413564,0.18170104960193822
strong_stable,260918,quadratic_narrative_position,70,0.5,0.6908343791607705,0.2511396472526497,-1.3817461310068015,0.1908343791607705
strong_stable,260918,quadratic_narrative_position,71,0.25,0.7001647148528071,0.0004776520570938845,-7.6466280045604,0.45016471485280707
strong_stable,260918,quadratic_narrative_position,72,0.5,0.7096920566780478,0.1944498350297192,-1.6375810667750879,0.2096920566780478
strong_stable,260918,quadratic_narrative_position,73,0.5,0.7194164046364927,0.1684999909643591,-1.7808195828137037,0.2194164046364927
strong_stable,260918,quadratic_narrative_position,74,0.5,0.7293377587281418,0.14441903454013194,-1.9350362430657013,0.22933775872814177
strong_stable,260918,quadratic_narrative_position,75,0.75,0.739456118952995,0.7932815460048301,-0.23157708126060933,0.010543881047004988
strong_stable,260918,quadratic_narrative_position,76,0.5,0.7497714853110524,0.10240713149453658,-2.278798925300392,0.24977148531105242
strong_stable,260918,quadratic_narrative_position,77,0.5,0.760283857802314,0.08462008757162368,-2.4695835988098285,0.260283857802314
strong_stable,260918,quadratic_narrative_position,78,0.5,0.7709932364267797,0.06898799216821556,-2.673822816076855,0.27099323642677975
strong_stable,260918,quadratic_narrative_position,79,0.5,0.7818996211844497,0.05545546188495548,-2.892175068955421,0.28189962118444967
strong_stable,260919,rcwe,60,0.5,0.4846163742648314,0.8516552583115983,-0.16057346043100756,0.015383625735168605
strong_stable,260919,rcwe,61,0.5,0.4815530359704537,0.8488199265985447,-0.16390821575794345,0.01844696402954632
strong_stable,260919,rcwe,62,0.5,0.4822974383867649,0.8495555945837802,-0.16304189612242032,0.01770256161323508
strong_stable,260919,rcwe,63,0.5,0.485595839098542,0.8524545269769123,-0.15963541203668147,0.014404160901458019
strong_stable,260919,rcwe,64,0.5,0.48766654411945476,0.8539725071337766,-0.15785627876355846,0.012333455880545241
strong_stable,260919,rcwe,65,0.5,0.4864813398593316,0.8531322359308133,-0.1588407189676379,0.013518660140668382
strong_stable,260919,rcwe,66,0.5,0.48368657039563245,0.8508483463597067,-0.16152137268223288,0.016313429604367546
strong_stable,260919,rcwe,67,0.5,0.48242176252970026,0.849675544301213,-0.16290071495537706,0.01757823747029974
strong_stable,260919,rcwe,68,0.5,0.4838281771181453,0.8509742620791216,-0.1613733951914882,0.016171822881854703
strong_stable,260919,rcwe,69,0.5,0.48609763624451263,0.8528438095869276,-0.159178855423178,0.013902363755487368
strong_stable,260919,rcwe,70,0.5,0.48673744956101483,0.8533202911723329,-0.1586203140758592,0.013262550438985166
strong_stable,260919,rcwe,71,0.5,0.4852740789334958,0.8521977098581969,-0.15993672524897068,0.014725921066504222
strong_stable,260919,rcwe,72,0.5,0.48350583170134787,0.8506860568352917,-0.1617121293599731,0.016494168298652134
strong_stable,260919,rcwe,73,0.5,0.4833307511633726,0.8505271611952182,-0.16189893209445883,0.016669248836627404
strong_stable,260919,rcwe,74,0.5,0.48473640653005207,0.8517560085827615,-0.1604551680688062,0.015263593469947934
strong_stable,260919,rcwe,75,0.5,0.4860500413593405,0.8528074744572602,-0.15922146100148443,0.01394995864065951
strong_stable,260919,rcwe,76,0.5,0.4859011377332079,0.8526930018667132,-0.15935570029641052,0.014098862266792078
strong_stable,260919,rcwe,77,0.5,0.48462581256548815,0.8516632087664693,-0.16056412517747198,0.015374187434511855
strong_stable,260919,rcwe,78,0.5,0.48370453203521274,0.8508643778834905,-0.16150253104867648,0.016295467964787258
strong_stable,260919,rcwe,79,0.5,0.4840628381228347,0.8511805287624287,-0.1611310357005341,0.015937161877165318
strong_stable,260919,persistence,60,0.5,0.5,0.5850553039596335,-0.536048899535457,0.0
strong_stable,260919,persistence,61,0.5,0.5,0.5850553039596335,-0.536048899535457,0.0
strong_stable,260919,persistence,62,0.5,0.5,0.5850553039596335,-0.536048899535457,0.0
strong_stable,260919,persistence,63,0.5,0.5,0.5850553039596335,-0.536048899535457,0.0
strong_stable,260919,persistence,64,0.5,0.5,0.5850553039596335,-0.536048899535457,0.0
strong_stable,260919,persistence,65,0.5,0.5,0.5850553039596335,-0.536048899535457,0.0
strong_stable,260919,persistence,66,0.5,0.5,0.5850553039596335,-0.536048899535457,0.0
strong_stable,260919,persistence,67,0.5,0.5,0.5850553039596335,-0.536048899535457,0.0
strong_stable,260919,persistence,68,0.5,0.5,0.5850553039596335,-0.536048899535457,0.0
strong_stable,260919,persistence,69,0.5,0.5,0.5850553039596335,-0.536048899535457,0.0
strong_stable,260919,persistence,70,0.5,0.5,0.5850553039596335,-0.536048899535457,0.0
strong_stable,260919,persistence,71,0.5,0.5,0.5850553039596335,-0.536048899535457,0.0
strong_stable,260919,persistence,72,0.5,0.5,0.5850553039596335,-0.536048899535457,0.0
strong_stable,260919,persistence,73,0.5,0.5,0.5850553039596335,-0.536048899535457,0.0
strong_stable,260919,persistence,74,0.5,0.5,0.5850553039596335,-0.536048899535457,0.0
strong_stable,260919,persistence,75,0.5,0.5,0.5850553039596335,-0.536048899535457,0.0
strong_stable,260919,persistence,76,0.5,0.5,0.5850553039596335,-0.536048899535457,0.0
strong_stable,260919,persistence,77,0.5,0.5,0.5850553039596335,-0.536048899535457,0.0
strong_stable,260919,persistence,78,0.5,0.5,0.5850553039596335,-0.536048899535457,0.0
strong_stable,260919,persistence,79,0.5,0.5,0.5850553039596335,-0.536048899535457,0.0
strong_stable,260919,ar1,60,0.5,0.49166261006925327,0.766245205582797,-0.2662530487394842,0.00833738993074673
strong_stable,260919,ar1,61,0.5,0.49110912837553855,0.7660422500612033,-0.2665179540247593,0.00889087162446145
strong_stable,260919,ar1,62,0.5,0.49107238522356633,0.7660283168776265,-0.2665361427216482,0.008927614776433668
strong_stable,260919,ar1,63,0.5,0.49106994601151616,0.7660273898902341,-0.26653735284395424,0.008930053988483844
strong_stable,260919,ar1,64,0.5,0.4910697840832355,0.7660273283427949,-0.26653743319022183,0.008930215916764517
strong_stable,260919,ar1,65,0.5,0.4910697733335477,0.7660273242568988,-0.2665374385240996,0.008930226666452323
strong_stable,260919,ar1,66,0.5,0.4910697726199244,0.7660273239856543,-0.266537438878192,0.008930227380075595
strong_stable,260919,ar1,67,0.5,0.4910697725725502,0.7660273239676477,-0.2665374389016985,0.00893022742744981
strong_stable,260919,ar1,68,0.5,0.4910697725694052,0.7660273239664523,-0.266537438903259,0.008930227430594795
strong_stable,260919,ar1,69,0.5,0.4910697725691964,0.7660273239663729,-0.2665374389033628,0.008930227430803572
strong_stable,260919,ar1,70,0.5,0.49106977256918255,0.7660273239663676,-0.26653743890336956,0.00893022743081745
strong_stable,260919,ar1,71,0.5,0.49106977256918166,0.7660273239663673,-0.26653743890336995,0.008930227430818338
strong_stable,260919,ar1,72,0.5,0.4910697725691816,0.7660273239663674,-0.2665374389033699,0.008930227430818394
strong_stable,260919,ar1,73,0.5,0.4910697725691816,0.7660273239663674,-0.2665374389033699,0.008930227430818394
strong_stable,260919,ar1,74,0.5,0.4910697725691816,0.7660273239663674,-0.2665374389033699,0.008930227430818394
strong_stable,260919,ar1,75,0.5,0.4910697725691816,0.7660273239663674,-0.2665374389033699,0.008930227430818394
strong_stable,260919,ar1,76,0.5,0.4910697725691816,0.7660273239663674,-0.2665374389033699,0.008930227430818394
strong_stable,260919,ar1,77,0.5,0.4910697725691816,0.7660273239663674,-0.2665374389033699,0.008930227430818394
strong_stable,260919,ar1,78,0.5,0.4910697725691816,0.7660273239663674,-0.2665374389033699,0.008930227430818394
strong_stable,260919,ar1,79,0.5,0.4910697725691816,0.7660273239663674,-0.2665374389033699,0.008930227430818394
strong_stable,260919,quadratic_narrative_position,60,0.5,0.5278850388108218,0.7437080110433126,-0.2961067794560666,0.027885038810821827
strong_stable,260919,quadratic_narrative_position,61,0.5,0.5306541171333283,0.7404134425432569,-0.30054654266255093,0.03065411713332833
strong_stable,260919,quadratic_narrative_position,62,0.5,0.5334927455806373,0.736727849769331,-0.3055367226017224,0.033492745580637306
strong_stable,260919,quadratic_narrative_position,63,0.5,0.5364009241527486,0.7326326802816199,-0.31111082100333853,0.03640092415274865
strong_stable,260919,quadratic_narrative_position,64,0.5,0.5393786528496624,0.7281098575229848,-0.3173033389792791,0.039378652849662354
strong_stable,260919,quadratic_narrative_position,65,0.5,0.5424259316713785,0.7231419066260224,-0.32414980135794713,0.042425931671378536
strong_stable,260919,quadratic_narrative_position,66,0.5,0.5455427606178971,0.7177120876108262,-0.3316867825382571,0.04554276061789708
strong_stable,260919,quadratic_narrative_position,67,0.5,0.548729139689218,0.7118045356533652,-0.33995193383676336,0.04872913968921799
strong_stable,260919,quadratic_narrative_position,68,0.5,0.5519850688853414,0.7054044079827708,-0.348984012287361,0.05198506888534138
strong_stable,260919,quadratic_narrative_position,69,0.5,0.5553105482062672,0.6984980368314764,-0.3588229108381376,0.05531054820626724
strong_stable,260919,quadratic_narrative_position,70,0.5,0.5587055776519954,0.6910730877149103,-0.3695096898745179,0.058705577651995355
strong_stable,260919,quadratic_narrative_position,71,0.5,0.5621701572225258,0.6831187221574709,-0.3810866099819845,0.062170157222525835
strong_stable,260919,quadratic_narrative_position,72,0.5,0.5657042869178589,0.6746257638093474,-0.3935971658455686,0.0657042869178589
strong_stable,260919,quadratic_narrative_position,73,0.5,0.5693079667379943,0.6655868667153283,-0.4070861211672101,0.06930796673799433
strong_stable,260919,quadratic_narrative_position,74,0.5,0.572981196682932,0.6559966843035071,-0.4215995444662072,0.07298119668293201
strong_stable,260919,quadratic_narrative_position,75,0.5,0.5767239767526723,0.6458520374607438,-0.4371848456125741,0.07672397675267228
strong_stable,260919,quadratic_narrative_position,76,0.5,0.5805363069472149,0.6351520798555667,-0.4538908129284568,0.08053630694721492
strong_stable,260919,quadratic_narrative_position,77,0.5,0.5844181872665599,0.6238984584612096,-0.4717676506791402,0.08441818726655992
strong_stable,260919,quadratic_narrative_position,78,0.5,0.5883696177107074,0.6120954670259452,-0.4908670167628186,0.0883696177107074
strong_stable,260919,quadratic_narrative_position,79,0.5,0.5923905982796571,0.5997501900396922,-0.511242060397536,0.09239059827965712
strong_stable,260920,rcwe,60,0.5,0.5179189293078488,0.9208580415326185,-0.08244938975060895,0.017918929307848774
strong_stable,260920,rcwe,61,0.5,0.5157810062462727,0.9229825131327108,-0.08014499034379366,0.015781006246272655
strong_stable,260920,rcwe,62,0.5,0.5148711459387133,0.9238045177894703,-0.07925479055650966,0.014871145938713304
strong_stable,260920,rcwe,63,0.5,0.5159349293117769,0.9228386056644233,-0.08030091820388108,0.01593492931177687
strong_stable,260920,rcwe,64,0.5,0.5176140171424437,0.9211776003710296,-0.08210242703789336,0.017614017142443705
strong_stable,260920,rcwe,65,0.5,0.5181211796993513,0.920643033906092,-0.08268290319284496,0.018121179699351342
strong_stable,260920,rcwe,66,0.5,0.5171114275840467,0.9216922994837732,-0.08154384270574151,0.017111427584046712
strong_stable,260920,rcwe,67,0.5,0.5158231254500238,0.9229432740113611,-0.08018750464380388,0.015823125450023845
strong_stable,260920,rcwe,68,0.5,0.5155992191643948,0.9231506646336448,-0.07996282417785924,0.015599219164394773
strong_stable,260920,rcwe,69,0.5,0.51651438985745,0.9222842646491093,-0.0809017898758022,0.016514389857450018
strong_stable,260920,rcwe,70,0.75,0.5174797628575176,0.05934513984405111,-2.824385051017584,0.23252023714248238
strong_stable,260920,rcwe,71,0.5,0.5175114004823101,0.9212839062778331,-0.08198703151235547,0.017511400482310147
strong_stable,260920,rcwe,72,0.5,0.5167110276081096,0.9220916305215692,-0.08111067801920618,0.016711027608109608
strong_stable,260920,rcwe,73,0.5,0.5160072099109525,0.9227705441376629,-0.08037467328555543,0.016007209910952502
strong_stable,260920,rcwe,74,0.5,0.5160981744672147,0.9226844495062667,-0.0804679777895993,0.016098174467214732
strong_stable,260920,rcwe,75,0.5,0.5167783767669337,0.9220251258487147,-0.08118280433404348,0.016778376766933722
strong_stable,260920,rcwe,76,0.5,0.5172753094734848,0.9215261144353256,-0.08172416322298787,0.017275309473484768
strong_stable,260920,rcwe,77,0.5,0.5171124533170263,0.9216912642866119,-0.08154496585469619,0.017112453317026266
strong_stable,260920,rcwe,78,0.5,0.5165489714158903,0.9222505532165981,-0.08093834265018027,0.01654897141589029
strong_stable,260920,rcwe,79,0.5,0.5162121471448099,0.922575886793055,-0.08058564434450363,0.016212147144809896
strong_stable,260920,persistence,60,0.5,0.5,0.7019884823870981,-0.35383828194690553,0.0
strong_stable,260920,persistence,61,0.5,0.5,0.7019884823870981,-0.35383828194690553,0.0
strong_stable,260920,persistence,62,0.5,0.5,0.7019884823870981,-0.35383828194690553,0.0
strong_stable,260920,persistence,63,0.5,0.5,0.7019884823870981,-0.35383828194690553,0.0
strong_stable,260920,persistence,64,0.5,0.5,0.7019884823870981,-0.35383828194690553,0.0
strong_stable,260920,persistence,65,0.5,0.5,0.7019884823870981,-0.35383828194690553,0.0
strong_stable,260920,persistence,66,0.5,0.5,0.7019884823870981,-0.35383828194690553,0.0
strong_stable,260920,persistence,67,0.5,0.5,0.7019884823870981,-0.35383828194690553,0.0
strong_stable,260920,persistence,68,0.5,0.5,0.7019884823870981,-0.35383828194690553,0.0
strong_stable,260920,persistence,69,0.5,0.5,0.7019884823870981,-0.35383828194690553,0.0
strong_stable,260920,persistence,70,0.75,0.5,0.14810799388591797,-1.9098135828928158,0.25
strong_stable,260920,persistence,71,0.5,0.5,0.7019884823870981,-0.35383828194690553,0.0
strong_stable,260920,persistence,72,0.5,0.5,0.7019884823870981,-0.35383828194690553,0.0
strong_stable,260920,persistence,73,0.5,0.5,0.7019884823870981,-0.35383828194690553,0.0
strong_stable,260920,persistence,74,0.5,0.5,0.7019884823870981,-0.35383828194690553,0.0
strong_stable,260920,persistence,75,0.5,0.5,0.7019884823870981,-0.35383828194690553,0.0
strong_stable,260920,persistence,76,0.5,0.5,0.7019884823870981,-0.35383828194690553,0.0
strong_stable,260920,persistence,77,0.5,0.5,0.7019884823870981,-0.35383828194690553,0.0
strong_stable,260920,persistence,78,0.5,0.5,0.7019884823870981,-0.35383828194690553,0.0
strong_stable,260920,persistence,79,0.5,0.5,0.7019884823870981,-0.35383828194690553,0.0
strong_stable,260920,ar1,60,0.5,0.5184814666232632,0.8422154253150269,-0.17171944792093577,0.01848146662326322
strong_stable,260920,ar1,61,0.5,0.5217671539439469,0.8386596294382809,-0.17595034083696312,0.021767153943946904
strong_stable,260920,ar1,62,0.5,0.522351292713308,0.8379678215884511,-0.17677557829644433,0.022351292713308046
strong_stable,260920,ar1,63,0.5,0.5224551425531034,0.8378429515019781,-0.17692460477211716,0.022455142553103435
strong_stable,260920,ar1,64,0.5,0.5224736052708534,0.8378206924109237,-0.17695117226510598,0.022473605270853403
strong_stable,260920,ar1,65,0.5,0.5224768876249465,0.8378167332517211,-0.176955897821055,0.022476887624946484
strong_stable,260920,ar1,66,0.5,0.5224774711711252,0.8378160293219533,-0.176956738016811,0.022477471171125196
strong_stable,260920,ar1,67,0.5,0.5224775749156125,0.8378159041734583,-0.17695688739149457,0.02247757491561253
strong_stable,260920,ar1,68,0.5,0.5224775933596004,0.8378158819241461,-0.1769569139478208,0.022477593359600423
strong_stable,260920,ar1,69,0.5,0.5224775966386247,0.8378158779685988,-0.17695691866908175,0.022477596638624697
strong_stable,260920,ar1,70,0.75,0.5224775972215789,0.11801066380179702,-2.1369802873980337,0.22752240277842106
strong_stable,260920,ar1,71,0.5,0.5224775973252181,0.8378158771403484,-0.17695691965766447,0.022477597325218146
strong_stable,260920,ar1,72,0.5,0.5224775973436434,0.8378158771181216,-0.17695691968419403,0.022477597343643407
strong_stable,260920,ar1,73,0.5,0.5224775973469191,0.83781587711417,-0.1769569196889105,0.02247759734691912
strong_stable,260920,ar1,74,0.5,0.5224775973475015,0.8378158771134676,-0.17695691968974894,0.022477597347501543
strong_stable,260920,ar1,75,0.5,0.522477597347605,0.8378158771133426,-0.17695691968989816,0.022477597347605016
strong_stable,260920,ar1,76,0.5,0.5224775973476234,0.8378158771133204,-0.17695691968992466,0.022477597347623446
strong_stable,260920,ar1,77,0.5,0.5224775973476267,0.8378158771133166,-0.17695691968992916,0.022477597347626666
strong_stable,260920,ar1,78,0.5,0.5224775973476272,0.8378158771133158,-0.17695691968993002,0.02247759734762722
strong_stable,260920,ar1,79,0.5,0.5224775973476273,0.8378158771133158,-0.17695691968993005,0.02247759734762733
strong_stable,260920,quadratic_narrative_position,60,0.5,0.4932365958141159,0.8245149827662503,-0.19295996520550465,0.006763404185884114
strong_stable,260920,quadratic_narrative_position,61,0.5,0.4909037502589783,0.8235751634151903,-0.1941004604085231,0.00909624974102169
strong_stable,260920,quadratic_narrative_position,62,0.5,0.48849257456491535,0.8223144696183259,-0.19563239064018945,0.01150742543508465
strong_stable,260920,quadratic_narrative_position,63,0.5,0.4860030687319267,0.8207052945452818,-0.19759119311191073,0.013996931268073276
strong_stable,260920,quadratic_narrative_position,64,0.5,0.48343523276001277,0.8187195807824534,-0.20001364596567917,0.016564767239987233
strong_stable,260920,quadratic_narrative_position,65,0.5,0.48078906664917337,0.8163289245993395,-0.2029379113667996,0.01921093335082663
strong_stable,260920,quadratic_narrative_position,66,0.5,0.47806457039940836,0.8135046931043807,-0.2064035833115591,0.02193542960059164
strong_stable,260920,quadratic_narrative_position,67,0.5,0.475261744010718,0.8102181551232285,-0.21045174026511468,0.024738255989281976
strong_stable,260920,quadratic_narrative_position,68,0.5,0.4723805874831021,0.8064406266194789,-0.21512500270158538,0.027619412516897923
strong_stable,260920,quadratic_narrative_position,69,0.5,0.46942110081656074,0.8021436314483115,-0.22046759556916962,0.030578899183439257
strong_stable,260920,quadratic_narrative_position,70,0.75,0.466383284011094,0.042369392739816894,-3.1613290467612964,0.283616715988906
strong_stable,260920,quadratic_narrative_position,71,0.5,0.46326713706670164,0.7918794536732554,-0.23334610371007214,0.03673286293329836
strong_stable,260920,quadratic_narrative_position,72,0.5,0.4600726599833839,0.785858033896103,-0.24097912131920277,0.039927340016616075
strong_stable,260920,quadratic_narrative_position,73,0.5,0.45679985276114066,0.7792091124863684,-0.24947583205282986,0.04320014723885934
strong_stable,260920,quadratic_narrative_position,74,0.5,0.453448715399972,0.771908247167926,-0.25888958683942775,0.046551284600028
strong_stable,260920,quadratic_narrative_position,75,0.5,0.4500192478998779,0.7639325240331796,-0.26927581304429704,0.049980752100122094
strong_stable,260920,quadratic_narrative_position,76,0.5,0.4465114502608582,0.7552608393197658,-0.28069210685572793,0.0534885497391418
strong_stable,260920,quadratic_narrative_position,77,0.5,0.44292532248291316,0.7458741979519267,-0.29319832845211447,0.057074677517086836
strong_stable,260920,quadratic_narrative_position,78,0.5,0.43926086456604263,0.7357560276629626,-0.3068566993598607,0.06073913543395737
strong_stable,260920,quadratic_narrative_position,79,0.5,0.43551807651024654,0.7248925069861683,-0.32173190134596047,0.06448192348975346
strong_oscillatory,260901,rcwe,60,0.25,0.37555602870551874,0.4957176494241558,-0.7017487695376969,0.12555602870551874
strong_oscillatory,260901,rcwe,61,0.5,0.6525977335540412,0.2971176413009869,-1.2136271199492796,0.15259773355404116
strong_oscillatory,260901,rcwe,62,0.5,0.7143918444973679,0.04221900185511377,-3.1648848783593393,0.21439184449736792
strong_oscillatory,260901,rcwe,63,0.25,0.4958733479831539,0.00981955678611077,-4.623379291431597,0.2458733479831539
strong_oscillatory,260901,rcwe,64,0.25,0.3164687552804485,0.8706114934313901,-0.13855944821504929,0.06646875528044849
strong_oscillatory,260901,rcwe,65,0.5,0.4708080985788079,0.9663374397087615,-0.034242189297715143,0.0291919014211921
strong_oscillatory,260901,rcwe,66,0.75,0.7185887486559109,0.9633130412141602,-0.037376851249198983,0.031411251344089064
strong_oscillatory,260901,rcwe,67,0.75,0.6552212007745729,0.7201595140339835,-0.3282825442405866,0.09477879922542709
strong_oscillatory,260901,rcwe,68,0.25,0.39132846607289984,0.3763115418048398,-0.9773379100358432,0.14132846607289984
strong_oscillatory,260901,rcwe,69,0.5,0.3391868650997073,0.2446924950080171,-1.407752979179506,0.1608131349002927
strong_oscillatory,260901,rcwe,70,0.5,0.5896434726293626,0.7525130953568057,-0.28433688004301155,0.08964347262936256
strong_oscillatory,260901,rcwe,71,0.75,0.7299635272546066,0.9760628136717632,-0.02422833636970002,0.02003647274539344
strong_oscillatory,260901,rcwe,72,0.5,0.5614285047284985,0.8899468111850839,-0.11659358075520256,0.06142850472849848
strong_oscillatory,260901,rcwe,73,0.25,0.32790328134733154,0.8183037773797605,-0.2005216453287448,0.07790328134733154
strong_oscillatory,260901,rcwe,74,0.25,0.40977979793853503,0.25100158729546673,-1.3822960159840272,0.15977979793853503
strong_oscillatory,260901,rcwe,75,0.5,0.6863937591845706,0.11799680032900395,-2.1370977707400125,0.18639375918457057
strong_oscillatory,260901,rcwe,76,0.75,0.6949708657509739,0.9113361582521553,-0.09284345060653806,0.05502913424902611
strong_oscillatory,260901,rcwe,77,0.5,0.4504791390992797,0.9270566170552064,-0.07574063970935935,0.049520860900720276
strong_oscillatory,260901,rcwe,78,0.25,0.31960887941926486,0.8574226274687412,-0.15382433437019868,0.06960887941926486
strong_oscillatory,260901,rcwe,79,0.5,0.5186036674327135,0.9772127001902914,-0.0230509431722694,0.018603667432713467
strong_oscillatory,260901,persistence,60,0.25,0.25,0.39564470976306154,-0.9272386680183201,0.0
strong_oscillatory,260901,persistence,61,0.5,0.25,0.24213823036667642,-1.4182465160356976,0.25
strong_oscillatory,260901,persistence,62,0.5,0.25,0.24213823036667642,-1.4182465160356976,0.25
strong_oscillatory,260901,persistence,63,0.25,0.25,0.39564470976306154,-0.9272386680183201,0.0
strong_oscillatory,260901,persistence,64,0.25,0.25,0.39564470976306154,-0.9272386680183201,0.0
strong_oscillatory,260901,persistence,65,0.5,0.25,0.24213823036667642,-1.4182465160356976,0.25
strong_oscillatory,260901,persistence,66,0.75,0.25,0.05525089621233056,-2.8958707176781773,0.5
strong_oscillatory,260901,persistence,67,0.75,0.25,0.05525089621233056,-2.8958707176781773,0.5
strong_oscillatory,260901,persistence,68,0.25,0.25,0.39564470976306154,-0.9272386680183201,0.0
strong_oscillatory,260901,persistence,69,0.5,0.25,0.24213823036667642,-1.4182465160356976,0.25
strong_oscillatory,260901,persistence,70,0.5,0.25,0.24213823036667642,-1.4182465160356976,0.25
strong_oscillatory,260901,persistence,71,0.75,0.25,0.05525089621233056,-2.8958707176781773,0.5
strong_oscillatory,260901,persistence,72,0.5,0.25,0.24213823036667642,-1.4182465160356976,0.25
strong_oscillatory,260901,persistence,73,0.25,0.25,0.39564470976306154,-0.9272386680183201,0.0
strong_oscillatory,260901,persistence,74,0.25,0.25,0.39564470976306154,-0.9272386680183201,0.0
strong_oscillatory,260901,persistence,75,0.5,0.25,0.24213823036667642,-1.4182465160356976,0.25
strong_oscillatory,260901,persistence,76,0.75,0.25,0.05525089621233056,-2.8958707176781773,0.5
strong_oscillatory,260901,persistence,77,0.5,0.25,0.24213823036667642,-1.4182465160356976,0.25
strong_oscillatory,260901,persistence,78,0.25,0.25,0.39564470976306154,-0.9272386680183201,0.0
strong_oscillatory,260901,persistence,79,0.5,0.25,0.24213823036667642,-1.4182465160356976,0.25
strong_oscillatory,260901,ar1,60,0.25,0.49540534571325867,0.22725276394487326,-1.4816923834248126,0.24540534571325867
strong_oscillatory,260901,ar1,61,0.5,0.525339812120455,0.5247453000311295,-0.6448422769082044,0.025339812120454996
strong_oscillatory,260901,ar1,62,0.5,0.528991208859508,0.5232931388952979,-0.6476134769161882,0.02899120885950801
strong_oscillatory,260901,ar1,63,0.25,0.5294366050781879,0.1765379895853668,-1.7342191873252517,0.2794366050781879
strong_oscillatory,260901,ar1,64,0.25,0.5294909343679889,0.1764621056359703,-1.7346491246062476,0.2794909343679889
strong_oscillatory,260901,ar1,65,0.5,0.5294975614375654,0.5230766919951975,-0.6480271870534604,0.029497561437565434
strong_oscillatory,260901,ar1,66,0.75,0.5294983698054151,0.26765951153866985,-1.3180395855476899,0.2205016301945849
strong_oscillatory,260901,ar1,67,0.75,0.5294984684098696,0.26765967554465486,-1.3180389728067718,0.22050153159013042
strong_oscillatory,260901,ar1,68,0.25,0.5294984804376097,0.17645156711611337,-1.7347088475394958,0.2794984804376097
strong_oscillatory,260901,ar1,69,0.5,0.5294984819047497,0.523076295198267,-0.6480279456364504,0.029498481904749685
strong_oscillatory,260901,ar1,70,0.5,0.5294984820837109,0.5230762951211191,-0.6480279457839393,0.029498482083710864
strong_oscillatory,260901,ar1,71,0.75,0.5294984821055405,0.2676596983242769,-1.3180388877001117,0.2205015178944595
strong_oscillatory,260901,ar1,72,0.5,0.5294984821082033,0.5230762951105606,-0.6480279458041245,0.029498482108203272
strong_oscillatory,260901,ar1,73,0.25,0.5294984821085281,0.1764515647826172,-1.7347088607640664,0.2794984821085281
strong_oscillatory,260901,ar1,74,0.25,0.5294984821085678,0.176451564782562,-1.7347088607643792,0.27949848210856776
strong_oscillatory,260901,ar1,75,0.5,0.5294984821085725,0.5230762951104014,-0.6480279458044289,0.029498482108572532
strong_oscillatory,260901,ar1,76,0.75,0.5294984821085732,0.2676596983293211,-1.318038887681266,0.2205015178914268
strong_oscillatory,260901,ar1,77,0.5,0.5294984821085732,0.523076295110401,-0.6480279458044297,0.0294984821085732
strong_oscillatory,260901,ar1,78,0.25,0.5294984821085732,0.1764515647825544,-1.7347088607644223,0.2794984821085732
strong_oscillatory,260901,ar1,79,0.5,0.5294984821085732,0.523076295110401,-0.6480279458044297,0.0294984821085732
strong_oscillatory,260901,quadratic_narrative_position,60,0.25,0.5326468233931403,0.17558228035456527,-1.7396475120153576,0.2826468233931403
strong_oscillatory,260901,quadratic_narrative_position,61,0.5,0.5336041564405789,0.5129002703599398,-0.6676738574668744,0.0336041564405789
strong_oscillatory,260901,quadratic_narrative_position,62,0.5,0.5345954049667576,0.5124315473756168,-0.6685881429866767,0.034595404966757615
strong_oscillatory,260901,quadratic_narrative_position,63,0.25,0.5356205689716764,0.17156604152880178,-1.7627870047005167,0.2856205689716764
strong_oscillatory,260901,quadratic_narrative_position,64,0.25,0.5366796484553353,0.17014780252107115,-1.7710877930697162,0.28667964845533533
strong_oscillatory,260901,quadratic_narrative_position,65,0.5,0.5377726434177342,0.5108404881590426,-0.6716978937538696,0.03777264341773423
strong_oscillatory,260901,quadratic_narrative_position,66,0.75,0.5388995538588733,0.2844433143835892,-1.2572212917228343,0.21110044614112666
strong_oscillatory,260901,quadratic_narrative_position,67,0.75,0.5400603797787524,0.28634313058314587,-1.2505644300121945,0.20993962022124757
strong_oscillatory,260901,quadratic_narrative_position,68,0.25,0.5412551211773715,0.16409489243100478,-1.807310406105365,0.2912551211773715
strong_oscillatory,260901,quadratic_narrative_position,69,0.5,0.5424837780547308,0.5082347401656178,-0.6768118511927552,0.0424837780547308
strong_oscillatory,260901,quadratic_narrative_position,70,0.5,0.5437463504108301,0.5074868633915167,-0.6782844533440399,0.04374635041083008
strong_oscillatory,260901,quadratic_narrative_position,71,0.75,0.5450428382456695,0.29451819200523277,-1.222414505284815,0.20495716175433054
strong_oscillatory,260901,quadratic_narrative_position,72,0.5,0.5463732415592489,0.5058644031802764,-0.6814866235117583,0.046373241559248934
strong_oscillatory,260901,quadratic_narrative_position,73,0.25,0.5477375603515685,0.15572943586022112,-1.859635163031884,0.2977375603515685
strong_oscillatory,260901,quadratic_narrative_position,74,0.25,0.5491357946226282,0.15395790609717191,-1.871076050963234,0.2991357946226282
strong_oscillatory,260901,quadratic_narrative_position,75,0.5,0.5505679443724278,0.5030894413342528,-0.6869873089158862,0.05056794437242784
strong_oscillatory,260901,quadratic_narrative_position,76,0.75,0.5520340096009676,0.306030609345497,-1.1840701514916374,0.1979659903990324
strong_oscillatory,260901,quadratic_narrative_position,77,0.5,0.5535339903082475,0.5009923889172074,-0.6911643697946896,0.05353399030824746
strong_oscillatory,260901,quadratic_narrative_position,78,0.25,0.5550678864942674,0.1465738889203598,-1.9202256164412654,0.3050678864942674
strong_oscillatory,260901,quadratic_narrative_position,79,0.5,0.5566356981590274,0.49868165904392325,-0.6957873446401115,0.05663569815902736
strong_oscillatory,260902,rcwe,60,0.25,0.37337640531908933,0.5076644212579726,-0.6779346377629506,0.12337640531908933
strong_oscillatory,260902,rcwe,61,0.75,0.6343002528870737,0.5467494381112081,-0.6037646471144791,0.1156997471129263
strong_oscillatory,260902,rcwe,62,0.75,0.6528576560869217,0.6381322026778815,-0.4492098028745958,0.0971423439130783
strong_oscillatory,260902,rcwe,63,0.5,0.39717374519731763,0.6108277164837611,-0.49294032931983073,0.10282625480268237
strong_oscillatory,260902,rcwe,64,0.25,0.2853584192345482,0.8566725061970625,-0.15469957321176744,0.03535841923454819
strong_oscillatory,260902,rcwe,65,0.5,0.47288061078772997,0.8715034136674268,-0.13753549702752202,0.02711938921227003
strong_oscillatory,260902,rcwe,66,0.5,0.6832167105896275,0.22647709819592907,-1.4851114508889351,0.18321671058962752
strong_oscillatory,260902,rcwe,67,0.5,0.5745754555157712,0.7370863527489142,-0.3050502257474493,0.07457545551577116
strong_oscillatory,260902,rcwe,68,0.5,0.3119095563192282,0.2080242485103497,-1.5701006266989852,0.18809044368077182
strong_oscillatory,260902,rcwe,69,0.25,0.3291817270626736,0.718349578449719,-0.3307989503569043,0.07918172706267362
strong_oscillatory,260902,rcwe,70,0.75,0.5818346527437649,0.2888976529630692,-1.241682795589091,0.1681653472562351
strong_oscillatory,260902,rcwe,71,0.75,0.6785049293631543,0.7491332731165351,-0.28883837655839806,0.07149507063684568
strong_oscillatory,260902,rcwe,72,0.5,0.4641573509359643,0.8556827880755109,-0.1558555461983003,0.035842649064035725
strong_oscillatory,260902,rcwe,73,0.25,0.2802398606827078,0.8663351498344218,-0.1434834362417106,0.030239860682707786
strong_oscillatory,260902,rcwe,74,0.5,0.4112755427385455,0.6770180089353405,-0.39005740533748967,0.0887244572614545
strong_oscillatory,260902,rcwe,75,0.5,0.661068037282497,0.320889284681881,-1.1366591228794858,0.16106803728249697
strong_oscillatory,260902,rcwe,76,0.75,0.6255919209644853,0.5023908805413551,-0.688376815781598,0.12440807903551465
strong_oscillatory,260902,rcwe,77,0.5,0.3561954148904772,0.403977242821039,-0.906396732258455,0.14380458510952282
strong_oscillatory,260902,rcwe,78,0.25,0.29832145155907797,0.8257668946179043,-0.19144275519555282,0.048321451559077966
strong_oscillatory,260902,rcwe,79,0.5,0.5186771782861396,0.8827067971316876,-0.12476218659850397,0.018677178286139573
strong_oscillatory,260902,persistence,60,0.25,0.25,0.35761137167246293,-1.0283084362094634,0.0
strong_oscillatory,260902,persistence,61,0.75,0.25,0.07167540571020432,-2.635607606814293,0.5
strong_oscillatory,260902,persistence,62,0.75,0.25,0.07167540571020432,-2.635607606814293,0.5
strong_oscillatory,260902,persistence,63,0.5,0.25,0.23939728323475268,-1.4296308341484174,0.25
strong_oscillatory,260902,persistence,64,0.25,0.25,0.35761137167246293,-1.0283084362094634,0.0
strong_oscillatory,260902,persistence,65,0.5,0.25,0.23939728323475268,-1.4296308341484174,0.25
strong_oscillatory,260902,persistence,66,0.5,0.25,0.23939728323475268,-1.4296308341484174,0.25
strong_oscillatory,260902,persistence,67,0.5,0.25,0.23939728323475268,-1.4296308341484174,0.25
strong_oscillatory,260902,persistence,68,0.5,0.25,0.23939728323475268,-1.4296308341484174,0.25
strong_oscillatory,260902,persistence,69,0.25,0.25,0.35761137167246293,-1.0283084362094634,0.0
strong_oscillatory,260902,persistence,70,0.75,0.25,0.07167540571020432,-2.635607606814293,0.5
strong_oscillatory,260902,persistence,71,0.75,0.25,0.07167540571020432,-2.635607606814293,0.5
strong_oscillatory,260902,persistence,72,0.5,0.25,0.23939728323475268,-1.4296308341484174,0.25
strong_oscillatory,260902,persistence,73,0.25,0.25,0.35761137167246293,-1.0283084362094634,0.0
strong_oscillatory,260902,persistence,74,0.5,0.25,0.23939728323475268,-1.4296308341484174,0.25
strong_oscillatory,260902,persistence,75,0.5,0.25,0.23939728323475268,-1.4296308341484174,0.25
strong_oscillatory,260902,persistence,76,0.75,0.25,0.07167540571020432,-2.635607606814293,0.5
strong_oscillatory,260902,persistence,77,0.5,0.25,0.23939728323475268,-1.4296308341484174,0.25
strong_oscillatory,260902,persistence,78,0.25,0.25,0.35761137167246293,-1.0283084362094634,0.0
strong_oscillatory,260902,persistence,79,0.5,0.25,0.23939728323475268,-1.4296308341484174,0.25
strong_oscillatory,260902,ar1,60,0.25,0.4574660076988233,0.29205059708104125,-1.2308282140498987,0.20746600769882328
strong_oscillatory,260902,ar1,61,0.75,0.4867359296016408,0.21649269234833635,-1.5301984856966186,0.2632640703983592
strong_oscillatory,260902,ar1,62,0.75,0.49086541730760147,0.22188721512819667,-1.5055860661689635,0.25913458269239853
strong_oscillatory,260902,ar1,63,0.5,0.49144801772485913,0.4758950610130278,-0.7425579091122718,0.008551982275140868
strong_oscillatory,260902,ar1,64,0.25,0.49153021272587555,0.24534933711813703,-1.405072218230445,0.24153021272587555
strong_oscillatory,260902,ar1,65,0.5,0.491541809041278,0.4759036717542904,-0.7425398154944378,0.008458190958722023
strong_oscillatory,260902,ar1,66,0.5,0.49154344508397213,0.4759038211139261,-0.742539501650227,0.00845655491602787
strong_oscillatory,260902,ar1,67,0.5,0.49154367590174525,0.4759038421837061,-0.7425394573770385,0.008456324098254753
strong_oscillatory,260902,ar1,68,0.5,0.4915437084662037,0.4759038451562472,-0.7425394511309427,0.00845629153379629
strong_oscillatory,260902,ar1,69,0.25,0.49154371306049444,0.2453310970928864,-1.4051465640734309,0.24154371306049444
strong_oscillatory,260902,ar1,70,0.75,0.49154371370867067,0.2227776855472597,-1.501580930580098,0.25845628629132933
strong_oscillatory,260902,ar1,71,0.75,0.4915437138001173,0.22277768566739242,-1.5015809300408487,0.2584562861998827
strong_oscillatory,260902,ar1,72,0.5,0.49154371381301887,0.47590384564431293,-0.7425394501053872,0.008456286186981132
strong_oscillatory,260902,ar1,73,0.25,0.491543713814839,0.2453310960737159,-1.4051465682276962,0.24154371381483902
strong_oscillatory,260902,ar1,74,0.5,0.4915437138150958,0.47590384564450233,-0.7425394501049892,0.008456286184904183
strong_oscillatory,260902,ar1,75,0.5,0.49154371381513207,0.4759038456445058,-0.742539450104982,0.008456286184867934
strong_oscillatory,260902,ar1,76,0.75,0.4915437138151372,0.222777685687124,-1.501580929952278,0.2584562861848628
strong_oscillatory,260902,ar1,77,0.5,0.4915437138151379,0.4759038456445062,-0.7425394501049811,0.008456286184862105
strong_oscillatory,260902,ar1,78,0.25,0.491543713815138,0.2453310960733119,-1.405146568229343,0.241543713815138
strong_oscillatory,260902,ar1,79,0.5,0.491543713815138,0.47590384564450633,-0.7425394501049809,0.008456286184861994
strong_oscillatory,260902,quadratic_narrative_position,60,0.25,0.4806065802979831,0.2608041916392673,-1.3439853768223418,0.2306065802979831
strong_oscillatory,260902,quadratic_narrative_position,61,0.75,0.4802463571786583,0.20972321252154738,-1.561966653249278,0.2697536428213417
strong_oscillatory,260902,quadratic_narrative_position,62,0.75,0.4798797137260269,0.20926139452649467,-1.5641711169661179,0.2701202862739731
strong_oscillatory,260902,quadratic_narrative_position,63,0.5,0.4795066499400889,0.468346088427322,-0.7585477511771361,0.020493350059911097
strong_oscillatory,260902,quadratic_narrative_position,64,0.25,0.47912716582084425,0.26278412166768667,-1.3364224140307979,0.22912716582084425
strong_oscillatory,260902,quadratic_narrative_position,65,0.5,0.47874126136829304,0.46818040668498084,-0.7589015729748841,0.021258738631706964
strong_oscillatory,260902,quadratic_narrative_position,66,0.5,0.4783489365824352,0.46809314967321836,-0.7590879651065908,0.021651063417564786
strong_oscillatory,260902,quadratic_narrative_position,67,0.5,0.4779501914632707,0.4680028467452345,-0.7592809002940277,0.022049808536729276
strong_oscillatory,260902,quadratic_narrative_position,68,0.5,0.4775450260107997,0.4679094200784553,-0.7594805486380047,0.022454973989200322
strong_oscillatory,260902,quadratic_narrative_position,69,0.25,0.477133440225022,0.2654555546312469,-1.326307854832353,0.22713344022502202
strong_oscillatory,260902,quadratic_narrative_position,70,0.75,0.4767154341059377,0.2052919138845551,-1.5833223425592575,0.2732845658940623
strong_oscillatory,260902,quadratic_narrative_position,71,0.75,0.4762910076535468,0.20476173141440485,-1.5859082616050781,0.2737089923464532
strong_oscillatory,260902,quadratic_narrative_position,72,0.5,0.4758601608678493,0.46750287921934924,-0.7603497715143941,0.024139839132150676
strong_oscillatory,260902,quadratic_narrative_position,73,0.25,0.47542289374884517,0.26775016789513495,-1.317700942595148,0.22542289374884517
strong_oscillatory,260902,quadratic_narrative_position,74,0.5,0.47497920629653445,0.46727875857961854,-0.7608292859484878,0.02502079370346555
strong_oscillatory,260902,quadratic_narrative_position,75,0.5,0.4745290985109171,0.4671611903936421,-0.7610809194252584,0.025470901489082876
strong_oscillatory,260902,quadratic_narrative_position,76,0.75,0.4740725703919932,0.20199937649402322,-1.5994906682489474,0.2759274296080068
strong_oscillatory,260902,quadratic_narrative_position,77,0.5,0.47360962193976264,0.46691460391113004,-0.7616088990383558,0.026390378060237363
strong_oscillatory,260902,quadratic_narrative_position,78,0.25,0.4731402531542254,0.2708154763365711,-1.3063175891465715,0.22314025315422542
strong_oscillatory,260902,quadratic_narrative_position,79,0.5,0.47266446403538165,0.466652158697291,-0.7621711410359594,0.02733553596461835
strong_oscillatory,260903,rcwe,60,0.5,0.3198388064982728,0.1442620665770013,-1.9361237266452822,0.1801611935017272
strong_oscillatory,260903,rcwe,61,0.75,0.6270362390971383,0.515625478059277,-0.6623745947483569,0.12296376090286165
strong_oscillatory,260903,rcwe,62,0.75,0.7514429406519391,0.9837928810787071,-0.016339890793950883,0.001442940651939062
strong_oscillatory,260903,rcwe,63,0.5,0.5353497999477285,0.9567171447221136,-0.044247495770689434,0.035349799947728466
strong_oscillatory,260903,rcwe,64,0.25,0.2824598197467463,0.9612854656318991,-0.039483863517126294,0.03245981974674628
strong_oscillatory,260903,rcwe,65,0.25,0.40475285161720626,0.28349868608140955,-1.2605477904585463,0.15475285161720626
strong_oscillatory,260903,rcwe,66,0.75,0.7214213136293074,0.9666570420505726,-0.0339115082246553,0.028578686370692608
strong_oscillatory,260903,rcwe,67,0.75,0.7060681723778744,0.9400256034874933,-0.06184816633637581,0.04393182762212555
strong_oscillatory,260903,rcwe,68,0.25,0.41166782881109715,0.24023984091991069,-1.4261175174788154,0.16166782881109715
strong_oscillatory,260903,rcwe,69,0.25,0.28515231134058994,0.9570453737664676,-0.04390447614897414,0.03515231134058994
strong_oscillatory,260903,rcwe,70,0.5,0.5272602351422452,0.9682919070695406,-0.03222168027467891,0.02726023514224518
strong_oscillatory,260903,rcwe,71,0.75,0.7575559025154904,0.9827039175357726,-0.01744740711944029,0.007555902515490431
strong_oscillatory,260903,rcwe,72,0.5,0.6219296267588312,0.5235538044507951,-0.6471154756323496,0.12192962675883123
strong_oscillatory,260903,rcwe,73,0.5,0.3170565400169303,0.1324468876060101,-2.021573562173526,0.1829434599830697
strong_oscillatory,260903,rcwe,74,0.5,0.33578431112250295,0.2252580127337155,-1.4905088105016724,0.16421568887749705
strong_oscillatory,260903,rcwe,75,0.75,0.6540752347619964,0.7120589468034969,-0.3395945805427522,0.09592476523800364
strong_oscillatory,260903,rcwe,76,0.5,0.7444766718375103,0.010756200537883003,-4.5322728964686405,0.24447667183751032
strong_oscillatory,260903,rcwe,77,0.25,0.5063606960417585,0.005743385571536009,-5.159706421701509,0.2563606960417585
strong_oscillatory,260903,rcwe,78,0.25,0.27848866535011396,0.9667716591567999,-0.033792944652810096,0.028488665350113962
strong_oscillatory,260903,rcwe,79,0.5,0.4306526120537318,0.8577826714784446,-0.15340450822435767,0.06934738794626821
strong_oscillatory,260903,persistence,60,0.5,0.25,0.2409465560885308,-1.4231801290523898,0.25
strong_oscillatory,260903,persistence,61,0.75,0.25,0.06546846457335759,-2.72618670917382,0.5
strong_oscillatory,260903,persistence,62,0.75,0.25,0.06546846457335759,-2.72618670917382,0.5
strong_oscillatory,260903,persistence,63,0.5,0.25,0.2409465560885308,-1.4231801290523898,0.25
strong_oscillatory,260903,persistence,64,0.25,0.25,0.37166463072848055,-0.9897633616316216,0.0
strong_oscillatory,260903,persistence,65,0.25,0.25,0.37166463072848055,-0.9897633616316216,0.0
strong_oscillatory,260903,persistence,66,0.75,0.25,0.06546846457335759,-2.72618670917382,0.5
strong_oscillatory,260903,persistence,67,0.75,0.25,0.06546846457335759,-2.72618670917382,0.5
strong_oscillatory,260903,persistence,68,0.25,0.25,0.37166463072848055,-0.9897633616316216,0.0
strong_oscillatory,260903,persistence,69,0.25,0.25,0.37166463072848055,-0.9897633616316216,0.0
strong_oscillatory,260903,persistence,70,0.5,0.25,0.2409465560885308,-1.4231801290523898,0.25
strong_oscillatory,260903,persistence,71,0.75,0.25,0.06546846457335759,-2.72618670917382,0.5
strong_oscillatory,260903,persistence,72,0.5,0.25,0.2409465560885308,-1.4231801290523898,0.25
strong_oscillatory,260903,persistence,73,0.5,0.25,0.2409465560885308,-1.4231801290523898,0.25
strong_oscillatory,260903,persistence,74,0.5,0.25,0.2409465560885308,-1.4231801290523898,0.25
strong_oscillatory,260903,persistence,75,0.75,0.25,0.06546846457335759,-2.72618670917382,0.5
strong_oscillatory,260903,persistence,76,0.5,0.25,0.2409465560885308,-1.4231801290523898,0.25
strong_oscillatory,260903,persistence,77,0.25,0.25,0.37166463072848055,-0.9897633616316216,0.0
strong_oscillatory,260903,persistence,78,0.25,0.25,0.37166463072848055,-0.9897633616316216,0.0
strong_oscillatory,260903,persistence,79,0.5,0.25,0.2409465560885308,-1.4231801290523898,0.25
strong_oscillatory,260903,ar1,60,0.5,0.4772547052201038,0.48581709986705257,-0.7219230636365698,0.022745294779896175
strong_oscillatory,260903,ar1,61,0.75,0.5139519044772775,0.25085041005703407,-1.3828984933829538,0.23604809552272255
strong_oscillatory,260903,ar1,62,0.75,0.5198777858886937,0.25931002020485205,-1.3497309438950957,0.2301222141113063
strong_oscillatory,260903,ar1,63,0.5,0.5208347000732362,0.48630025627927337,-0.7209290345742356,0.02083470007323618
strong_oscillatory,260903,ar1,64,0.25,0.5209892230366581,0.2027410461916556,-1.5958257487785183,0.27098922303665807
strong_oscillatory,260903,ar1,65,0.25,0.521014175479218,0.20270806621947335,-1.5959884324359512,0.271014175479218
strong_oscillatory,260903,ar1,66,0.75,0.5210182048116611,0.2609449713481723,-1.3434457316353121,0.22898179518833894
strong_oscillatory,260903,ar1,67,0.75,0.5210188554702048,0.2609459047447953,-1.343442154655274,0.22898114452979523
strong_oscillatory,260903,ar1,68,0.25,0.5210189605388598,0.20270174200429922,-1.5960196315586481,0.27101896053885977
strong_oscillatory,260903,ar1,69,0.25,0.5210189775053968,0.20270171958047928,-1.5960197421833568,0.27101897750539683
strong_oscillatory,260903,ar1,70,0.5,0.5210189802451614,0.4862554810036707,-0.7210211121260258,0.021018980245161356
strong_oscillatory,260903,ar1,71,0.75,0.5210189806875799,0.2609460843743803,-1.3434414662768783,0.2289810193124201
strong_oscillatory,260903,ar1,72,0.5,0.5210189807590219,0.4862554808782722,-0.721021112383912,0.021018980759021866
strong_oscillatory,260903,ar1,73,0.5,0.5210189807705583,0.48625548087545695,-0.7210211123897016,0.021018980770558304
strong_oscillatory,260903,ar1,74,0.5,0.5210189807724213,0.48625548087500237,-0.7210211123906365,0.02101898077242126
strong_oscillatory,260903,ar1,75,0.75,0.521018980772722,0.26094608449652024,-1.3434414658088127,0.22898101922727798
strong_oscillatory,260903,ar1,76,0.5,0.5210189807727706,0.48625548087491705,-0.7210211123908119,0.021018980772770646
strong_oscillatory,260903,ar1,77,0.25,0.5210189807727784,0.20270171526214523,-1.5960197634872417,0.2710189807727784
strong_oscillatory,260903,ar1,78,0.25,0.5210189807727797,0.20270171526214348,-1.5960197634872504,0.27101898077277975
strong_oscillatory,260903,ar1,79,0.5,0.52101898077278,0.48625548087491477,-0.7210211123908166,0.02101898077277997
strong_oscillatory,260903,quadratic_narrative_position,60,0.5,0.4659260053169902,0.4749160784678358,-0.744617167466519,0.03407399468300981
strong_oscillatory,260903,quadratic_narrative_position,61,0.75,0.46229791575958235,0.18388174734008997,-1.693462405478372,0.28770208424041765
strong_oscillatory,260903,quadratic_narrative_position,62,0.75,0.4585746069797931,0.17931218846654187,-1.7186269226193127,0.2914253930202069
strong_oscillatory,260903,quadratic_narrative_position,63,0.5,0.4547560789776226,0.47006781482777843,-0.754878307818768,0.0452439210223774
strong_oscillatory,260903,quadratic_narrative_position,64,0.25,0.4508423317530707,0.30143476187249124,-1.1992016647604764,0.2008423317530707
strong_oscillatory,260903,quadratic_narrative_position,65,0.25,0.44683336530613765,0.3070731139944773,-1.1806694034158556,0.19683336530613765
strong_oscillatory,260903,quadratic_narrative_position,66,0.75,0.44272917963682323,0.1605107965061996,-1.8293940707230543,0.30727082036317677
strong_oscillatory,260903,quadratic_narrative_position,67,0.75,0.4385297747451276,0.15571182556456387,-1.8597482520657225,0.3114702252548724
strong_oscillatory,260903,quadratic_narrative_position,68,0.25,0.43423515063105056,0.32469132436219855,-1.1248803191640833,0.18423515063105056
strong_oscillatory,260903,quadratic_narrative_position,69,0.25,0.42984530729459236,0.330776341480259,-1.1063128374946305,0.17984530729459236
strong_oscillatory,260903,quadratic_narrative_position,70,0.5,0.42536024473575273,0.4512641890887043,-0.7957023258655098,0.07463975526424727
strong_oscillatory,260903,quadratic_narrative_position,71,0.75,0.4207799629545319,0.1363301023587139,-1.9926761109686109,0.3292200370454681
strong_oscillatory,260903,quadratic_narrative_position,72,0.5,0.41610446195092965,0.4436563533617411,-0.8127049951412291,0.08389553804907035
strong_oscillatory,260903,quadratic_narrative_position,73,0.5,0.4113337417249462,0.439443922994451,-0.8222451627291749,0.08866625827505381
strong_oscillatory,260903,quadratic_narrative_position,74,0.5,0.4064678022765815,0.43495181885828577,-0.8325200152732527,0.09353219772341848
strong_oscillatory,260903,quadratic_narrative_position,75,0.75,0.40150664360583543,0.1170087110952516,-2.1455068931503587,0.34849335639416457
strong_oscillatory,260903,quadratic_narrative_position,76,0.5,0.39645026571270814,0.4251113725982456,-0.8554040912153128,0.10354973428729186
strong_oscillatory,260903,quadratic_narrative_position,77,0.25,0.39129866859719953,0.38189975814800586,-0.9625971180370523,0.14129866859719953
strong_oscillatory,260903,quadratic_narrative_position,78,0.25,0.38605185225930966,0.3884021759494709,-0.9457139402390771,0.13605185225930966
strong_oscillatory,260903,quadratic_narrative_position,79,0.5,0.38070981669903836,0.4081697637334727,-0.8960721035363676,0.11929018330096164
strong_oscillatory,260904,rcwe,60,0.25,0.3979932898638362,0.3875349103272361,-0.94794934307964,0.1479932898638362
strong_oscillatory,260904,rcwe,61,0.5,0.6676020815431687,0.2987108006422447,-1.2082793955847126,0.1676020815431687
strong_oscillatory,260904,rcwe,62,0.75,0.6659338831922743,0.6891294451078682,-0.37232615172796585,0.08406611680772569
strong_oscillatory,260904,rcwe,63,0.5,0.40529608618150104,0.6430179372279878,-0.44158265897810606,0.09470391381849896
strong_oscillatory,260904,rcwe,64,0.25,0.3013527818663797,0.8047122396135453,-0.2172705317884654,0.051352781866379704
strong_oscillatory,260904,rcwe,65,0.25,0.5095522795574274,0.04779162614867814,-3.040904840005539,0.25955227955742743
strong_oscillatory,260904,rcwe,66,0.5,0.708290853290742,0.15109044056072754,-1.8898766773518698,0.20829085329074204
strong_oscillatory,260904,rcwe,67,0.75,0.5802198177336018,0.28942842561523574,-1.2398472470262585,0.16978018226639824
strong_oscillatory,260904,rcwe,68,0.5,0.32020536618763495,0.248578135652292,-1.3919980536836762,0.17979463381236505
strong_oscillatory,260904,rcwe,69,0.25,0.3540993071528772,0.5998677464151873,-0.511046070703986,0.10409930715287719
strong_oscillatory,260904,rcwe,70,0.5,0.624211801894145,0.5028835182556223,-0.6873967097442957,0.12421180189414505
strong_oscillatory,260904,rcwe,71,0.75,0.6927904278623023,0.787454148225116,-0.23895013445350272,0.05720957213769773
strong_oscillatory,260904,rcwe,72,0.75,0.4642789610661671,0.023252025187062517,-3.761363045922283,0.2857210389338329
strong_oscillatory,260904,rcwe,73,0.5,0.29351716532496824,0.1563965300271423,-1.8553606376442742,0.20648283467503176
strong_oscillatory,260904,rcwe,74,0.25,0.4497355075561717,0.17726739069933029,-1.7300960044232097,0.1997355075561717
strong_oscillatory,260904,rcwe,75,0.75,0.6951411942247097,0.7945789126200418,-0.22994297431265717,0.05485880577529034
strong_oscillatory,260904,rcwe,76,0.5,0.6287836014329178,0.48047537924701267,-0.7329792917451319,0.12878360143291778
strong_oscillatory,260904,rcwe,77,0.5,0.35667453821635947,0.4097714897769181,-0.8921556166640903,0.14332546178364053
strong_oscillatory,260904,rcwe,78,0.25,0.32141341302839005,0.7390871433585167,-0.3023394443385092,0.07141341302839005
strong_oscillatory,260904,rcwe,79,0.5,0.5687950547701622,0.7486571451587465,-0.2894741503863209,0.06879505477016223
strong_oscillatory,260904,persistence,60,0.25,0.25,0.3876950830299362,-0.9475361167949198,0.0
strong_oscillatory,260904,persistence,61,0.5,0.25,0.24194198049198867,-1.419057331603189,0.25
strong_oscillatory,260904,persistence,62,0.75,0.25,0.05857092224871857,-2.837516912910534,0.5
strong_oscillatory,260904,persistence,63,0.5,0.25,0.24194198049198867,-1.419057331603189,0.25
strong_oscillatory,260904,persistence,64,0.25,0.25,0.3876950830299362,-0.9475361167949198,0.0
strong_oscillatory,260904,persistence,65,0.25,0.25,0.3876950830299362,-0.9475361167949198,0.0
strong_oscillatory,260904,persistence,66,0.5,0.25,0.24194198049198867,-1.419057331603189,0.25
strong_oscillatory,260904,persistence,67,0.75,0.25,0.05857092224871857,-2.837516912910534,0.5
strong_oscillatory,260904,persistence,68,0.5,0.25,0.24194198049198867,-1.419057331603189,0.25
strong_oscillatory,260904,persistence,69,0.25,0.25,0.3876950830299362,-0.9475361167949198,0.0
strong_oscillatory,260904,persistence,70,0.5,0.25,0.24194198049198867,-1.419057331603189,0.25
strong_oscillatory,260904,persistence,71,0.75,0.25,0.05857092224871857,-2.837516912910534,0.5
strong_oscillatory,260904,persistence,72,0.75,0.25,0.05857092224871857,-2.837516912910534,0.5
strong_oscillatory,260904,persistence,73,0.5,0.25,0.24194198049198867,-1.419057331603189,0.25
strong_oscillatory,260904,persistence,74,0.25,0.25,0.3876950830299362,-0.9475361167949198,0.0
strong_oscillatory,260904,persistence,75,0.75,0.25,0.05857092224871857,-2.837516912910534,0.5
strong_oscillatory,260904,persistence,76,0.5,0.25,0.24194198049198867,-1.419057331603189,0.25
strong_oscillatory,260904,persistence,77,0.5,0.25,0.24194198049198867,-1.419057331603189,0.25
strong_oscillatory,260904,persistence,78,0.25,0.25,0.3876950830299362,-0.9475361167949198,0.0
strong_oscillatory,260904,persistence,79,0.5,0.25,0.24194198049198867,-1.419057331603189,0.25
strong_oscillatory,260904,ar1,60,0.25,0.47272899114119254,0.2664378587852483,-1.3226142378556975,0.22272899114119254
strong_oscillatory,260904,ar1,61,0.5,0.5032623031773817,0.515409550772017,-0.6627934501400339,0.0032623031773817424
strong_oscillatory,260904,ar1,62,0.75,0.507448031937354,0.23554637773675674,-1.4458474518496507,0.242551968062646
strong_oscillatory,260904,ar1,63,0.5,0.5080218421165869,0.5150428353389978,-0.6635052063617544,0.008021842116586853
strong_oscillatory,260904,ar1,64,0.25,0.5081005041944883,0.2122524402826739,-1.5499789566474729,0.25810050419448827
strong_oscillatory,260904,ar1,65,0.25,0.5081112877649506,0.21223662726574935,-1.5500534604127791,0.2581112877649506
strong_oscillatory,260904,ar1,66,0.5,0.5081127660553164,0.5150328220799634,-0.6635246481551074,0.008112766055316412
strong_oscillatory,260904,ar1,67,0.75,0.5081129687101248,0.23656296604486604,-1.4415408652815418,0.2418870312898752
strong_oscillatory,260904,ar1,68,0.5,0.5081129964915216,0.5150327965593893,-0.6635246977064633,0.00811299649152164
strong_oscillatory,260904,ar1,69,0.25,0.5081130002999978,0.21223411605258652,-1.5500652926212524,0.25811300029999784
strong_oscillatory,260904,ar1,70,0.5,0.5081130008220915,0.5150327960797761,-0.6635246986376917,0.008113000822091543
strong_oscillatory,260904,ar1,71,0.75,0.508113000893664,0.236563015285902,-1.4415406571296419,0.24188699910633604
strong_oscillatory,260904,ar1,72,0.75,0.5081130009034756,0.23656301530091395,-1.4415406570661833,0.24188699909652445
strong_oscillatory,260904,ar1,73,0.5,0.5081130009048207,0.5150327960706139,-0.6635246986554812,0.0081130009048207
strong_oscillatory,260904,ar1,74,0.25,0.508113000905005,0.2122341151654232,-1.5500652968013688,0.258113000905005
strong_oscillatory,260904,ar1,75,0.75,0.5081130009050303,0.23656301530329266,-1.441540657056128,0.2418869990949697
strong_oscillatory,260904,ar1,76,0.5,0.5081130009050338,0.5150327960705903,-0.6635246986555272,0.008113000905033751
strong_oscillatory,260904,ar1,77,0.5,0.5081130009050343,0.51503279607059,-0.6635246986555275,0.008113000905034307
strong_oscillatory,260904,ar1,78,0.25,0.5081130009050343,0.21223411516538032,-1.550065296801571,0.2581130009050343
strong_oscillatory,260904,ar1,79,0.5,0.5081130009050343,0.51503279607059,-0.6635246986555275,0.008113000905034307
strong_oscillatory,260904,quadratic_narrative_position,60,0.25,0.4917138160385717,0.23867092616709598,-1.4326695537800203,0.24171381603857173
strong_oscillatory,260904,quadratic_narrative_position,61,0.5,0.4912838780334882,0.5074753592323058,-0.6783071224817772,0.00871612196651178
strong_oscillatory,260904,quadratic_narrative_position,62,0.75,0.49085247263022846,0.21308639954578337,-1.5460575638486531,0.25914752736977154
strong_oscillatory,260904,quadratic_narrative_position,63,0.5,0.4904195998287924,0.5073720424940779,-0.6785107328736628,0.009580400171207593
strong_oscillatory,260904,quadratic_narrative_position,64,0.25,0.48998525962918005,0.241263948313621,-1.4218637235903462,0.23998525962918005
strong_oscillatory,260904,quadratic_narrative_position,65,0.25,0.48954945203139133,0.2419191370668995,-1.4191517530157687,0.23954945203139133
strong_oscillatory,260904,quadratic_narrative_position,66,0.5,0.4891121770354264,0.507197248264221,-0.6788553012204056,0.010887822964573579
strong_oscillatory,260904,quadratic_narrative_position,67,0.75,0.48867343464128515,0.2099693026105915,-1.5607939369945225,0.26132656535871485
strong_oscillatory,260904,quadratic_narrative_position,68,0.5,0.4882332248489677,0.5070672242727926,-0.679111691926501,0.011766775151032305
strong_oscillatory,260904,quadratic_narrative_position,69,0.25,0.4877915476584738,0.2445676494634994,-1.4082633234151365,0.23779154765847382
strong_oscillatory,260904,quadratic_narrative_position,70,0.5,0.4873484030698037,0.5069261786461674,-0.6793898902404721,0.012651596930196296
strong_oscillatory,260904,quadratic_narrative_position,71,0.75,0.48690379108295734,0.20745226915299708,-1.5728539939502506,0.26309620891704266
strong_oscillatory,260904,quadratic_narrative_position,72,0.75,0.4864577116979346,0.20681986704856448,-1.5759070720619692,0.2635422883020654
strong_oscillatory,260904,quadratic_narrative_position,73,0.5,0.4860101649147356,0.5066935196708564,-0.6798489558639662,0.013989835085264413
strong_oscillatory,260904,quadratic_narrative_position,74,0.25,0.48556115073336037,0.2479407779738939,-1.394565359826418,0.23556115073336037
strong_oscillatory,260904,quadratic_narrative_position,75,0.75,0.48511066915380874,0.20491531227591145,-1.585158496046736,0.26488933084619126
strong_oscillatory,260904,quadratic_narrative_position,76,0.5,0.4846587201760809,0.5064349678663439,-0.6803593586673735,0.015341279823919085
strong_oscillatory,260904,quadratic_narrative_position,77,0.5,0.48420530380017673,0.5063429161710911,-0.680541139286712,0.015794696199823266
strong_oscillatory,260904,quadratic_narrative_position,78,0.25,0.48375042002609625,0.2506892764374327,-1.383541049214464,0.23375042002609625
strong_oscillatory,260904,quadratic_narrative_position,79,0.5,0.4832940688538396,0.5061498646064924,-0.6809224784342166,0.016705931146160424
strong_oscillatory,260905,rcwe,60,0.25,0.2673197579605604,0.8162433582859127,-0.20304273528718852,0.0173197579605604
strong_oscillatory,260905,rcwe,61,0.75,0.5506620151022381,0.21036306165350518,-1.5589203760148194,0.1993379848977619
strong_oscillatory,260905,rcwe,62,0.75,0.7448703602750837,0.823144249221113,-0.1946238212198508,0.005129639724916313
strong_oscillatory,260905,rcwe,63,0.25,0.5501448391904835,0.029032244572022994,-3.5393481848845108,0.3001448391904835
strong_oscillatory,260905,rcwe,64,0.25,0.2523189434068534,0.8236739666488275,-0.1939804989139896,0.002318943406853402
strong_oscillatory,260905,rcwe,65,0.5,0.33393813576131914,0.32758940491900784,-1.115994269043291,0.16606186423868086
strong_oscillatory,260905,rcwe,66,0.75,0.6660740677515424,0.659751948984292,-0.415891349477577,0.08392593224845757
strong_oscillatory,260905,rcwe,67,0.5,0.7163148102988933,0.1614449287043037,-1.8235911932076767,0.21631481029889332
strong_oscillatory,260905,rcwe,68,0.25,0.41980389526943124,0.31319527841603034,-1.1609283902791534,0.16980389526943124
strong_oscillatory,260905,rcwe,69,0.25,0.24081803011725583,0.8216781675840507,-0.19640648421171758,0.009181969882744168
strong_oscillatory,260905,rcwe,70,0.75,0.4368953046114688,0.020903612121191774,-3.8678333061793855,0.3131046953885312
strong_oscillatory,260905,rcwe,71,0.75,0.7317617458475805,0.8154226668720308,-0.20404869051385366,0.01823825415241953
strong_oscillatory,260905,rcwe,72,0.5,0.6462588568430575,0.40736582604405147,-0.8980436617611954,0.1462588568430575
strong_oscillatory,260905,rcwe,73,0.25,0.3073760509120915,0.7436110415917795,-0.29623717441268166,0.057376050912091525
strong_oscillatory,260905,rcwe,74,0.5,0.2723061293430161,0.13317058443347257,-2.016124382850601,0.22769387065698388
strong_oscillatory,260905,rcwe,75,0.5,0.5636377770429893,0.7260315139636779,-0.32016185743595815,0.06363777704298934
strong_oscillatory,260905,rcwe,76,0.75,0.7439463087285034,0.8228828713225056,-0.1949414076041115,0.006053691271496575
strong_oscillatory,260905,rcwe,77,0.5,0.5376628148658852,0.7884876871580975,-0.2376384882265256,0.037662814865885186
strong_oscillatory,260905,rcwe,78,0.25,0.2489577126004734,0.8237825727067098,-0.19384865196635223,0.001042287399526609
strong_oscillatory,260905,rcwe,79,0.25,0.3427692500319828,0.6271377656841977,-0.46658904050018996,0.09276925003198278
strong_oscillatory,260905,persistence,60,0.25,0.25,0.3162147989285045,-1.151333552871527,0.0
strong_oscillatory,260905,persistence,61,0.75,0.25,0.09002157513184389,-2.4077059136938495,0.5
strong_oscillatory,260905,persistence,62,0.75,0.25,0.09002157513184389,-2.4077059136938495,0.5
strong_oscillatory,260905,persistence,63,0.25,0.25,0.3162147989285045,-1.151333552871527,0.0
strong_oscillatory,260905,persistence,64,0.25,0.25,0.3162147989285045,-1.151333552871527,0.0
strong_oscillatory,260905,persistence,65,0.5,0.25,0.23102177949873046,-1.4652432893604699,0.25
strong_oscillatory,260905,persistence,66,0.75,0.25,0.09002157513184389,-2.4077059136938495,0.5
strong_oscillatory,260905,persistence,67,0.5,0.25,0.23102177949873046,-1.4652432893604699,0.25
strong_oscillatory,260905,persistence,68,0.25,0.25,0.3162147989285045,-1.151333552871527,0.0
strong_oscillatory,260905,persistence,69,0.25,0.25,0.3162147989285045,-1.151333552871527,0.0
strong_oscillatory,260905,persistence,70,0.75,0.25,0.09002157513184389,-2.4077059136938495,0.5
strong_oscillatory,260905,persistence,71,0.75,0.25,0.09002157513184389,-2.4077059136938495,0.5
strong_oscillatory,260905,persistence,72,0.5,0.25,0.23102177949873046,-1.4652432893604699,0.25
strong_oscillatory,260905,persistence,73,0.25,0.25,0.3162147989285045,-1.151333552871527,0.0
strong_oscillatory,260905,persistence,74,0.5,0.25,0.23102177949873046,-1.4652432893604699,0.25
strong_oscillatory,260905,persistence,75,0.5,0.25,0.23102177949873046,-1.4652432893604699,0.25
strong_oscillatory,260905,persistence,76,0.75,0.25,0.09002157513184389,-2.4077059136938495,0.5
strong_oscillatory,260905,persistence,77,0.5,0.25,0.23102177949873046,-1.4652432893604699,0.25
strong_oscillatory,260905,persistence,78,0.25,0.25,0.3162147989285045,-1.151333552871527,0.0
strong_oscillatory,260905,persistence,79,0.25,0.25,0.3162147989285045,-1.151333552871527,0.0
strong_oscillatory,260905,ar1,60,0.25,0.4809422369277095,0.26223376417933275,-1.3385189433292404,0.2309422369277095
strong_oscillatory,260905,ar1,61,0.75,0.4990675665676948,0.23949520291799845,-1.4292218919017055,0.2509324334323052
strong_oscillatory,260905,ar1,62,0.75,0.5004901195789093,0.24110634889585442,-1.4225171611020917,0.24950988042109068
strong_oscillatory,260905,ar1,63,0.25,0.5006017675935889,0.23986956355429023,-1.4276599885722119,0.2506017675935889
strong_oscillatory,260905,ar1,64,0.25,0.5006105302049528,0.23985964189975956,-1.4277013521349022,0.25061053020495283
strong_oscillatory,260905,ar1,65,0.5,0.5006112179319862,0.43298008545365546,-0.8370635440612031,0.0006112179319861522
strong_oscillatory,260905,ar1,66,0.75,0.5006112719077307,0.2412436353024793,-1.4219479212769461,0.2493887280922693
strong_oscillatory,260905,ar1,67,0.5,0.5006112761439768,0.4329800851643226,-0.837063544729439,0.0006112761439768244
strong_oscillatory,260905,ar1,68,0.25,0.5006112764764554,0.2398587969206974,-1.4277048749474264,0.2506112764764554
strong_oscillatory,260905,ar1,69,0.25,0.5006112765025498,0.23985879689115155,-1.4277048750706065,0.2506112765025498
strong_oscillatory,260905,ar1,70,0.75,0.5006112765045978,0.24124364051172983,-1.4219478996836283,0.2493887234954022
strong_oscillatory,260905,ar1,71,0.75,0.5006112765047585,0.2412436405119119,-1.4219478996828736,0.24938872349524155
strong_oscillatory,260905,ar1,72,0.5,0.5006112765047711,0.4329800851625292,-0.837063544733581,0.0006112765047711077
strong_oscillatory,260905,ar1,73,0.25,0.5006112765047721,0.23985879688863526,-1.4277048750810972,0.2506112765047721
strong_oscillatory,260905,ar1,74,0.5,0.5006112765047722,0.4329800851625292,-0.837063544733581,0.000611276504772218
strong_oscillatory,260905,ar1,75,0.5,0.5006112765047722,0.4329800851625292,-0.837063544733581,0.000611276504772218
strong_oscillatory,260905,ar1,76,0.75,0.5006112765047722,0.2412436405119275,-1.421947899682809,0.24938872349522778
strong_oscillatory,260905,ar1,77,0.5,0.5006112765047722,0.4329800851625292,-0.837063544733581,0.000611276504772218
strong_oscillatory,260905,ar1,78,0.25,0.5006112765047722,0.23985879688863515,-1.4277048750810977,0.2506112765047722
strong_oscillatory,260905,ar1,79,0.25,0.5006112765047722,0.23985879688863515,-1.4277048750810977,0.2506112765047722
strong_oscillatory,260905,quadratic_narrative_position,60,0.25,0.5220148909823086,0.21552743174983255,-1.5346670840367618,0.2720148909823086
strong_oscillatory,260905,quadratic_narrative_position,61,0.75,0.5267844268035834,0.2711092141749926,-1.3052335349511064,0.2232155731964166
strong_oscillatory,260905,quadratic_narrative_position,62,0.75,0.5317442663753259,0.2768003611311191,-1.284458750575026,0.2182557336246741
strong_oscillatory,260905,quadratic_narrative_position,63,0.25,0.536894409697536,0.199153551639939,-1.6136791355193374,0.286894409697536
strong_oscillatory,260905,quadratic_narrative_position,64,0.25,0.5422348567702135,0.1933852117823267,-1.6430711633005248,0.29223485677021355
strong_oscillatory,260905,quadratic_narrative_position,65,0.5,0.5477656075933588,0.4254347089755788,-0.8546437881584565,0.047765607593358794
strong_oscillatory,260905,quadratic_narrative_position,66,0.75,0.5534866621669715,0.301519739150435,-1.1989197951389303,0.1965133378330285
strong_oscillatory,260905,quadratic_narrative_position,67,0.5,0.5593980204910518,0.42044377019972995,-0.8664445297954502,0.059398020491051806
strong_oscillatory,260905,quadratic_narrative_position,68,0.25,0.5654996825655997,0.16906199229289062,-1.7774898130193206,0.3154996825655997
strong_oscillatory,260905,quadratic_narrative_position,69,0.25,0.571791648390615,0.16273586416080602,-1.8156268578204744,0.321791648390615
strong_oscillatory,260905,quadratic_narrative_position,70,0.75,0.578273917966098,0.3287757564113037,-1.1123793520608272,0.17172608203390205
strong_oscillatory,260905,quadratic_narrative_position,71,0.75,0.5849464912920486,0.335853792015369,-1.0910793565324413,0.16505350870795144
strong_oscillatory,260905,quadratic_narrative_position,72,0.5,0.5918093683684666,0.4013803730850939,-0.9128457399660928,0.09180936836846665
strong_oscillatory,260905,quadratic_narrative_position,73,0.25,0.5988625491953523,0.13691645281688636,-1.9883843726314498,0.3488625491953523
strong_oscillatory,260905,quadratic_narrative_position,74,0.5,0.6061060337727056,0.3907681044622668,-0.9396409781569007,0.10610603377270555
strong_oscillatory,260905,quadratic_narrative_position,75,0.5,0.6135398221005264,0.3847717090115499,-0.9551050841731634,0.11353982210052638
strong_oscillatory,260905,quadratic_narrative_position,76,0.75,0.6211639141788147,0.37149397863255046,-0.9902226232126086,0.12883608582118533
strong_oscillatory,260905,quadratic_narrative_position,77,0.5,0.6289783100075705,0.37136496174416983,-0.9905699755366242,0.12897831000757054
strong_oscillatory,260905,quadratic_narrative_position,78,0.25,0.6369830095867939,0.10481362295799393,-2.2555715254859767,0.3869830095867939
strong_oscillatory,260905,quadratic_narrative_position,79,0.25,0.645178012916485,0.09860133216373984,-2.3166705066763806,0.395178012916485
strong_oscillatory,260906,rcwe,60,0.25,0.3849388000234146,0.4511014763475758,-0.7960629618008617,0.13493880002341457
strong_oscillatory,260906,rcwe,61,0.75,0.6561080587760771,0.6435629978390884,-0.4407353579978824,0.09389194122392286
strong_oscillatory,260906,rcwe,62,0.75,0.7055155911226437,0.8166986801222207,-0.20248506473012184,0.044484408877356274
strong_oscillatory,260906,rcwe,63,0.5,0.48538738428752004,0.8656094283651211,-0.14432147866051465,0.01461261571247996
strong_oscillatory,260906,rcwe,64,0.25,0.3186743396983763,0.7441454923594235,-0.29551870902074745,0.06867433969837627
strong_oscillatory,260906,rcwe,65,0.5,0.4765623614472177,0.8561849934414867,-0.15526881235611295,0.023437638552782303
strong_oscillatory,260906,rcwe,66,0.75,0.7144577897168952,0.8363343378768281,-0.1787268201564134,0.03554221028310478
strong_oscillatory,260906,rcwe,67,0.75,0.647557662822669,0.605281442978439,-0.5020617341152626,0.10244233717733098
strong_oscillatory,260906,rcwe,68,0.25,0.3890545356983989,0.4314661477710308,-0.8405662239787788,0.13905453569839887
strong_oscillatory,260906,rcwe,69,0.25,0.34223378668595755,0.6507862609413541,-0.42957401489059,0.09223378668595755
strong_oscillatory,260906,rcwe,70,0.5,0.5872418007487873,0.6720802501157705,-0.39737752577383123,0.08724180074878729
strong_oscillatory,260906,rcwe,71,0.75,0.7242377977216835,0.8529878017607444,-0.15901003199043015,0.025762202278316493
strong_oscillatory,260906,rcwe,72,0.5,0.5590046241661608,0.7763555092324292,-0.25314473325447306,0.05900462416616081
strong_oscillatory,260906,rcwe,73,0.25,0.3304029659557785,0.7000296606528131,-0.35663257247525393,0.0804029659557785
strong_oscillatory,260906,rcwe,74,0.25,0.40816923071477496,0.3430088185091819,-1.0699991222073861,0.15816923071477496
strong_oscillatory,260906,rcwe,75,0.5,0.6782517439098805,0.25845045676180345,-1.3530512600295845,0.17825174390988052
strong_oscillatory,260906,rcwe,76,0.75,0.6922688330146801,0.7802915888735495,-0.2480875972670647,0.05773116698531988
strong_oscillatory,260906,rcwe,77,0.5,0.45520705450285065,0.8159482221617208,-0.20340437926445684,0.04479294549714935
strong_oscillatory,260906,rcwe,78,0.25,0.3208747300206607,0.7362693285011622,-0.30615929172777745,0.07087473002066069
strong_oscillatory,260906,rcwe,79,0.25,0.5081962387122382,0.05258580120692395,-2.945309134710435,0.2581962387122382
strong_oscillatory,260906,persistence,60,0.25,0.25,0.3599453096279391,-1.0218031767728133,0.0
strong_oscillatory,260906,persistence,61,0.75,0.25,0.07063752317260184,-2.6501937859766542,0.5
strong_oscillatory,260906,persistence,62,0.75,0.25,0.07063752317260184,-2.6501937859766542,0.5
strong_oscillatory,260906,persistence,63,0.5,0.25,0.23969909404187578,-1.4283709170988959,0.25
strong_oscillatory,260906,persistence,64,0.25,0.25,0.3599453096279391,-1.0218031767728133,0.0
strong_oscillatory,260906,persistence,65,0.5,0.25,0.23969909404187578,-1.4283709170988959,0.25
strong_oscillatory,260906,persistence,66,0.75,0.25,0.07063752317260184,-2.6501937859766542,0.5
strong_oscillatory,260906,persistence,67,0.75,0.25,0.07063752317260184,-2.6501937859766542,0.5
strong_oscillatory,260906,persistence,68,0.25,0.25,0.3599453096279391,-1.0218031767728133,0.0
strong_oscillatory,260906,persistence,69,0.25,0.25,0.3599453096279391,-1.0218031767728133,0.0
strong_oscillatory,260906,persistence,70,0.5,0.25,0.23969909404187578,-1.4283709170988959,0.25
strong_oscillatory,260906,persistence,71,0.75,0.25,0.07063752317260184,-2.6501937859766542,0.5
strong_oscillatory,260906,persistence,72,0.5,0.25,0.23969909404187578,-1.4283709170988959,0.25
strong_oscillatory,260906,persistence,73,0.25,0.25,0.3599453096279391,-1.0218031767728133,0.0
strong_oscillatory,260906,persistence,74,0.25,0.25,0.3599453096279391,-1.0218031767728133,0.0
strong_oscillatory,260906,persistence,75,0.5,0.25,0.23969909404187578,-1.4283709170988959,0.25
strong_oscillatory,260906,persistence,76,0.75,0.25,0.07063752317260184,-2.6501937859766542,0.5
strong_oscillatory,260906,persistence,77,0.5,0.25,0.23969909404187578,-1.4283709170988959,0.25
strong_oscillatory,260906,persistence,78,0.25,0.25,0.3599453096279391,-1.0218031767728133,0.0
strong_oscillatory,260906,persistence,79,0.25,0.25,0.3599453096279391,-1.0218031767728133,0.0
strong_oscillatory,260906,ar1,60,0.25,0.5132373236271455,0.21207998297730773,-1.5507917972667995,0.26323732362714547
strong_oscillatory,260906,ar1,61,0.75,0.5324329424861705,0.2771394846378949,-1.2832343448864554,0.21756705751382954
strong_oscillatory,260906,ar1,62,0.75,0.5338327127706567,0.2791948416411842,-1.2758453837617851,0.2161672872293433
strong_oscillatory,260906,ar1,63,0.5,0.5339347858980573,0.48550570157856127,-0.7225642475945625,0.03393478589805732
strong_oscillatory,260906,ar1,64,0.25,0.5339422292074723,0.1846910618174625,-1.6890707859232184,0.28394222920747225
strong_oscillatory,260906,ar1,65,0.5,0.5339427719835824,0.485502514943923,-0.7225708111531073,0.03394277198358242
strong_oscillatory,260906,ar1,66,0.75,0.5339428115635447,0.27935657990212964,-1.2752662490242201,0.21605718843645527
strong_oscillatory,260906,ar1,67,0.75,0.5339428144497687,0.27935658414221165,-1.2752662338461922,0.21605718555023135
strong_oscillatory,260906,ar1,68,0.25,0.5339428146602361,0.18469031193041835,-1.6890748461552574,0.2839428146602361
strong_oscillatory,260906,ar1,69,0.25,0.5339428146755836,0.18469031191076024,-1.6890748462616956,0.2839428146755836
strong_oscillatory,260906,ar1,70,0.5,0.5339428146767028,0.48550249790641137,-0.7225708462456379,0.03394281467670279
strong_oscillatory,260906,ar1,71,0.75,0.5339428146767844,0.279356584475715,-1.2752662326523656,0.2160571853232156
strong_oscillatory,260906,ar1,72,0.5,0.5339428146767903,0.48550249790637645,-0.7225708462457099,0.03394281467679028
strong_oscillatory,260906,ar1,73,0.25,0.5339428146767907,0.18469031190921412,-1.689074846270067,0.2839428146767907
strong_oscillatory,260906,ar1,74,0.25,0.5339428146767907,0.18469031190921412,-1.689074846270067,0.2839428146767907
strong_oscillatory,260906,ar1,75,0.5,0.5339428146767907,0.48550249790637623,-0.7225708462457103,0.03394281467679072
strong_oscillatory,260906,ar1,76,0.75,0.5339428146767907,0.2793565844757244,-1.2752662326523319,0.21605718532320928
strong_oscillatory,260906,ar1,77,0.5,0.5339428146767907,0.48550249790637623,-0.7225708462457103,0.03394281467679072
strong_oscillatory,260906,ar1,78,0.25,0.5339428146767907,0.18469031190921412,-1.689074846270067,0.2839428146767907
strong_oscillatory,260906,ar1,79,0.25,0.5339428146767907,0.18469031190921412,-1.689074846270067,0.2839428146767907
strong_oscillatory,260906,quadratic_narrative_position,60,0.25,0.569055219427531,0.14423630925157593,-1.9363022879659124,0.319055219427531
strong_oscillatory,260906,quadratic_narrative_position,61,0.75,0.5717546301250581,0.3342460952772158,-1.095877745111055,0.17824536987494188
strong_oscillatory,260906,quadratic_narrative_position,62,0.75,0.5745214865008158,0.3381813691187915,-1.0841729323887384,0.1754785134991842
strong_oscillatory,260906,quadratic_narrative_position,63,0.5,0.5773557885548045,0.45480915963839574,-0.7878773773824497,0.07735578855480452
strong_oscillatory,260906,quadratic_narrative_position,64,0.25,0.580257536287024,0.13213648766213237,-2.0239198931625086,0.33025753628702403
strong_oscillatory,260906,quadratic_narrative_position,65,0.5,0.5832267296974744,0.44972340350610124,-0.7991225440733116,0.08322672969747436
strong_oscillatory,260906,quadratic_narrative_position,66,0.75,0.5862633687861554,0.35467611546178174,-1.036550256763921,0.16373663121384463
strong_oscillatory,260906,quadratic_narrative_position,67,0.75,0.5893674535530673,0.35897057242592123,-1.0245148648120974,0.1606325464469327
strong_oscillatory,260906,quadratic_narrative_position,68,0.25,0.59253898399821,0.11960974899813082,-2.1235209274253415,0.34253898399821003
strong_oscillatory,260906,quadratic_narrative_position,69,0.25,0.5957779601215836,0.11643675585774456,-2.150407021556526,0.34577796012158357
strong_oscillatory,260906,quadratic_narrative_position,70,0.5,0.599084381923188,0.43447653720105395,-0.833613335271993,0.09908438192318803
strong_oscillatory,260906,quadratic_narrative_position,71,0.75,0.6024582494030231,0.3767003548499569,-0.9763052222884162,0.14754175059697694
strong_oscillatory,260906,quadratic_narrative_position,72,0.5,0.6058995625610891,0.4272936113173381,-0.8502838877256094,0.10589956256108912
strong_oscillatory,260906,quadratic_narrative_position,73,0.25,0.6094083213973859,0.1036865739820427,-2.266382641925674,0.3594083213973859
strong_oscillatory,260906,quadratic_narrative_position,74,0.25,0.6129845259119135,0.10050275987723095,-2.297570090395081,0.36298452591191355
strong_oscillatory,260906,quadratic_narrative_position,75,0.5,0.6166281761046719,0.41528968609333156,-0.8787789634880794,0.11662817610467191
strong_oscillatory,260906,quadratic_narrative_position,76,0.75,0.6203392719756612,0.39967605267916134,-0.9171009282967533,0.1296607280243388
strong_oscillatory,260906,quadratic_narrative_position,77,0.5,0.6241178135248813,0.4064457491560672,-0.9003048173112967,0.12411781352488127
strong_oscillatory,260906,quadratic_narrative_position,78,0.25,0.627963800752332,0.08789299765272587,-2.4316351401181016,0.37796380075233205
strong_oscillatory,260906,quadratic_narrative_position,79,0.25,0.6318772336580138,0.08479023708043798,-2.467574871580525,0.38187723365801385
strong_oscillatory,260907,rcwe,60,0.25,0.3366047292719434,0.679975772294041,-0.38569811042606317,0.0866047292719434
strong_oscillatory,260907,rcwe,61,0.5,0.632931872037231,0.4599270142892762,-0.7766874666760838,0.132931872037231
strong_oscillatory,260907,rcwe,62,0.5,0.6997733514537887,0.17531821576763656,-1.741152580487441,0.19977335145378872
strong_oscillatory,260907,rcwe,63,0.5,0.43968174134747295,0.7798922819345459,-0.24859946891910983,0.060318258652527046
strong_oscillatory,260907,rcwe,64,0.25,0.26400784503167635,0.8756488892275336,-0.13279007977619237,0.014007845031676347
strong_oscillatory,260907,rcwe,65,0.5,0.43797022439551,0.7742602512644162,-0.2558472199653736,0.06202977560449002
strong_oscillatory,260907,rcwe,66,0.75,0.7059531673925166,0.826412035514955,-0.19066179749409146,0.04404683260748343
strong_oscillatory,260907,rcwe,67,0.5,0.6300195162672378,0.474293917233092,-0.7459280709055022,0.13001951626723784
strong_oscillatory,260907,rcwe,68,0.5,0.3258880806724945,0.2698524285620302,-1.3098800302839773,0.17411191932750553
strong_oscillatory,260907,rcwe,69,0.25,0.29573742106811385,0.8221944449531943,-0.1957783608617933,0.04573742106811385
strong_oscillatory,260907,rcwe,70,0.5,0.5641003780196066,0.7672691249499143,-0.2649176591720171,0.06410037801960655
strong_oscillatory,260907,rcwe,71,0.75,0.7181583242806516,0.8523886254194222,-0.1597127230285228,0.03184167571934837
strong_oscillatory,260907,rcwe,72,0.5,0.5177455093222832,0.8722544092330696,-0.1366741439173455,0.01774550932228325
strong_oscillatory,260907,rcwe,73,0.25,0.2693175894993975,0.8705901643543656,-0.13858394747615457,0.01931758949939749
strong_oscillatory,260907,rcwe,74,0.25,0.3731098125138052,0.5084324141616138,-0.6764229844970121,0.1231098125138052
strong_oscillatory,260907,rcwe,75,0.75,0.6699630102392775,0.7074188941796153,-0.3461322932380478,0.08003698976072249
strong_oscillatory,260907,rcwe,76,0.75,0.6772009020765785,0.7358679201198275,-0.3067046327164099,0.07279909792342154
strong_oscillatory,260907,rcwe,77,0.5,0.38851793661068135,0.5654105279917397,-0.5702032134649125,0.11148206338931865
strong_oscillatory,260907,rcwe,78,0.25,0.271032265140587,0.8686159165422369,-0.14085423468568853,0.02103226514058698
strong_oscillatory,260907,rcwe,79,0.5,0.4879672839894358,0.8771218280447155,-0.13110938172551137,0.012032716010564215
strong_oscillatory,260907,persistence,60,0.25,0.25,0.346647991276515,-1.059445448283685,0.0
strong_oscillatory,260907,persistence,61,0.5,0.25,0.23773921693698258,-1.4365809332140747,0.25
strong_oscillatory,260907,persistence,62,0.5,0.25,0.23773921693698258,-1.4365809332140747,0.25
strong_oscillatory,260907,persistence,63,0.5,0.25,0.23773921693698258,-1.4365809332140747,0.25
strong_oscillatory,260907,persistence,64,0.25,0.25,0.346647991276515,-1.059445448283685,0.0
strong_oscillatory,260907,persistence,65,0.5,0.25,0.23773921693698258,-1.4365809332140747,0.25
strong_oscillatory,260907,persistence,66,0.75,0.25,0.0765704306165498,-2.5695443000443983,0.5
strong_oscillatory,260907,persistence,67,0.5,0.25,0.23773921693698258,-1.4365809332140747,0.25
strong_oscillatory,260907,persistence,68,0.5,0.25,0.23773921693698258,-1.4365809332140747,0.25
strong_oscillatory,260907,persistence,69,0.25,0.25,0.346647991276515,-1.059445448283685,0.0
strong_oscillatory,260907,persistence,70,0.5,0.25,0.23773921693698258,-1.4365809332140747,0.25
strong_oscillatory,260907,persistence,71,0.75,0.25,0.0765704306165498,-2.5695443000443983,0.5
strong_oscillatory,260907,persistence,72,0.5,0.25,0.23773921693698258,-1.4365809332140747,0.25
strong_oscillatory,260907,persistence,73,0.25,0.25,0.346647991276515,-1.059445448283685,0.0
strong_oscillatory,260907,persistence,74,0.25,0.25,0.346647991276515,-1.059445448283685,0.0
strong_oscillatory,260907,persistence,75,0.75,0.25,0.0765704306165498,-2.5695443000443983,0.5
strong_oscillatory,260907,persistence,76,0.75,0.25,0.0765704306165498,-2.5695443000443983,0.5
strong_oscillatory,260907,persistence,77,0.5,0.25,0.23773921693698258,-1.4365809332140747,0.25
strong_oscillatory,260907,persistence,78,0.25,0.25,0.346647991276515,-1.059445448283685,0.0
strong_oscillatory,260907,persistence,79,0.5,0.25,0.23773921693698258,-1.4365809332140747,0.25
strong_oscillatory,260907,ar1,60,0.25,0.4653918032288576,0.2812799968209714,-1.2684046757873322,0.2153918032288576
strong_oscillatory,260907,ar1,61,0.5,0.49520908831655414,0.4645483809903144,-0.7666895690148388,0.004790911683445864
strong_oscillatory,260907,ar1,62,0.5,0.4993367778417508,0.46466134839500106,-0.7664464217431934,0.0006632221582492104
strong_oscillatory,260907,ar1,63,0.5,0.49990818535810605,0.4646635135441586,-0.766441762125774,9.181464189395028e-05
strong_oscillatory,260907,ar1,64,0.25,0.4999872868863955,0.23621638912737605,-1.4430069909732823,0.2499872868863955
strong_oscillatory,260907,ar1,65,0.5,0.4999982371304833,0.464663555834241,-0.7664416711135054,1.7628695166971298e-06
strong_oscillatory,260907,ar1,66,0.75,0.49999975300316213,0.2361997803417191,-1.4430773051866272,0.25000024699683787
strong_oscillatory,260907,ar1,67,0.5,0.499999962849624,0.4646635558498303,-0.7664416710799556,3.7150375997718754e-08
strong_oscillatory,260907,ar1,68,0.5,0.49999999189925204,0.4646635558498367,-0.7664416710799419,8.10074796131488e-09
strong_oscillatory,260907,ar1,69,0.25,0.4999999959206727,0.23620010210081221,-1.443075942954734,0.24999999592067268
strong_oscillatory,260907,ar1,70,0.5,0.49999999647736915,0.46466355584983715,-0.766441671079941,3.5226308536806528e-09
strong_oscillatory,260907,ar1,71,0.75,0.49999999655443417,0.23620009245751053,-1.4430759837815659,0.25000000344556583
strong_oscillatory,260907,ar1,72,0.5,0.49999999656510247,0.46466355584983704,-0.7664416710799412,3.4348975330722453e-09
strong_oscillatory,260907,ar1,73,0.25,0.49999999656657934,0.23620010127306992,-1.4430759464591452,0.24999999656657934
strong_oscillatory,260907,ar1,74,0.25,0.49999999656678373,0.2362001012728079,-1.4430759464602545,0.24999999656678373
strong_oscillatory,260907,ar1,75,0.75,0.49999999656681204,0.236200092473373,-1.443075983714409,0.25000000343318796
strong_oscillatory,260907,ar1,76,0.75,0.499999996566816,0.23620009247337811,-1.4430759837143874,0.250000003433184
strong_oscillatory,260907,ar1,77,0.5,0.49999999656681654,0.46466355584983704,-0.7664416710799412,3.4331834597445265e-09
strong_oscillatory,260907,ar1,78,0.25,0.4999999965668166,0.23620010127276583,-1.4430759464604326,0.2499999965668166
strong_oscillatory,260907,ar1,79,0.5,0.4999999965668166,0.4646635558498371,-0.7664416710799411,3.4331834042333753e-09
strong_oscillatory,260907,quadratic_narrative_position,60,0.25,0.486968148419666,0.2536157510342904,-1.3719349485911316,0.236968148419666
strong_oscillatory,260907,quadratic_narrative_position,61,0.5,0.4866609389961802,0.4584218842066551,-0.7799653743052304,0.013339061003819819
strong_oscillatory,260907,quadratic_narrative_position,62,0.5,0.4863529451492493,0.45838167148332765,-0.7800530980560899,0.013647054850750684
strong_oscillatory,260907,quadratic_narrative_position,63,0.5,0.4860441668788734,0.45834043857177065,-0.7801430553313264,0.013955833121126582
strong_oscillatory,260907,quadratic_narrative_position,64,0.25,0.48573460418505254,0.2551875166789853,-1.3657566445426177,0.23573460418505254
strong_oscillatory,260907,quadratic_narrative_position,65,0.5,0.4854242570677865,0.45825488515315643,-0.7803297318649028,0.014575742932213476
strong_oscillatory,260907,quadratic_narrative_position,66,0.75,0.48511312552707553,0.2186104745624623,-1.5204637878164704,0.26488687447292447
strong_oscillatory,260907,quadratic_narrative_position,67,0.5,0.48480120956291944,0.45816516980559,-0.7805255271170202,0.015198790437080556
strong_oscillatory,260907,quadratic_narrative_position,68,0.5,0.4844885091753184,0.4581187344523523,-0.7806268829371141,0.015511490824681617
strong_oscillatory,260907,quadratic_narrative_position,69,0.25,0.48417502436427234,0.25717670479779614,-1.357991863046425,0.23417502436427234
strong_oscillatory,260907,quadratic_narrative_position,70,0.5,0.48386075512978116,0.45802267440595135,-0.7808365886568298,0.01613924487021884
strong_oscillatory,260907,quadratic_narrative_position,71,0.75,0.483545701471845,0.21668798685036395,-1.5292968087537762,0.266454298528155
strong_oscillatory,260907,quadratic_narrative_position,72,0.5,0.48322986339046375,0.45792231651006937,-0.7810557238609717,0.016770136609536246
strong_oscillatory,260907,quadratic_narrative_position,73,0.25,0.4829132408856375,0.2587875732228545,-1.3517477344214766,0.23291324088563747
strong_oscillatory,260907,quadratic_narrative_position,74,0.25,0.48259583395736627,0.25919299329718004,-1.3501823469018739,0.23259583395736627
strong_oscillatory,260907,quadratic_narrative_position,75,0.75,0.4822776426056499,0.21513677641688453,-1.5364812837435757,0.2677223573943501
strong_oscillatory,260907,quadratic_narrative_position,76,0.75,0.48195866683048855,0.21474716216878198,-1.5382939327858447,0.26804133316951145
strong_oscillatory,260907,quadratic_narrative_position,77,0.5,0.4816389066318822,0.45765226024511,-0.7816456403563556,0.01836109336811781
strong_oscillatory,260907,quadratic_narrative_position,78,0.25,0.48131836200983075,0.2608254545666936,-1.343903851826235,0.23131836200983075
strong_oscillatory,260907,quadratic_narrative_position,79,0.5,0.4809970329643343,0.45753642936699407,-0.7818987704049438,0.019002967035665674
strong_oscillatory,260908,rcwe,60,0.25,0.3070130941726684,0.8626782806115243,-0.14771344927828092,0.05701309417266842
strong_oscillatory,260908,rcwe,61,0.75,0.6195445168319155,0.46481965818141474,-0.7661057804889356,0.13045548316808453
strong_oscillatory,260908,rcwe,62,0.75,0.7511860237805099,0.9567984636076078,-0.04416250154833845,0.001186023780509915
strong_oscillatory,260908,rcwe,63,0.5,0.5268769293441298,0.9367753672819249,-0.06531176157686777,0.026876929344129774
strong_oscillatory,260908,rcwe,64,0.25,0.26755567235510275,0.948354253309291,-0.053027161604525586,0.017555672355102747
strong_oscillatory,260908,rcwe,65,0.5,0.3934221797740513,0.617064807942641,-0.4827812234085849,0.1065778202259487
strong_oscillatory,260908,rcwe,66,0.75,0.718684361797242,0.9294575114870706,-0.07315418401435372,0.031315638202757956
strong_oscillatory,260908,rcwe,67,1.0,0.7044364704403431,0.0028970575066600943,-5.844059709974235,0.2955635295596569
strong_oscillatory,260908,rcwe,68,0.25,0.396770199879096,0.3623472206443248,-1.0151523538182765,0.146770199879096
strong_oscillatory,260908,rcwe,69,0.25,0.271954277227981,0.9435198097342483,-0.05813791838520295,0.02195427722798099
strong_oscillatory,260908,rcwe,70,0.5,0.518574083631868,0.9473336963538408,-0.05410387579076807,0.018574083631867966
strong_oscillatory,260908,rcwe,71,0.75,0.7569480349033003,0.9555161561721913,-0.04550360683963904,0.006948034903300315
strong_oscillatory,260908,rcwe,72,0.5,0.6162722055697069,0.5560924931077392,-0.5868206440566095,0.11627220556970685
strong_oscillatory,260908,rcwe,73,0.25,0.30042075053110606,0.8839105586764007,-0.12339939943120208,0.05042075053110606
strong_oscillatory,260908,rcwe,74,0.5,0.32450842943554453,0.20701978584525058,-1.5749409064911266,0.17549157056445547
strong_oscillatory,260908,rcwe,75,0.75,0.6497416991807954,0.6553785356465491,-0.4225422932589812,0.10025830081920462
strong_oscillatory,260908,rcwe,76,0.75,0.7435145701637447,0.9556863426269736,-0.045325513251608454,0.00648542983625533
strong_oscillatory,260908,rcwe,77,0.5,0.49404041870979154,0.9558655073129949,-0.045138058554471575,0.00595958129020846
strong_oscillatory,260908,rcwe,78,0.5,0.2638042161564592,0.03602380079569192,-3.323575425764647,0.23619578384354079
strong_oscillatory,260908,rcwe,79,0.5,0.421752298122157,0.774764664648551,-0.255195954260372,0.07824770187784302
strong_oscillatory,260908,persistence,60,0.25,0.25,0.36622902921496386,-1.0044963784063081,0.0
strong_oscillatory,260908,persistence,61,0.75,0.25,0.06785578793557043,-2.6903705914674356,0.5
strong_oscillatory,260908,persistence,62,0.75,0.25,0.06785578793557043,-2.6903705914674356,0.5
strong_oscillatory,260908,persistence,63,0.5,0.25,0.24042327846805905,-1.4253542487791593,0.25
strong_oscillatory,260908,persistence,64,0.25,0.25,0.36622902921496386,-1.0044963784063081,0.0
strong_oscillatory,260908,persistence,65,0.5,0.25,0.24042327846805905,-1.4253542487791593,0.25
strong_oscillatory,260908,persistence,66,0.75,0.25,0.06785578793557043,-2.6903705914674356,0.5
strong_oscillatory,260908,persistence,67,1.0,0.25,0.00860641898888859,-4.755246960079377,0.75
strong_oscillatory,260908,persistence,68,0.25,0.25,0.36622902921496386,-1.0044963784063081,0.0
strong_oscillatory,260908,persistence,69,0.25,0.25,0.36622902921496386,-1.0044963784063081,0.0
strong_oscillatory,260908,persistence,70,0.5,0.25,0.24042327846805905,-1.4253542487791593,0.25
strong_oscillatory,260908,persistence,71,0.75,0.25,0.06785578793557043,-2.6903705914674356,0.5
strong_oscillatory,260908,persistence,72,0.5,0.25,0.24042327846805905,-1.4253542487791593,0.25
strong_oscillatory,260908,persistence,73,0.25,0.25,0.36622902921496386,-1.0044963784063081,0.0
strong_oscillatory,260908,persistence,74,0.5,0.25,0.24042327846805905,-1.4253542487791593,0.25
strong_oscillatory,260908,persistence,75,0.75,0.25,0.06785578793557043,-2.6903705914674356,0.5
strong_oscillatory,260908,persistence,76,0.75,0.25,0.06785578793557043,-2.6903705914674356,0.5
strong_oscillatory,260908,persistence,77,0.5,0.25,0.24042327846805905,-1.4253542487791593,0.25
strong_oscillatory,260908,persistence,78,0.5,0.25,0.24042327846805905,-1.4253542487791593,0.25
strong_oscillatory,260908,persistence,79,0.5,0.25,0.24042327846805905,-1.4253542487791593,0.25
strong_oscillatory,260908,ar1,60,0.25,0.47399415669976364,0.26879831296298945,-1.3137939465321926,0.22399415669976364
strong_oscillatory,260908,ar1,61,0.75,0.5099390961407816,0.24640155852128492,-1.4007927221752237,0.2400609038592184
strong_oscillatory,260908,ar1,62,0.75,0.5157072763935828,0.2543970738975984,-1.3688589495571672,0.23429272360641717
strong_oscillatory,260908,ar1,63,0.5,0.5166329116553532,0.4803936910304134,-0.7331493216052303,0.01663291165535319
strong_oscillatory,260908,ar1,64,0.25,0.516781450813334,0.21035249693941777,-1.5589705986123623,0.26678145081333404
strong_oscillatory,260908,ar1,65,0.5,0.5168052872879854,0.480361548835935,-0.7332162318715638,0.01680528728798536
strong_oscillatory,260908,ar1,66,0.75,0.5168091123906151,0.2559307945247533,-1.3628482049370492,0.2331908876093849
strong_oscillatory,260908,ar1,67,1.0,0.516809726215031,0.03200621029658695,-3.441825323243558,0.48319027378496904
strong_oscillatory,260908,ar1,68,0.25,0.5168098247170713,0.2103152811781936,-1.5591475352034547,0.26680982471707126
strong_oscillatory,260908,ar1,69,0.25,0.5168098405239563,0.2103152604462956,-1.5591476337787884,0.2668098405239563
strong_oscillatory,260908,ar1,70,0.5,0.5168098430605292,0.48036069487339256,-0.7332180096227255,0.01680984306052924
strong_oscillatory,260908,ar1,71,0.75,0.5168098434675799,0.25593181279281474,-1.3628442262597755,0.23319015653242015
strong_oscillatory,260908,ar1,72,0.5,0.5168098435329004,0.4803606947848365,-0.7332180098070789,0.01680984353290038
strong_oscillatory,260908,ar1,73,0.25,0.5168098435433826,0.21031525648609506,-1.5591476526086183,0.26680984354338255
strong_oscillatory,260908,ar1,74,0.5,0.5168098435450647,0.48036069478255594,-0.7332180098118264,0.01680984354506465
strong_oscillatory,260908,ar1,75,0.75,0.5168098435453345,0.25593181290111405,-1.3628442258366187,0.23319015645466545
strong_oscillatory,260908,ar1,76,0.75,0.5168098435453778,0.2559318129011745,-1.3628442258363824,0.23319015645462216
strong_oscillatory,260908,ar1,77,0.5,0.5168098435453848,0.48036069478249593,-0.7332180098119514,0.01680984354538484
strong_oscillatory,260908,ar1,78,0.5,0.516809843545386,0.4803606947824957,-0.7332180098119518,0.01680984354538595
strong_oscillatory,260908,ar1,79,0.5,0.5168098435453861,0.48036069478249577,-0.7332180098119517,0.01680984354538606
strong_oscillatory,260908,quadratic_narrative_position,60,0.25,0.5521118601916087,0.1680043821548445,-1.7837652156640396,0.30211186019160874
strong_oscillatory,260908,quadratic_narrative_position,61,0.75,0.5528518107762228,0.3063568624266698,-1.1830046394520282,0.1971481892237772
strong_oscillatory,260908,quadratic_narrative_position,62,0.75,0.5535646251085271,0.307341536838227,-1.1797956519177002,0.1964353748914729
strong_oscillatory,260908,quadratic_narrative_position,63,0.5,0.5542503031885215,0.46173675119516133,-0.7727603529074734,0.05425030318852153
strong_oscillatory,260908,quadratic_narrative_position,64,0.25,0.554908845016206,0.16475878492239363,-1.8032727842751874,0.30490884501620596
strong_oscillatory,260908,quadratic_narrative_position,65,0.5,0.5555402505915805,0.46099182176604836,-0.7743749763466474,0.05554025059158052
strong_oscillatory,260908,quadratic_narrative_position,66,0.75,0.5561445199146453,0.3109014933887142,-1.16827915849148,0.1938554800853547
strong_oscillatory,260908,quadratic_narrative_position,67,1.0,0.5567216529854002,0.051734397654209306,-2.9616323868999452,0.4432783470145998
strong_oscillatory,260908,quadratic_narrative_position,68,0.25,0.5572716498038451,0.1620428718064738,-1.819894337980245,0.30727164980384514
strong_oscillatory,260908,quadratic_narrative_position,69,0.25,0.5577945103699802,0.161445106928972,-1.823590089273528,0.3077945103699802
strong_oscillatory,260908,quadratic_narrative_position,70,0.5,0.5582902346838053,0.4593495278859861,-0.7779438600523105,0.05829023468380534
strong_oscillatory,260908,quadratic_narrative_position,71,0.75,0.5587588227453207,0.31450182192995485,-1.1567654097584064,0.19124117725467926
strong_oscillatory,260908,quadratic_narrative_position,72,0.5,0.5592002745545261,0.4587899068112039,-0.7791628930726456,0.059200274554526144
strong_oscillatory,260908,quadratic_narrative_position,73,0.25,0.5596145901114218,0.15937350143960247,-1.8365047658455584,0.3096145901114218
strong_oscillatory,260908,quadratic_narrative_position,74,0.5,0.5600017694160074,0.45829042668616055,-0.7802521764346085,0.06000176941600743
strong_oscillatory,260908,quadratic_narrative_position,75,0.75,0.5603618124682833,0.3167053482855843,-1.1497834380348746,0.18963818753171668
strong_oscillatory,260908,quadratic_narrative_position,76,0.75,0.5606947192682492,0.31716255379633285,-1.1483408485346447,0.1893052807317508
strong_oscillatory,260908,quadratic_narrative_position,77,0.5,0.5610004898159052,0.4576594113730367,-0.7816300147980927,0.06100048981590522
strong_oscillatory,260908,quadratic_narrative_position,78,0.5,0.5612791241112514,0.45748166091388787,-0.7820184805041284,0.06127912411125136
strong_oscillatory,260908,quadratic_narrative_position,79,0.5,0.5615306221542877,0.4573205852028294,-0.7823706346738559,0.06153062215428773
strong_oscillatory,260909,rcwe,60,0.5,0.34219997237168714,0.3484238955674555,-1.0543354497671784,0.15780002762831286
strong_oscillatory,260909,rcwe,61,0.5,0.6465841757428339,0.39846449288161484,-0.9201368866498736,0.1465841757428339
strong_oscillatory,260909,rcwe,62,0.5,0.6981014391981271,0.19323062632982752,-1.6438708483909863,0.19810143919812706
strong_oscillatory,260909,rcwe,63,0.5,0.4233328273208808,0.7080359276679296,-0.34526044128223027,0.07666717267911921
strong_oscillatory,260909,rcwe,64,0.25,0.2597773477887835,0.858616442401724,-0.15243297312844833,0.009777347788783475
strong_oscillatory,260909,rcwe,65,0.5,0.44826348517439724,0.7890680002073774,-0.2369027765428073,0.051736514825602764
strong_oscillatory,260909,rcwe,66,0.75,0.7137504387211981,0.825331653828279,-0.19196996878933417,0.036249561278801856
strong_oscillatory,260909,rcwe,67,0.75,0.6229464199870467,0.488881257776322,-0.7156356456277139,0.1270535800129533
strong_oscillatory,260909,rcwe,68,0.25,0.3127523254621438,0.7564361875261422,-0.2791371015572584,0.06275232546214382
strong_oscillatory,260909,rcwe,69,0.25,0.2965537072866621,0.8025042309041782,-0.2200181518371247,0.04655370728666208
strong_oscillatory,260909,rcwe,70,0.75,0.5764484325521608,0.28242685703285847,-1.2643356750774628,0.17355156744783917
strong_oscillatory,260909,rcwe,71,0.75,0.7205173884102766,0.8373903668562,-0.17746492909808342,0.02948261158972343
strong_oscillatory,260909,rcwe,72,0.5,0.5060499848906246,0.8602480719750358,-0.15053447554502947,0.006049984890624582
strong_oscillatory,260909,rcwe,73,0.25,0.2619118230999184,0.8573373200809395,-0.15392383213137972,0.011911823099918395
strong_oscillatory,260909,rcwe,74,0.25,0.3781677662729049,0.48367910514944157,-0.7263335980406893,0.12816776627290488
strong_oscillatory,260909,rcwe,75,0.5,0.6795321487290332,0.2590233669844221,-1.3508370013351065,0.17953214872903323
strong_oscillatory,260909,rcwe,76,0.75,0.6750590461944544,0.7144366674547211,-0.3362609245125797,0.07494095380554555
strong_oscillatory,260909,rcwe,77,0.5,0.3756931710167587,0.5017007208957903,-0.6897515105868621,0.1243068289832413
strong_oscillatory,260909,rcwe,78,0.25,0.26817436586313653,0.8521430674306119,-0.1600008467302283,0.018174365863136532
strong_oscillatory,260909,rcwe,79,0.5,0.49633958085410473,0.8608903256049536,-0.1497881629177228,0.003660419145895266
strong_oscillatory,260909,persistence,60,0.5,0.25,0.23925408252870847,-1.430229184933809,0.25
strong_oscillatory,260909,persistence,61,0.5,0.25,0.23925408252870847,-1.430229184933809,0.25
strong_oscillatory,260909,persistence,62,0.5,0.25,0.23925408252870847,-1.430229184933809,0.25
strong_oscillatory,260909,persistence,63,0.5,0.25,0.23925408252870847,-1.430229184933809,0.25
strong_oscillatory,260909,persistence,64,0.25,0.25,0.35654972090191833,-1.0312815792821644,0.0
strong_oscillatory,260909,persistence,65,0.5,0.25,0.23925408252870847,-1.430229184933809,0.25
strong_oscillatory,260909,persistence,66,0.75,0.25,0.0721481816221856,-2.629033196821562,0.5
strong_oscillatory,260909,persistence,67,0.75,0.25,0.0721481816221856,-2.629033196821562,0.5
strong_oscillatory,260909,persistence,68,0.25,0.25,0.35654972090191833,-1.0312815792821644,0.0
strong_oscillatory,260909,persistence,69,0.25,0.25,0.35654972090191833,-1.0312815792821644,0.0
strong_oscillatory,260909,persistence,70,0.75,0.25,0.0721481816221856,-2.629033196821562,0.5
strong_oscillatory,260909,persistence,71,0.75,0.25,0.0721481816221856,-2.629033196821562,0.5
strong_oscillatory,260909,persistence,72,0.5,0.25,0.23925408252870847,-1.430229184933809,0.25
strong_oscillatory,260909,persistence,73,0.25,0.25,0.35654972090191833,-1.0312815792821644,0.0
strong_oscillatory,260909,persistence,74,0.25,0.25,0.35654972090191833,-1.0312815792821644,0.0
strong_oscillatory,260909,persistence,75,0.5,0.25,0.23925408252870847,-1.430229184933809,0.25
strong_oscillatory,260909,persistence,76,0.75,0.25,0.0721481816221856,-2.629033196821562,0.5
strong_oscillatory,260909,persistence,77,0.5,0.25,0.23925408252870847,-1.430229184933809,0.25
strong_oscillatory,260909,persistence,78,0.25,0.25,0.35654972090191833,-1.0312815792821644,0.0
strong_oscillatory,260909,persistence,79,0.5,0.25,0.23925408252870847,-1.430229184933809,0.25
strong_oscillatory,260909,ar1,60,0.5,0.4552771111965428,0.4617031993063167,-0.7728330200881409,0.044722888803457206
strong_oscillatory,260909,ar1,61,0.5,0.4891252338411817,0.4714901761224899,-0.7518570124968615,0.010874766158818328
strong_oscillatory,260909,ar1,62,0.5,0.4947064474498901,0.4719646131847867,-0.7508512682732573,0.005293552550109881
strong_oscillatory,260909,ar1,63,0.5,0.4956267332120598,0.47201141141348196,-0.7507521169653553,0.0043732667879402
strong_oscillatory,260909,ar1,64,0.25,0.49577847904073236,0.24038209057482873,-1.4255255775370435,0.24577847904073236
strong_oscillatory,260909,ar1,65,0.5,0.49580350039547466,0.4720193806869971,-0.7507352334620161,0.004196499604525339
strong_oscillatory,260909,ar1,66,0.75,0.49580762616419344,0.2293157235475478,-1.4726555195217876,0.25419237383580656
strong_oscillatory,260909,ar1,67,0.75,0.4958083064617911,0.2293166122422864,-1.4726516441093092,0.2541916935382089
strong_oscillatory,260909,ar1,68,0.25,0.4958084186359949,0.24034246315308355,-1.4256904429325288,0.2458084186359949
strong_oscillatory,260909,ar1,69,0.25,0.4958084371323883,0.24034243867215752,-1.4256905447910475,0.2458084371323883
strong_oscillatory,260909,ar1,70,0.75,0.49580844018225684,0.229316786925775,-1.4726508823527997,0.25419155981774316
strong_oscillatory,260909,ar1,71,0.75,0.49580844068514934,0.22931678758272026,-1.4726508794880062,0.25419155931485066
strong_oscillatory,260909,ar1,72,0.5,0.49580844076807123,0.4720195986952909,-0.7507347715991087,0.004191559231928765
strong_oscillatory,260909,ar1,73,0.25,0.49580844078174424,0.24034243384204765,-1.4256905648878309,0.24580844078174424
strong_oscillatory,260909,ar1,74,0.25,0.49580844078399877,0.2403424338390636,-1.4256905649002467,0.24580844078399877
strong_oscillatory,260909,ar1,75,0.5,0.49580844078437053,0.4720195986960099,-0.7507347715975856,0.00419155921562947
strong_oscillatory,260909,ar1,76,0.75,0.4958084407844318,0.22931678771241634,-1.4726508789224302,0.2541915592155682
strong_oscillatory,260909,ar1,77,0.5,0.4958084407844419,0.4720195986960129,-0.7507347715975792,0.004191559215558083
strong_oscillatory,260909,ar1,78,0.25,0.4958084407844436,0.24034243383847492,-1.425690564902696,0.24580844078444358
strong_oscillatory,260909,ar1,79,0.5,0.49580844078444386,0.472019598696013,-0.750734771597579,0.00419155921555614
strong_oscillatory,260909,quadratic_narrative_position,60,0.5,0.5005864920846186,0.4671881547869704,-0.7610232014133074,0.0005864920846185839
strong_oscillatory,260909,quadratic_narrative_position,61,0.5,0.5033561581168732,0.4671324650465378,-0.7611424104713467,0.0033561581168731758
strong_oscillatory,260909,quadratic_narrative_position,62,0.5,0.5062457349695241,0.46699099656551457,-0.7614453008020545,0.006245734969524075
strong_oscillatory,260909,quadratic_narrative_position,63,0.5,0.5092552226425712,0.46675323336164987,-0.7619545691892273,0.00925522264257117
strong_oscillatory,260909,quadratic_narrative_position,64,0.25,0.5123846211360144,0.21988797096466386,-1.5146370852156739,0.26238462113601435
strong_oscillatory,260909,quadratic_narrative_position,65,0.5,0.5156339304498538,0.4659449695262356,-0.7636877429752167,0.01563393044985384
strong_oscillatory,260909,quadratic_narrative_position,66,0.75,0.5190031505840894,0.2605991444425997,-1.3447718973259462,0.2309968494159106
strong_oscillatory,260909,quadratic_narrative_position,67,0.75,0.5224922815387212,0.26520948215551654,-1.3272352665753897,0.22750771846127882
strong_oscillatory,260909,quadratic_narrative_position,68,0.25,0.5261013233137491,0.20276172895286054,-1.5957237383238894,0.27610132331374915
strong_oscillatory,260909,quadratic_narrative_position,69,0.25,0.5298302759091733,0.1981978519322174,-1.6184894950248112,0.2798302759091733
strong_oscillatory,260909,quadratic_narrative_position,70,0.75,0.5336791393249938,0.28004010988788514,-1.2728224364725418,0.21632086067500622
strong_oscillatory,260909,quadratic_narrative_position,71,0.75,0.5376479135612102,0.2853090728363153,-1.2541822202297155,0.21235208643878978
strong_oscillatory,260909,quadratic_narrative_position,72,0.5,0.541736598617823,0.4583889724409249,-0.7800371705007175,0.04173659861782297
strong_oscillatory,260909,quadratic_narrative_position,73,0.25,0.5459451944948319,0.1789898024411119,-1.7204264443669384,0.2959451944948319
strong_oscillatory,260909,quadratic_narrative_position,74,0.25,0.5502737011922371,0.1739841498138934,-1.7487910769404307,0.30027370119223706
strong_oscillatory,260909,quadratic_narrative_position,75,0.5,0.5547221187100383,0.4521624401646017,-0.7937137828166154,0.05472211871003829
strong_oscillatory,260909,quadratic_narrative_position,76,0.75,0.5592904470482358,0.3139114350405105,-1.1586443868697105,0.19070955295176417
strong_oscillatory,260909,quadratic_narrative_position,77,0.5,0.5639786862068296,0.4467696349041095,-0.8057121753675804,0.06397868620682956
strong_oscillatory,260909,quadratic_narrative_position,78,0.25,0.5687868361858194,0.1533830120207013,-1.8748171392016424,0.3187868361858194
strong_oscillatory,260909,quadratic_narrative_position,79,0.5,0.5737148969852055,0.44027619837158116,-0.8203530254340862,0.0737148969852055
strong_oscillatory,260910,rcwe,60,0.5,0.301482069436132,0.20249086730581714,-1.597060493176926,0.19851793056386802
strong_oscillatory,260910,rcwe,61,0.5,0.5604104478353976,0.7497769202655402,-0.28797955634167227,0.06041044783539762
strong_oscillatory,260910,rcwe,62,0.75,0.7041876691101077,0.7884396096788417,-0.23769946437852335,0.04581233088989234
strong_oscillatory,260910,rcwe,63,0.5,0.50630973847179,0.8419192321094587,-0.17207119320129838,0.00630973847178995
strong_oscillatory,260910,rcwe,64,0.25,0.2712932316474596,0.8309820326000249,-0.18514710578038107,0.02129323164745961
strong_oscillatory,260910,rcwe,65,0.5,0.3728477936547995,0.4881264414819987,-0.7171808052924217,0.12715220634520052
strong_oscillatory,260910,rcwe,66,0.5,0.6554595375671561,0.3643585620420166,-1.0096168356441735,0.15545953756715614
strong_oscillatory,260910,rcwe,67,0.5,0.6665443773991888,0.3185758406434362,-1.143894714125803,0.16654437739918881
strong_oscillatory,260910,rcwe,68,0.5,0.38904097785854075,0.5593730087462864,-0.5809387497425285,0.11095902214145925
strong_oscillatory,260910,rcwe,69,0.25,0.2727069435806387,0.8293454993953184,-0.1871184442098867,0.022706943580638683
strong_oscillatory,260910,rcwe,70,0.5,0.47509079583875763,0.826591614866775,-0.1904445210803521,0.02490920416124237
strong_oscillatory,260910,rcwe,71,0.5,0.7024640508023857,0.19014139648478684,-1.6599872915700356,0.20246405080238572
strong_oscillatory,260910,rcwe,72,0.5,0.5876134988493144,0.6559068826000256,-0.4217364473695718,0.08761349884931435
strong_oscillatory,260910,rcwe,73,0.25,0.3021463563947852,0.7728018720359722,-0.25773257367996655,0.05214635639478521
strong_oscillatory,260910,rcwe,74,0.25,0.31600430488424547,0.7326094084820839,-0.3111425861290013,0.06600430488424547
strong_oscillatory,260910,rcwe,75,0.75,0.5875957655879629,0.33540948949497607,-1.0924031369253626,0.1624042344120371
strong_oscillatory,260910,rcwe,76,0.5,0.6988628564648957,0.2013927507911495,-1.6024982934311307,0.19886285646489565
strong_oscillatory,260910,rcwe,77,0.25,0.47652723161179295,0.12515798627017008,-2.0781784495552955,0.22652723161179295
strong_oscillatory,260910,rcwe,78,0.25,0.2673544417813102,0.8349962612929008,-0.18032803163483746,0.01735444178131018
strong_oscillatory,260910,rcwe,79,0.5,0.3960578851397227,0.5894429177780123,-0.5285773952826542,0.10394211486027732
strong_oscillatory,260910,persistence,60,0.5,0.25,0.23755628919776003,-1.437350676440735,0.25
strong_oscillatory,260910,persistence,61,0.5,0.25,0.23755628919776003,-1.437350676440735,0.25
strong_oscillatory,260910,persistence,62,0.75,0.25,0.07704825695632772,-2.563323339712941,0.5
strong_oscillatory,260910,persistence,63,0.5,0.25,0.23755628919776003,-1.437350676440735,0.25
strong_oscillatory,260910,persistence,64,0.25,0.25,0.3455795347914967,-1.0625324602653898,0.0
strong_oscillatory,260910,persistence,65,0.5,0.25,0.23755628919776003,-1.437350676440735,0.25
strong_oscillatory,260910,persistence,66,0.5,0.25,0.23755628919776003,-1.437350676440735,0.25
strong_oscillatory,260910,persistence,67,0.5,0.25,0.23755628919776003,-1.437350676440735,0.25
strong_oscillatory,260910,persistence,68,0.5,0.25,0.23755628919776003,-1.437350676440735,0.25
strong_oscillatory,260910,persistence,69,0.25,0.25,0.3455795347914967,-1.0625324602653898,0.0
strong_oscillatory,260910,persistence,70,0.5,0.25,0.23755628919776003,-1.437350676440735,0.25
strong_oscillatory,260910,persistence,71,0.5,0.25,0.23755628919776003,-1.437350676440735,0.25
strong_oscillatory,260910,persistence,72,0.5,0.25,0.23755628919776003,-1.437350676440735,0.25
strong_oscillatory,260910,persistence,73,0.25,0.25,0.3455795347914967,-1.0625324602653898,0.0
strong_oscillatory,260910,persistence,74,0.25,0.25,0.3455795347914967,-1.0625324602653898,0.0
strong_oscillatory,260910,persistence,75,0.75,0.25,0.07704825695632772,-2.563323339712941,0.5
strong_oscillatory,260910,persistence,76,0.5,0.25,0.23755628919776003,-1.437350676440735,0.25
strong_oscillatory,260910,persistence,77,0.25,0.25,0.3455795347914967,-1.0625324602653898,0.0
strong_oscillatory,260910,persistence,78,0.25,0.25,0.3455795347914967,-1.0625324602653898,0.0
strong_oscillatory,260910,persistence,79,0.5,0.25,0.23755628919776003,-1.437350676440735,0.25
strong_oscillatory,260910,ar1,60,0.5,0.4676751629073754,0.46217765419034323,-0.7718059289346875,0.032324837092624625
strong_oscillatory,260910,ar1,61,0.5,0.4931854019541402,0.4672495296109179,-0.7608918393651782,0.006814598045859821
strong_oscillatory,260910,ar1,62,0.75,0.4961750507846776,0.23075259998740846,-1.466409138111588,0.2538249492153224
strong_oscillatory,260910,ar1,63,0.5,0.49652541990954346,0.46742507922227156,-0.7605162014442188,0.003474580090456536
strong_oscillatory,260910,ar1,64,0.25,0.4965664810945246,0.2401445898360504,-1.4265140793946904,0.24656648109452461
strong_oscillatory,260910,ar1,65,0.5,0.4965712932220564,0.46742669718347574,-0.7605127400159046,0.003428706777943602
strong_oscillatory,260910,ar1,66,0.5,0.49657185717488417,0.4674267169404411,-0.7605126977483897,0.003428142825115832
strong_oscillatory,260910,ar1,67,0.5,0.4965719232668133,0.4674267192556278,-0.7605126927953423,0.00342807673318668
strong_oscillatory,260910,ar1,68,0.5,0.4965719310123957,0.467426719526951,-0.7605126922148808,0.0034280689876042825
strong_oscillatory,260910,ar1,69,0.25,0.4965719319201321,0.2401375005360137,-1.4265436007954644,0.2465719319201321
strong_oscillatory,260910,ar1,70,0.5,0.4965719320265134,0.4674267195624749,-0.7605126921388818,0.0034280679734866037
strong_oscillatory,260910,ar1,71,0.5,0.49657193203898065,0.46742671956291154,-0.7605126921379477,0.0034280679610193543
strong_oscillatory,260910,ar1,72,0.5,0.49657193204044175,0.4674267195629626,-0.7605126921378385,0.0034280679595582453
strong_oscillatory,260910,ar1,73,0.25,0.496571932040613,0.2401375003793179,-1.4265436014479898,0.246571932040613
strong_oscillatory,260910,ar1,74,0.25,0.49657193204063305,0.24013750037929182,-1.4265436014480983,0.24657193204063305
strong_oscillatory,260910,ar1,75,0.75,0.49657193204063543,0.23126349487506648,-1.4641975480757565,0.25342806795936457
strong_oscillatory,260910,ar1,76,0.5,0.4965719320406357,0.46742671956296955,-0.7605126921378236,0.0034280679593642893
strong_oscillatory,260910,ar1,77,0.25,0.4965719320406357,0.24013750037928824,-1.4265436014481132,0.2465719320406357
strong_oscillatory,260910,ar1,78,0.25,0.4965719320406357,0.24013750037928824,-1.4265436014481132,0.2465719320406357
strong_oscillatory,260910,ar1,79,0.5,0.4965719320406357,0.46742671956296955,-0.7605126921378236,0.0034280679593642893
strong_oscillatory,260910,quadratic_narrative_position,60,0.5,0.42901518817456274,0.44162642290071746,-0.8172909513420574,0.07098481182543726
strong_oscillatory,260910,quadratic_narrative_position,61,0.5,0.4255746702525338,0.4392266860442941,-0.822739630058225,0.07442532974746618
strong_oscillatory,260910,quadratic_narrative_position,62,0.75,0.4220681445761514,0.1439944251284194,-1.937980694541534,0.3279318554238486
strong_oscillatory,260910,quadratic_narrative_position,63,0.5,0.41849561114541534,0.43397757464610737,-0.8347624175390742,0.08150438885458466
strong_oscillatory,260910,quadratic_narrative_position,64,0.25,0.4148570699603258,0.3469351465639183,-1.058617414013116,0.16485706996032579
strong_oscillatory,260910,quadratic_narrative_position,65,0.5,0.4111525210208826,0.428104312046139,-0.8483883933612002,0.08884747897911738
strong_oscillatory,260910,quadratic_narrative_position,66,0.5,0.4073819643270859,0.42492518991473704,-0.8558421492817457,0.0926180356729141
strong_oscillatory,260910,quadratic_narrative_position,67,0.5,0.4035453998789357,0.42158039979497486,-0.8637447728855502,0.09645460012106433
strong_oscillatory,260910,quadratic_narrative_position,68,0.5,0.39964282767643183,0.41806728239478375,-0.8721128967435341,0.10035717232356817
strong_oscillatory,260910,quadratic_narrative_position,69,0.25,0.39567424771957443,0.37022546710337606,-0.9936430883850434,0.14567424771957443
strong_oscillatory,260910,quadratic_narrative_position,70,0.5,0.3916396600083635,0.41052697366365826,-0.8903136429581391,0.10836033999163652
strong_oscillatory,260910,quadratic_narrative_position,71,0.5,0.3875390645427989,0.40649607736264737,-0.9001809998252166,0.1124609354572011
strong_oscillatory,260910,quadratic_narrative_position,72,0.5,0.38337246132288083,0.4022894891293947,-0.9105833273142796,0.11662753867711917
strong_oscillatory,260910,quadratic_narrative_position,73,0.25,0.3791398503486092,0.38902907497547823,-0.9441011952892464,0.1291398503486092
strong_oscillatory,260910,quadratic_narrative_position,74,0.25,0.37484123161998395,0.393686521272516,-0.932200317654793,0.12484123161998395
strong_oscillatory,260910,quadratic_narrative_position,75,0.75,0.3704766051370052,0.09642399727354839,-2.3390001739717485,0.3795233948629948
strong_oscillatory,260910,quadratic_narrative_position,76,0.5,0.36604597089967283,0.383694383348222,-0.9579089199697491,0.13395402910032717
strong_oscillatory,260910,quadratic_narrative_position,77,0.25,0.3615493289079869,0.4074016851664146,-0.8979556388052161,0.11154932890798691
strong_oscillatory,260910,quadratic_narrative_position,78,0.25,0.3569866791619475,0.4118523903060684,-0.8870902697849194,0.10698667916194748
strong_oscillatory,260910,quadratic_narrative_position,79,0.5,0.35235802166155444,0.36790254524126065,-0.9999371985988987,0.14764197833844556
strong_oscillatory,260911,rcwe,60,0.5,0.39290662630098827,0.6004594059878624,-0.510060240100374,0.10709337369901173
strong_oscillatory,260911,rcwe,61,0.5,0.6455649165299768,0.3844423502754984,-0.9559614355416872,0.14556491652997683
strong_oscillatory,260911,rcwe,62,0.5,0.6472027164226343,0.37554171151959265,-0.979385731338395,0.14720271642263427
strong_oscillatory,260911,rcwe,63,0.5,0.39653463762653607,0.6202308023442699,-0.4776636083696531,0.10346536237346393
strong_oscillatory,260911,rcwe,64,0.25,0.3009585887234685,0.8488448487604776,-0.16387885523601176,0.05095858872346848
strong_oscillatory,260911,rcwe,65,0.5,0.49604644503167217,0.9252980054208317,-0.07763942533216497,0.003953554968327833
strong_oscillatory,260911,rcwe,66,0.75,0.6865070735675708,0.8065797088926506,-0.2149525532036413,0.06349292643242921
strong_oscillatory,260911,rcwe,67,0.5,0.5646099251842096,0.8023888164377169,-0.22016198007147514,0.0646099251842096
strong_oscillatory,260911,rcwe,68,0.25,0.3174127270189443,0.7915774852199765,-0.23372750777547172,0.0674127270189443
strong_oscillatory,260911,rcwe,69,0.25,0.3508705118829161,0.6341717094428612,-0.4554355261307344,0.10087051188291613
strong_oscillatory,260911,rcwe,70,0.5,0.6028079239226823,0.6237796583211334,-0.47195808463616384,0.10280792392268234
strong_oscillatory,260911,rcwe,71,0.75,0.6733624555314883,0.7531211208572577,-0.28352921304533474,0.07663754446851168
strong_oscillatory,260911,rcwe,72,0.75,0.4536474796021866,0.00720075303176559,-4.9335696706838235,0.2963525203978134
strong_oscillatory,260911,rcwe,73,0.5,0.29306381163365286,0.12097272169118059,-2.1121901993696963,0.20693618836634714
strong_oscillatory,260911,rcwe,74,0.5,0.43952821807862186,0.8175730786062092,-0.20141498741555605,0.06047178192137814
strong_oscillatory,260911,rcwe,75,0.75,0.6721932482655489,0.7479461174214274,-0.2904243391351945,0.07780675173445106
strong_oscillatory,260911,rcwe,76,0.75,0.6125048407419194,0.4290984005498533,-0.846069014444755,0.13749515925808065
strong_oscillatory,260911,rcwe,77,0.5,0.352256813095928,0.37261864654345467,-0.9871997776667888,0.147743186904072
strong_oscillatory,260911,rcwe,78,0.25,0.31947751471299435,0.7833468800485854,-0.24417966698253082,0.06947751471299435
strong_oscillatory,260911,rcwe,79,0.5,0.5493719810054686,0.8535556820156488,-0.1583444992556781,0.04937198100546858
strong_oscillatory,260911,persistence,60,0.5,0.25,0.24083522503199034,-1.4236422928903962,0.25
strong_oscillatory,260911,persistence,61,0.5,0.25,0.24083522503199034,-1.4236422928903962,0.25
strong_oscillatory,260911,persistence,62,0.5,0.25,0.24083522503199034,-1.4236422928903962,0.25
strong_oscillatory,260911,persistence,63,0.5,0.25,0.24083522503199034,-1.4236422928903962,0.25
strong_oscillatory,260911,persistence,64,0.25,0.25,0.3704210042216279,-0.9931150709560397,0.0
strong_oscillatory,260911,persistence,65,0.5,0.25,0.24083522503199034,-1.4236422928903962,0.25
strong_oscillatory,260911,persistence,66,0.75,0.25,0.06601287074188703,-2.7179055447272193,0.5
strong_oscillatory,260911,persistence,67,0.5,0.25,0.24083522503199034,-1.4236422928903962,0.25
strong_oscillatory,260911,persistence,68,0.25,0.25,0.3704210042216279,-0.9931150709560397,0.0
strong_oscillatory,260911,persistence,69,0.25,0.25,0.3704210042216279,-0.9931150709560397,0.0
strong_oscillatory,260911,persistence,70,0.5,0.25,0.24083522503199034,-1.4236422928903962,0.25
strong_oscillatory,260911,persistence,71,0.75,0.25,0.06601287074188703,-2.7179055447272193,0.5
strong_oscillatory,260911,persistence,72,0.75,0.25,0.06601287074188703,-2.7179055447272193,0.5
strong_oscillatory,260911,persistence,73,0.5,0.25,0.24083522503199034,-1.4236422928903962,0.25
strong_oscillatory,260911,persistence,74,0.5,0.25,0.24083522503199034,-1.4236422928903962,0.25
strong_oscillatory,260911,persistence,75,0.75,0.25,0.06601287074188703,-2.7179055447272193,0.5
strong_oscillatory,260911,persistence,76,0.75,0.25,0.06601287074188703,-2.7179055447272193,0.5
strong_oscillatory,260911,persistence,77,0.5,0.25,0.24083522503199034,-1.4236422928903962,0.25
strong_oscillatory,260911,persistence,78,0.25,0.25,0.3704210042216279,-0.9931150709560397,0.0
strong_oscillatory,260911,persistence,79,0.5,0.25,0.24083522503199034,-1.4236422928903962,0.25
strong_oscillatory,260911,ar1,60,0.5,0.465091703082742,0.48711815473403214,-0.7192485678027392,0.034908296917258
strong_oscillatory,260911,ar1,61,0.5,0.49215480376016985,0.49404837445050226,-0.7051218425995844,0.007845196239830154
strong_oscillatory,260911,ar1,62,0.5,0.4955599161274974,0.4943007560723372,-0.7046111290884851,0.004440083872502609
strong_oscillatory,260911,ar1,63,0.5,0.4959883515226995,0.4943226080925316,-0.7045669221215247,0.004011648477300511
strong_oscillatory,260911,ar1,64,0.25,0.49604225778718086,0.23550461531980546,-1.4460247677567448,0.24604225778718086
strong_oscillatory,260911,ar1,65,0.5,0.49604904033918956,0.4943255244133573,-0.704561022508245,0.003950959660810438
strong_oscillatory,260911,ar1,66,0.75,0.4960498937281638,0.22432990609638928,-1.494637515552877,0.2539501062718362
strong_oscillatory,260911,ar1,67,0.5,0.49605000110260644,0.4943255702242565,-0.7045609298347034,0.0039499988973935585
strong_oscillatory,260911,ar1,68,0.25,0.4960500146125899,0.23549356543962174,-1.4460716888729492,0.2460500146125899
strong_oscillatory,260911,ar1,69,0.25,0.4960500163124325,0.23549356301815222,-1.4460716991554787,0.2460500163124325
strong_oscillatory,260911,ar1,70,0.5,0.49605001652630876,0.4943255709595951,-0.7045609283471441,0.003949983473691243
strong_oscillatory,260911,ar1,71,0.75,0.49605001655321895,0.22433007819270373,-1.4946367483959186,0.25394998344678105
strong_oscillatory,260911,ar1,72,0.75,0.4960500165566048,0.22433007819744785,-1.4946367483747707,0.2539499834433952
strong_oscillatory,260911,ar1,73,0.5,0.49605001655703085,0.4943255709610599,-0.7045609283441809,0.003949983442969152
strong_oscillatory,260911,ar1,74,0.5,0.4960500165570844,0.49432557096106255,-0.7045609283441755,0.003949983442915583
strong_oscillatory,260911,ar1,75,0.75,0.4960500165570912,0.22433007819812928,-1.494636748371733,0.2539499834429088
strong_oscillatory,260911,ar1,76,0.75,0.496050016557092,0.22433007819813053,-1.4946367483717276,0.253949983442908
strong_oscillatory,260911,ar1,77,0.5,0.49605001655709213,0.49432557096106283,-0.7045609283441749,0.003949983442907867
strong_oscillatory,260911,ar1,78,0.25,0.49605001655709213,0.2354935626696282,-1.4460717006354513,0.24605001655709213
strong_oscillatory,260911,ar1,79,0.5,0.49605001655709213,0.49432557096106283,-0.7045609283441749,0.003949983442907867
strong_oscillatory,260911,quadratic_narrative_position,60,0.5,0.4709471113757444,0.48519945102394346,-0.7231952333557026,0.02905288862425559
strong_oscillatory,260911,quadratic_narrative_position,61,0.5,0.47061304275208493,0.48508577389732443,-0.723429550284827,0.02938695724791507
strong_oscillatory,260911,quadratic_narrative_position,62,0.5,0.4702960449033577,0.4849767286872877,-0.7236543712838976,0.02970395509664231
strong_oscillatory,260911,quadratic_narrative_position,63,0.5,0.46999611782956274,0.4848725012624445,-0.723869306599668,0.030003882170437257
strong_oscillatory,260911,quadratic_narrative_position,64,0.25,0.46971326153070003,0.2741875514557356,-1.2939429123894877,0.21971326153070003
strong_oscillatory,260911,quadratic_narrative_position,65,0.5,0.46944747600676967,0.484679192293393,-0.7242680660941804,0.03055252399323033
strong_oscillatory,260911,quadratic_narrative_position,66,0.75,0.46919876125777144,0.18949916019045057,-1.663370686182138,0.28080123874222856
strong_oscillatory,260911,quadratic_narrative_position,67,0.5,0.4689671172837056,0.484507130534759,-0.7246231304536105,0.031032882716294397
strong_oscillatory,260911,quadratic_narrative_position,68,0.25,0.4687525440845719,0.2755844393027431,-1.2888612026022888,0.2187525440845719
strong_oscillatory,260911,quadratic_narrative_position,69,0.25,0.4685550416603706,0.2758717206980146,-1.2878193013883845,0.2185550416603706
strong_oscillatory,260911,quadratic_narrative_position,70,0.5,0.4683746100111014,0.484291286149553,-0.7250687224055793,0.03162538998889858
strong_oscillatory,260911,quadratic_narrative_position,71,0.75,0.4682112491367646,0.18822944397606417,-1.6700936136106526,0.2817887508632354
strong_oscillatory,260911,quadratic_narrative_position,72,0.75,0.46806495903736,0.188041689826942,-1.6710915863374325,0.28193504096264
strong_oscillatory,260911,quadratic_narrative_position,73,0.5,0.4679357397128877,0.48412884139056883,-0.7254042064705799,0.03206426028711229
strong_oscillatory,260911,quadratic_narrative_position,74,0.5,0.4678235911633477,0.48408698000415845,-0.7254906776591548,0.03217640883665229
strong_oscillatory,260911,quadratic_narrative_position,75,0.75,0.4677285133887399,0.1876102189195701,-1.6733887720408311,0.2822714866112601
strong_oscillatory,260911,quadratic_narrative_position,76,0.75,0.4676505063890644,0.18751024670238098,-1.6739217859855129,0.2823494936109356
strong_oscillatory,260911,quadratic_narrative_position,77,0.5,0.4675895701643211,0.4839991685580562,-0.7256720901222367,0.03241042983567888
strong_oscillatory,260911,quadratic_narrative_position,78,0.25,0.4675457047145102,0.27734044075392533,-1.2825094994389417,0.21754570471451018
strong_oscillatory,260911,quadratic_narrative_position,79,0.5,0.4675189100396315,0.4839725328797898,-0.7257271241242298,0.032481089960368525
strong_oscillatory,260912,rcwe,60,0.5,0.3675638134690977,0.46269584665218555,-0.7706853594393052,0.13243618653090228
strong_oscillatory,260912,rcwe,61,0.75,0.6392183846272411,0.5678377800853384,-0.565919499493293,0.11078161537275888
strong_oscillatory,260912,rcwe,62,0.75,0.7096575219144036,0.8312888820650617,-0.18477791268939325,0.040342478085596434
strong_oscillatory,260912,rcwe,63,0.5,0.4953693906855193,0.87647431298793,-0.13184788139606013,0.004630609314480727
strong_oscillatory,260912,rcwe,64,0.5,0.3114599358729357,0.21641750494577194,-1.5305458436650397,0.1885400641270643
strong_oscillatory,260912,rcwe,65,0.75,0.45505330465928473,0.017981004004034042,-4.018439411451273,0.29494669534071527
strong_oscillatory,260912,rcwe,66,0.75,0.7067712797513677,0.8246110216395055,-0.1928434927551193,0.043228720248632335
strong_oscillatory,260912,rcwe,67,0.5,0.6559798277320399,0.35084588010287227,-1.0474082399696512,0.1559798277320399
strong_oscillatory,260912,rcwe,68,0.5,0.3937130845963728,0.5891642649910831,-0.5290502462820287,0.10628691540362722
strong_oscillatory,260912,rcwe,69,0.25,0.3290630115649936,0.70872104952938,-0.3442932719993065,0.07906301156499362
strong_oscillatory,260912,rcwe,70,0.5,0.5663117104416816,0.7564428893907246,-0.279128241808076,0.0663117104416816
strong_oscillatory,260912,rcwe,71,0.75,0.7241062496547525,0.8580668049624091,-0.15307332126365644,0.025893750345247546
strong_oscillatory,260912,rcwe,72,0.75,0.5692138516355357,0.2454978200770168,-1.4044672113103382,0.18078614836446427
strong_oscillatory,260912,rcwe,73,0.25,0.3277899136677338,0.7137664213526489,-0.33719951112750723,0.0777899136677338
strong_oscillatory,260912,rcwe,74,0.25,0.38993974552196614,0.4263212684556513,-0.8525620656376235,0.13993974552196614
strong_oscillatory,260912,rcwe,75,0.75,0.6645859201482655,0.6827109599835504,-0.38168370080724157,0.08541407985173455
strong_oscillatory,260912,rcwe,76,0.75,0.6975290514702897,0.8003785140641544,-0.22267052063067339,0.05247094852971035
strong_oscillatory,260912,rcwe,77,0.5,0.46330371592367,0.8391021924141137,-0.17542277729327882,0.03669628407633002
strong_oscillatory,260912,rcwe,78,0.25,0.3118871007479632,0.7714347209660091,-0.25950322389425345,0.06188710074796322
strong_oscillatory,260912,rcwe,79,0.5,0.4869630031880123,0.8722450723885777,-0.13668484824209923,0.013036996811987722
strong_oscillatory,260912,persistence,60,0.5,0.25,0.24118567127927806,-1.4221882218668538,0.25
strong_oscillatory,260912,persistence,61,0.75,0.25,0.06421050767588267,-2.745588410714948,0.5
strong_oscillatory,260912,persistence,62,0.75,0.25,0.06421050767588267,-2.745588410714948,0.5
strong_oscillatory,260912,persistence,63,0.5,0.25,0.24118567127927806,-1.4221882218668538,0.25
strong_oscillatory,260912,persistence,64,0.5,0.25,0.24118567127927806,-1.4221882218668538,0.25
strong_oscillatory,260912,persistence,65,0.75,0.25,0.06421050767588267,-2.745588410714948,0.5
strong_oscillatory,260912,persistence,66,0.75,0.25,0.06421050767588267,-2.745588410714948,0.5
strong_oscillatory,260912,persistence,67,0.5,0.25,0.24118567127927806,-1.4221882218668538,0.25
strong_oscillatory,260912,persistence,68,0.5,0.25,0.24118567127927806,-1.4221882218668538,0.25
strong_oscillatory,260912,persistence,69,0.25,0.25,0.3745486130376776,-0.982033676604906,0.0
strong_oscillatory,260912,persistence,70,0.5,0.25,0.24118567127927806,-1.4221882218668538,0.25
strong_oscillatory,260912,persistence,71,0.75,0.25,0.06421050767588267,-2.745588410714948,0.5
strong_oscillatory,260912,persistence,72,0.75,0.25,0.06421050767588267,-2.745588410714948,0.5
strong_oscillatory,260912,persistence,73,0.25,0.25,0.3745486130376776,-0.982033676604906,0.0
strong_oscillatory,260912,persistence,74,0.25,0.25,0.3745486130376776,-0.982033676604906,0.0
strong_oscillatory,260912,persistence,75,0.75,0.25,0.06421050767588267,-2.745588410714948,0.5
strong_oscillatory,260912,persistence,76,0.75,0.25,0.06421050767588267,-2.745588410714948,0.5
strong_oscillatory,260912,persistence,77,0.5,0.25,0.24118567127927806,-1.4221882218668538,0.25
strong_oscillatory,260912,persistence,78,0.25,0.25,0.3745486130376776,-0.982033676604906,0.0
strong_oscillatory,260912,persistence,79,0.5,0.25,0.24118567127927806,-1.4221882218668538,0.25
strong_oscillatory,260912,ar1,60,0.5,0.4939593018869096,0.5023442784697604,-0.6884695806683646,0.006040698113090381
strong_oscillatory,260912,ar1,61,0.75,0.5221206915207504,0.2605520488789642,-1.3449526339888078,0.22787930847924964
strong_oscillatory,260912,ar1,62,0.75,0.5253714954867194,0.26546179397037134,-1.326284350838215,0.22462850451328065
strong_oscillatory,260912,ar1,63,0.5,0.5257467513445645,0.4983923164020407,-0.6963677281565404,0.0257467513445645
strong_oscillatory,260912,ar1,64,0.5,0.5257900689239453,0.49837828712045473,-0.6963958776255101,0.02579006892394531
strong_oscillatory,260912,ar1,65,0.75,0.5257950692794205,0.26610298055228065,-1.3238719001883155,0.22420493072057945
strong_oscillatory,260912,ar1,66,0.75,0.5257956464943813,0.26610385453290797,-1.32386861582378,0.22420435350561874
strong_oscillatory,260912,ar1,67,0.5,0.5257957131250663,0.4983764574229473,-0.6963995489348617,0.025795713125066344
strong_oscillatory,260912,ar1,68,0.5,0.5257957208165651,0.4983764549293026,-0.6963995539383979,0.025795720816565115
strong_oscillatory,260912,ar1,69,0.25,0.5257957217044317,0.19172410599395026,-1.651697888302314,0.2757957217044317
strong_oscillatory,260912,ar1,70,0.5,0.5257957218069224,0.49837645460822094,-0.6963995545826532,0.025795721806922356
strong_oscillatory,260912,ar1,71,0.75,0.5257957218187533,0.2661039685841222,-1.3238681872272458,0.22420427818124666
strong_oscillatory,260912,ar1,72,0.75,0.525795721820119,0.2661039685861901,-1.3238681872194749,0.22420427817988098
strong_oscillatory,260912,ar1,73,0.25,0.5257957218202767,0.19172410583802355,-1.651697889115601,0.2757957218202767
strong_oscillatory,260912,ar1,74,0.25,0.5257957218202949,0.19172410583799906,-1.6516978891157286,0.2757957218202949
strong_oscillatory,260912,ar1,75,0.75,0.525795721820297,0.2661039685864596,-1.3238681872184621,0.224204278179703
strong_oscillatory,260912,ar1,76,0.75,0.5257957218202972,0.26610396858645985,-1.3238681872184612,0.2242042781797028
strong_oscillatory,260912,ar1,77,0.5,0.5257957218202972,0.49837645460388486,-0.6963995545913537,0.025795721820297213
strong_oscillatory,260912,ar1,78,0.25,0.5257957218202972,0.1917241058379958,-1.6516978891157457,0.2757957218202972
strong_oscillatory,260912,ar1,79,0.5,0.5257957218202972,0.49837645460388486,-0.6963995545913537,0.025795721820297213
strong_oscillatory,260912,quadratic_narrative_position,60,0.5,0.5238210214260817,0.49244077841056183,-0.7083810724823374,0.023821021426081668
strong_oscillatory,260912,quadratic_narrative_position,61,0.75,0.5235482764992638,0.26367261688576005,-1.3330470329345987,0.22645172350073617
strong_oscillatory,260912,quadratic_narrative_position,62,0.75,0.5232581687206702,0.2632447121021109,-1.3346712151513331,0.2267418312793298
strong_oscillatory,260912,quadratic_narrative_position,63,0.5,0.5229506980903007,0.4926870107277391,-0.7078811732306465,0.022950698090300703
strong_oscillatory,260912,quadratic_narrative_position,64,0.5,0.5226258646081554,0.49277659463121715,-0.7076993625514136,0.02262586460815541
strong_oscillatory,260912,quadratic_narrative_position,65,0.75,0.5222836682742342,0.261808384567774,-1.3401423994043047,0.22771633172576577
strong_oscillatory,260912,quadratic_narrative_position,66,0.75,0.5219241090885371,0.2612788416509632,-1.3421670831326262,0.22807589091146285
strong_oscillatory,260912,quadratic_narrative_position,67,0.5,0.5215471870510642,0.4930650253721967,-0.7071142163304449,0.021547187051064176
strong_oscillatory,260912,quadratic_narrative_position,68,0.5,0.5211529021618153,0.49316697875479326,-0.706907462985323,0.021152902161815312
strong_oscillatory,260912,quadratic_narrative_position,69,0.25,0.5207412544207907,0.20080905496050028,-1.6054007977564837,0.27074125442079067
strong_oscillatory,260912,quadratic_narrative_position,70,0.5,0.5203122438279901,0.49337813401818353,-0.7064793928162434,0.02031224382799013
strong_oscillatory,260912,quadratic_narrative_position,71,0.75,0.5198658703834138,0.25825204591375556,-1.3538192487920637,0.2301341296165862
strong_oscillatory,260912,quadratic_narrative_position,72,0.75,0.5194021340870616,0.25757117618497244,-1.3564591847043819,0.2305978659129384
strong_oscillatory,260912,quadratic_narrative_position,73,0.25,0.5189210349389334,0.20326641256137784,-1.593237783204887,0.2689210349389334
strong_oscillatory,260912,quadratic_narrative_position,74,0.25,0.5184225729390294,0.20394161950166362,-1.5899215050083337,0.2684225729390294
strong_oscillatory,260912,quadratic_narrative_position,75,0.75,0.5179067480873496,0.2553784618532123,-1.365008669976517,0.2320932519126504
strong_oscillatory,260912,quadratic_narrative_position,76,0.75,0.5173735603838938,0.2545977179165454,-1.3680705563061297,0.23262643961610618
strong_oscillatory,260912,quadratic_narrative_position,77,0.5,0.5168230098286622,0.49416382142236476,-0.7048881944562608,0.01682300982866225
strong_oscillatory,260912,quadratic_narrative_position,78,0.25,0.5162550964216548,0.20688879314081857,-1.5755738612809318,0.2662550964216548
strong_oscillatory,260912,quadratic_narrative_position,79,0.5,0.5156698201628717,0.4943912591459824,-0.7044280527158535,0.01566982016287166
strong_oscillatory,260913,rcwe,60,0.25,0.3582561785723319,0.5701245716467271,-0.5619003952827589,0.10825617857233188
strong_oscillatory,260913,rcwe,61,0.5,0.6095792005051949,0.5644842621360172,-0.571842775079519,0.10957920050519487
strong_oscillatory,260913,rcwe,62,0.75,0.6848190995361825,0.7326530531275449,-0.3110830136679338,0.06518090046381753
strong_oscillatory,260913,rcwe,63,0.5,0.4765303341701763,0.8249944082313669,-0.19237867057179953,0.023469665829823683
strong_oscillatory,260913,rcwe,64,0.25,0.30507791425874875,0.762119853311778,-0.27165144785318923,0.05507791425874875
strong_oscillatory,260913,rcwe,65,0.5,0.4407563227903011,0.7504674991676268,-0.2870589344191163,0.05924367720969892
strong_oscillatory,260913,rcwe,66,0.75,0.6779824747955694,0.7104905920822449,-0.3417995727962021,0.07201752520443061
strong_oscillatory,260913,rcwe,67,0.5,0.6318411213593019,0.4674252573659403,-0.7605158203272382,0.13184112135930193
strong_oscillatory,260913,rcwe,68,0.25,0.37803484101889395,0.48415885274918885,-0.7253422179545402,0.12803484101889395
strong_oscillatory,260913,rcwe,69,0.25,0.3238650774715826,0.7042166068468114,-0.35066928996780466,0.07386507747158261
strong_oscillatory,260913,rcwe,70,0.5,0.5451418416839493,0.7869097040963341,-0.23964177145937343,0.0451418416839493
strong_oscillatory,260913,rcwe,71,0.75,0.6971611135815614,0.7680822716273974,-0.26385842705704565,0.05283888641843859
strong_oscillatory,260913,rcwe,72,0.5,0.5443535755960248,0.7886877216193074,-0.23738482657143092,0.04435357559602482
strong_oscillatory,260913,rcwe,73,0.25,0.3176624678431275,0.7248056611516579,-0.3218517136441658,0.06766246784312752
strong_oscillatory,260913,rcwe,74,0.25,0.3836833202220668,0.45933244773309634,-0.7779810440906284,0.1336833202220668
strong_oscillatory,260913,rcwe,75,0.75,0.6389933653071508,0.5583739279821686,-0.582726419200359,0.11100663469284922
strong_oscillatory,260913,rcwe,76,0.75,0.6705760218607163,0.6846576517590085,-0.37883634410479244,0.0794239781392837
strong_oscillatory,260913,rcwe,77,0.5,0.43935192226123426,0.7463792628886273,-0.2925214126744128,0.06064807773876574
strong_oscillatory,260913,rcwe,78,0.25,0.3066655579838595,0.7577636983571817,-0.27738368553400883,0.05666555798385953
strong_oscillatory,260913,rcwe,79,0.5,0.47635767029321113,0.824782600307351,-0.19263544215254463,0.023642329706788867
strong_oscillatory,260913,persistence,60,0.25,0.25,0.35684050992686167,-1.0304663479305647,0.0
strong_oscillatory,260913,persistence,61,0.5,0.25,0.23929367393922468,-1.4300637201079,0.25
strong_oscillatory,260913,persistence,62,0.75,0.25,0.07201864888439782,-2.630830181220669,0.5
strong_oscillatory,260913,persistence,63,0.5,0.25,0.23929367393922468,-1.4300637201079,0.25
strong_oscillatory,260913,persistence,64,0.25,0.25,0.35684050992686167,-1.0304663479305647,0.0
strong_oscillatory,260913,persistence,65,0.5,0.25,0.23929367393922468,-1.4300637201079,0.25
strong_oscillatory,260913,persistence,66,0.75,0.25,0.07201864888439782,-2.630830181220669,0.5
strong_oscillatory,260913,persistence,67,0.5,0.25,0.23929367393922468,-1.4300637201079,0.25
strong_oscillatory,260913,persistence,68,0.25,0.25,0.35684050992686167,-1.0304663479305647,0.0
strong_oscillatory,260913,persistence,69,0.25,0.25,0.35684050992686167,-1.0304663479305647,0.0
strong_oscillatory,260913,persistence,70,0.5,0.25,0.23929367393922468,-1.4300637201079,0.25
strong_oscillatory,260913,persistence,71,0.75,0.25,0.07201864888439782,-2.630830181220669,0.5
strong_oscillatory,260913,persistence,72,0.5,0.25,0.23929367393922468,-1.4300637201079,0.25
strong_oscillatory,260913,persistence,73,0.25,0.25,0.35684050992686167,-1.0304663479305647,0.0
strong_oscillatory,260913,persistence,74,0.25,0.25,0.35684050992686167,-1.0304663479305647,0.0
strong_oscillatory,260913,persistence,75,0.75,0.25,0.07201864888439782,-2.630830181220669,0.5
strong_oscillatory,260913,persistence,76,0.75,0.25,0.07201864888439782,-2.630830181220669,0.5
strong_oscillatory,260913,persistence,77,0.5,0.25,0.23929367393922468,-1.4300637201079,0.25
strong_oscillatory,260913,persistence,78,0.25,0.25,0.35684050992686167,-1.0304663479305647,0.0
strong_oscillatory,260913,persistence,79,0.5,0.25,0.23929367393922468,-1.4300637201079,0.25
strong_oscillatory,260913,ar1,60,0.25,0.5006694053279941,0.22618306261677412,-1.4864105960135363,0.2506694053279941
strong_oscillatory,260913,ar1,61,0.5,0.5125023107292138,0.5040682410369254,-0.6850436211935813,0.012502310729213817
strong_oscillatory,260913,ar1,62,0.75,0.5130608856779636,0.24647194150870697,-1.400507119529124,0.2369391143220364
strong_oscillatory,260913,ar1,63,0.5,0.5130872533334794,0.5039721865340602,-0.6852341978818346,0.013087253333479376
strong_oscillatory,260913,ar1,64,0.25,0.5130884980245615,0.208390388778864,-1.5683420892697835,0.26308849802456147
strong_oscillatory,260913,ar1,65,0.5,0.5130885567804827,0.503971967609707,-0.6852346322796181,0.013088556780482707
strong_oscillatory,260913,ar1,66,0.75,0.5130885595540692,0.24651339846911827,-1.4003389321322701,0.23691144044593082
strong_oscillatory,260913,ar1,67,0.5,0.5130885596849969,0.5039719671218462,-0.6852346332476495,0.013088559684996892
strong_oscillatory,260913,ar1,68,0.25,0.5130885596911774,0.2083903019172921,-1.5683425060912621,0.2630885596911774
strong_oscillatory,260913,ar1,69,0.25,0.5130885596914692,0.20839030191688118,-1.5683425060932341,0.26308855969146916
strong_oscillatory,260913,ar1,70,0.5,0.5130885596914829,0.5039719671207568,-0.6852346332498113,0.013088559691482926
strong_oscillatory,260913,ar1,71,0.75,0.5130885596914836,0.24651339867497765,-1.4003389312971861,0.2369114403085164
strong_oscillatory,260913,ar1,72,0.5,0.5130885596914836,0.5039719671207566,-0.6852346332498115,0.013088559691483592
strong_oscillatory,260913,ar1,73,0.25,0.5130885596914836,0.20839030191686087,-1.5683425060933316,0.2630885596914836
strong_oscillatory,260913,ar1,74,0.25,0.5130885596914836,0.20839030191686087,-1.5683425060933316,0.2630885596914836
strong_oscillatory,260913,ar1,75,0.75,0.5130885596914836,0.24651339867497765,-1.4003389312971861,0.2369114403085164
strong_oscillatory,260913,ar1,76,0.75,0.5130885596914836,0.24651339867497765,-1.4003389312971861,0.2369114403085164
strong_oscillatory,260913,ar1,77,0.5,0.5130885596914836,0.5039719671207566,-0.6852346332498115,0.013088559691483592
strong_oscillatory,260913,ar1,78,0.25,0.5130885596914836,0.20839030191686087,-1.5683425060933316,0.2630885596914836
strong_oscillatory,260913,ar1,79,0.5,0.5130885596914836,0.5039719671207566,-0.6852346332498115,0.013088559691483592
strong_oscillatory,260913,quadratic_narrative_position,60,0.25,0.46823664743249427,0.2768972346510798,-1.2841088356695358,0.21823664743249427
strong_oscillatory,260913,quadratic_narrative_position,61,0.5,0.46595545643133346,0.4755477095755082,-0.7432880664347911,0.03404454356866654
strong_oscillatory,260913,quadratic_narrative_position,62,0.75,0.46362085552196264,0.1852924335017742,-1.6858199802980238,0.28637914447803736
strong_oscillatory,260913,quadratic_narrative_position,63,0.5,0.46123284470438164,0.47365264807057594,-0.7472810359012279,0.03876715529561836
strong_oscillatory,260913,quadratic_narrative_position,64,0.25,0.45879142397859063,0.290233045825099,-1.237071072426829,0.20879142397859063
strong_oscillatory,260913,quadratic_narrative_position,65,0.5,0.4562965933445895,0.471418771604422,-0.7520084683047135,0.043703406655410504
strong_oscillatory,260913,quadratic_narrative_position,66,0.75,0.45374835280237835,0.17322967963404573,-1.753136937060626,0.29625164719762165
strong_oscillatory,260913,quadratic_narrative_position,67,0.5,0.4511467023519571,0.4688164565748537,-0.7575439377201494,0.048853297648042915
strong_oscillatory,260913,quadratic_narrative_position,68,0.25,0.4484916419933257,0.30477909761801736,-1.1881680348898906,0.1984916419933257
strong_oscillatory,260913,quadratic_narrative_position,69,0.25,0.44578317172648435,0.30859606077797486,-1.175722103949924,0.19578317172648435
strong_oscillatory,260913,quadratic_narrative_position,70,0.5,0.4430212915514328,0.46415763347218286,-0.7675310571393992,0.05697870844856717
strong_oscillatory,260913,quadratic_narrative_position,71,0.75,0.44020600146817124,0.15735582626322195,-1.8492456287455763,0.30979399853182876
strong_oscillatory,260913,quadratic_narrative_position,72,0.5,0.4373373014766996,0.4605059093399816,-0.7754295909261538,0.06266269852330042
strong_oscillatory,260913,quadratic_narrative_position,73,0.25,0.4344151915770179,0.32453499341808684,-1.1253619106918813,0.1844151915770179
strong_oscillatory,260913,quadratic_narrative_position,74,0.25,0.4314396717691261,0.3286766326575098,-1.1126808910199764,0.18143967176912612
strong_oscillatory,260913,quadratic_narrative_position,75,0.75,0.4284107420530242,0.14420594607667714,-1.9365128200530117,0.3215892579469758
strong_oscillatory,260913,quadratic_narrative_position,76,0.75,0.42532840242871234,0.14087756943436833,-1.9598640676803225,0.32467159757128766
strong_oscillatory,260913,quadratic_narrative_position,77,0.5,0.4221926528961903,0.4492651406807308,-0.8001420517589807,0.07780734710380971
strong_oscillatory,260913,quadratic_narrative_position,78,0.25,0.4190034934554582,0.34578903060393834,-1.0619264280292158,0.16900349345545818
strong_oscillatory,260913,quadratic_narrative_position,79,0.5,0.41576092410651605,0.44385778012273974,-0.8122510829006064,0.08423907589348395
strong_oscillatory,260914,rcwe,60,0.25,0.396367194035998,0.38966153361190803,-0.9424767792027318,0.14636719403599802
strong_oscillatory,260914,rcwe,61,0.75,0.6221138647929401,0.48446548876432766,-0.72470908080892,0.12788613520705994
strong_oscillatory,260914,rcwe,62,0.75,0.682172423726245,0.7670937479917909,-0.26514625823678833,0.06782757627375502
strong_oscillatory,260914,rcwe,63,0.5,0.5012913609377992,0.89817233849772,-0.107393315398449,0.0012913609377992463
strong_oscillatory,260914,rcwe,64,0.25,0.34899622611493425,0.6315386013520029,-0.4595962126115925,0.09899622611493425
strong_oscillatory,260914,rcwe,65,0.5,0.471863949010203,0.8750947000925777,-0.13342316980359162,0.02813605098979699
strong_oscillatory,260914,rcwe,66,0.75,0.6794994854494315,0.7569596295242117,-0.2784453565252648,0.0705005145505685
strong_oscillatory,260914,rcwe,67,0.5,0.6348396940499677,0.448420828062031,-0.8020231391259766,0.13483969404996765
strong_oscillatory,260914,rcwe,68,0.25,0.417333477861005,0.28967008532369887,-1.2390126404164123,0.167333477861005
strong_oscillatory,260914,rcwe,69,0.25,0.36453261470674375,0.5536354615448628,-0.5912488204714079,0.11453261470674375
strong_oscillatory,260914,rcwe,70,0.75,0.565062245124564,0.21631784095043072,-1.5310064669908139,0.18493775487543596
strong_oscillatory,260914,rcwe,71,0.75,0.6942755896717987,0.8087573003213548,-0.21225640653530334,0.0557244103282013
strong_oscillatory,260914,rcwe,72,0.75,0.5597770758187738,0.19659243727078302,-1.6266225396041711,0.19022292418122622
strong_oscillatory,260914,rcwe,73,0.25,0.3623572643790968,0.5647790888644242,-0.5713206174537632,0.11235726437909682
strong_oscillatory,260914,rcwe,74,0.5,0.418692256878534,0.7128603234570409,-0.33846977753845564,0.08130774312146599
strong_oscillatory,260914,rcwe,75,0.75,0.6459587463034014,0.6067370007193087,-0.49965985904776994,0.10404125369659856
strong_oscillatory,260914,rcwe,76,0.75,0.669745970960065,0.7173681014720449,-0.332166178948278,0.08025402903993495
strong_oscillatory,260914,rcwe,77,0.5,0.47130568756892893,0.8741718417704062,-0.1344783073549085,0.028694312431071067
strong_oscillatory,260914,rcwe,78,0.25,0.34967883675443234,0.62821719146609,-0.4648693260213963,0.09967883675443234
strong_oscillatory,260914,rcwe,79,0.5,0.502606882256358,0.8980219477827436,-0.10756077024058563,0.0026068822563579674
strong_oscillatory,260914,persistence,60,0.25,0.5,0.24108033088883435,-1.4226250778411311,0.25
strong_oscillatory,260914,persistence,61,0.75,0.5,0.24108033088883435,-1.4226250778411311,0.25
strong_oscillatory,260914,persistence,62,0.75,0.5,0.24108033088883435,-1.4226250778411311,0.25
strong_oscillatory,260914,persistence,63,0.5,0.5,0.3732383410849675,-0.9855380792597601,0.0
strong_oscillatory,260914,persistence,64,0.25,0.5,0.24108033088883435,-1.4226250778411311,0.25
strong_oscillatory,260914,persistence,65,0.5,0.5,0.3732383410849675,-0.9855380792597601,0.0
strong_oscillatory,260914,persistence,66,0.75,0.5,0.24108033088883435,-1.4226250778411311,0.25
strong_oscillatory,260914,persistence,67,0.5,0.5,0.3732383410849675,-0.9855380792597601,0.0
strong_oscillatory,260914,persistence,68,0.25,0.5,0.24108033088883435,-1.4226250778411311,0.25
strong_oscillatory,260914,persistence,69,0.25,0.5,0.24108033088883435,-1.4226250778411311,0.25
strong_oscillatory,260914,persistence,70,0.75,0.5,0.24108033088883435,-1.4226250778411311,0.25
strong_oscillatory,260914,persistence,71,0.75,0.5,0.24108033088883435,-1.4226250778411311,0.25
strong_oscillatory,260914,persistence,72,0.75,0.5,0.24108033088883435,-1.4226250778411311,0.25
strong_oscillatory,260914,persistence,73,0.25,0.5,0.24108033088883435,-1.4226250778411311,0.25
strong_oscillatory,260914,persistence,74,0.5,0.5,0.3732383410849675,-0.9855380792597601,0.0
strong_oscillatory,260914,persistence,75,0.75,0.5,0.24108033088883435,-1.4226250778411311,0.25
strong_oscillatory,260914,persistence,76,0.75,0.5,0.24108033088883435,-1.4226250778411311,0.25
strong_oscillatory,260914,persistence,77,0.5,0.5,0.3732383410849675,-0.9855380792597601,0.0
strong_oscillatory,260914,persistence,78,0.25,0.5,0.24108033088883435,-1.4226250778411311,0.25
strong_oscillatory,260914,persistence,79,0.5,0.5,0.3732383410849675,-0.9855380792597601,0.0
strong_oscillatory,260914,ar1,60,0.25,0.5323197895233153,0.17679813136841874,-1.7327466980176,0.28231978952331527
strong_oscillatory,260914,ar1,61,0.75,0.5340842419880337,0.2768490713682704,-1.2842827899962999,0.21591575801196627
strong_oscillatory,260914,ar1,62,0.75,0.5341805697347848,0.27700480744061373,-1.2837204175641244,0.21581943026521522
strong_oscillatory,260914,ar1,63,0.5,0.5341858286096934,0.5107682853419663,-0.6718392449620216,0.034185828609693436
strong_oscillatory,260914,ar1,64,0.25,0.534186115710412,0.17427641997307514,-1.7471126197554772,0.28418611571041197
strong_oscillatory,260914,ar1,65,0.5,0.5341861313842631,0.5107681433891526,-0.67183952288224,0.034186131384263074
strong_oscillatory,260914,ar1,66,0.75,0.5341861322399545,0.2770138010386736,-1.2836879507916261,0.21581386776004552
strong_oscillatory,260914,ar1,67,0.5,0.5341861322866698,0.5107681429660664,-0.671839523710573,0.03418613228666978
strong_oscillatory,260914,ar1,68,0.25,0.5341861322892201,0.17427639765803551,-1.7471127477994262,0.2841861322892201
strong_oscillatory,260914,ar1,69,0.25,0.5341861322893593,0.17427639765784808,-1.7471127478005017,0.2841861322893593
strong_oscillatory,260914,ar1,70,0.75,0.534186132289367,0.27701380111856516,-1.2836879505032233,0.21581386771063304
strong_oscillatory,260914,ar1,71,0.75,0.5341861322893673,0.2770138011185657,-1.2836879505032213,0.2158138677106327
strong_oscillatory,260914,ar1,72,0.75,0.5341861322893674,0.27701380111856594,-1.2836879505032206,0.2158138677106326
strong_oscillatory,260914,ar1,73,0.25,0.5341861322893674,0.17427639765783712,-1.7471127478005646,0.2841861322893674
strong_oscillatory,260914,ar1,74,0.5,0.5341861322893674,0.5107681429648018,-0.671839523713049,0.0341861322893674
strong_oscillatory,260914,ar1,75,0.75,0.5341861322893674,0.27701380111856594,-1.2836879505032206,0.2158138677106326
strong_oscillatory,260914,ar1,76,0.75,0.5341861322893674,0.27701380111856594,-1.2836879505032206,0.2158138677106326
strong_oscillatory,260914,ar1,77,0.5,0.5341861322893674,0.5107681429648018,-0.671839523713049,0.0341861322893674
strong_oscillatory,260914,ar1,78,0.25,0.5341861322893674,0.17427639765783712,-1.7471127478005646,0.2841861322893674
strong_oscillatory,260914,ar1,79,0.5,0.5341861322893674,0.5107681429648018,-0.671839523713049,0.0341861322893674
strong_oscillatory,260914,quadratic_narrative_position,60,0.25,0.5299382364483556,0.18203903786829284,-1.7035341211240151,0.2799382364483556
strong_oscillatory,260914,quadratic_narrative_position,61,0.75,0.529332123847382,0.2699789733776736,-1.3094111993952715,0.22066787615261796
strong_oscillatory,260914,quadratic_narrative_position,62,0.75,0.528695620981801,0.2689740158894897,-1.3131404992522733,0.221304379018199
strong_oscillatory,260914,quadratic_narrative_position,63,0.5,0.5280287278516127,0.508384197359228,-0.6765178232356314,0.0280287278516127
strong_oscillatory,260914,quadratic_narrative_position,64,0.25,0.5273314444568168,0.18559249439626424,-1.684201899123043,0.2773314444568168
strong_oscillatory,260914,quadratic_narrative_position,65,0.5,0.5266037707974136,0.508905400754217,-0.6754931328395821,0.026603770797413606
strong_oscillatory,260914,quadratic_narrative_position,66,0.75,0.5258457068734029,0.26448471756410935,-1.3299718079386276,0.22415429312659707
strong_oscillatory,260914,quadratic_narrative_position,67,0.5,0.5250572526847848,0.5094408494599879,-0.6744415283288312,0.02505725268478476
strong_oscillatory,260914,quadratic_narrative_position,68,0.25,0.5242384082315593,0.1898534332408869,-1.661502908502145,0.2742384082315593
strong_oscillatory,260914,quadratic_narrative_position,69,0.25,0.5233891735137264,0.19103167757408515,-1.6553160135140719,0.2733891735137264
strong_oscillatory,260914,quadratic_narrative_position,70,0.75,0.5225095485312862,0.25925263113553854,-1.3499522828958874,0.22749045146871383
strong_oscillatory,260914,quadratic_narrative_position,71,0.75,0.5215995332842384,0.2578301111072599,-1.35545439503677,0.22840046671576164
strong_oscillatory,260914,quadratic_narrative_position,72,0.75,0.5206591277725833,0.2563622839850266,-1.3611636630979744,0.22934087222741673
strong_oscillatory,260914,quadratic_narrative_position,73,0.25,0.5196883319963207,0.19620745058814218,-1.6285827581165229,0.2696883319963207
strong_oscillatory,260914,quadratic_narrative_position,74,0.5,0.5186871459554507,0.5113127455326655,-0.6707738495075471,0.018687145955450735
strong_oscillatory,260914,quadratic_narrative_position,75,0.75,0.5176555696499734,0.25168980327080664,-1.3795578891004656,0.2323444303500266
strong_oscillatory,260914,quadratic_narrative_position,76,0.75,0.5165936030798887,0.2500436830695791,-1.3861196441054808,0.23340639692011134
strong_oscillatory,260914,quadratic_narrative_position,77,0.5,0.5155012462451963,0.512046275028773,-0.6693402771111658,0.015501246245196332
strong_oscillatory,260914,quadratic_narrative_position,78,0.25,0.5143784991458968,0.2037472080719039,-1.59087522966963,0.26437849914589684
strong_oscillatory,260914,quadratic_narrative_position,79,0.5,0.5132253617819897,0.5124870668303726,-0.6684798037409247,0.013225361781989742
strong_oscillatory,260915,rcwe,60,0.5,0.39638744290012873,0.6209033687011758,-0.4765798151127597,0.10361255709987127
strong_oscillatory,260915,rcwe,61,0.75,0.6430466891265639,0.6024851459248979,-0.5066922679878031,0.10695331087343607
strong_oscillatory,260915,rcwe,62,0.75,0.6697044242417266,0.7393896486353029,-0.30193023225936705,0.0802955757582734
strong_oscillatory,260915,rcwe,63,0.5,0.44822640533448704,0.8497338312300892,-0.1628321182655643,0.051773594665512956
strong_oscillatory,260915,rcwe,64,0.25,0.32193304352081403,0.7762358022082569,-0.2532989361326258,0.07193304352081403
strong_oscillatory,260915,rcwe,65,0.5,0.4902055810901342,0.9263482558572107,-0.07650502879977245,0.00979441890986582
strong_oscillatory,260915,rcwe,66,0.5,0.6916344606878118,0.16775905739610128,-1.7852265111685564,0.19163446068781176
strong_oscillatory,260915,rcwe,67,0.75,0.6027793557526486,0.3740071237668312,-0.9834804342441102,0.14722064424735137
strong_oscillatory,260915,rcwe,68,0.25,0.36239613260483455,0.5719708227467503,-0.5586672980873549,0.11239613260483455
strong_oscillatory,260915,rcwe,69,0.25,0.35774042995963184,0.5981082828750264,-0.5139834663817618,0.10774042995963184
strong_oscillatory,260915,rcwe,70,0.5,0.594463998644942,0.6697549637244273,-0.40084335927554726,0.09446399864494204
strong_oscillatory,260915,rcwe,71,1.0,0.6902873116009579,0.003797075197943417,-5.5735241933609165,0.3097126883990421
strong_oscillatory,260915,rcwe,72,0.5,0.506738208418613,0.9278367663455562,-0.07489946000239274,0.006738208418612945
strong_oscillatory,260915,rcwe,73,0.25,0.3222355339557847,0.7749641218633783,-0.254938545070242,0.07223553395578469
strong_oscillatory,260915,rcwe,74,0.25,0.4338879015144788,0.19735557347516794,-1.6227482356953353,0.1838879015144788
strong_oscillatory,260915,rcwe,75,0.75,0.6704490711581174,0.7428087068732417,-0.2973167278797138,0.07955092884188264
strong_oscillatory,260915,rcwe,76,0.75,0.6450449781690082,0.6135343066127945,-0.48851909689535034,0.10495502183099181
strong_oscillatory,260915,rcwe,77,0.25,0.4066103294171777,0.3238640516546403,-1.1274314449023766,0.15661032941717767
strong_oscillatory,260915,rcwe,78,0.25,0.33207842960356254,0.7310989068882114,-0.3132065248444121,0.08207842960356254
strong_oscillatory,260915,rcwe,79,0.5,0.5364312875532712,0.8899168690858449,-0.11662722614004156,0.036431287553271186
strong_oscillatory,260915,persistence,60,0.5,0.25,0.24211527061787494,-1.4183413413648776,0.25
strong_oscillatory,260915,persistence,61,0.75,0.25,0.05589013281415838,-2.8843674293541253,0.5
strong_oscillatory,260915,persistence,62,0.75,0.25,0.05589013281415838,-2.8843674293541253,0.5
strong_oscillatory,260915,persistence,63,0.5,0.25,0.24211527061787494,-1.4183413413648776,0.25
strong_oscillatory,260915,persistence,64,0.25,0.25,0.3940997736375842,-0.9311511691594607,0.0
strong_oscillatory,260915,persistence,65,0.5,0.25,0.24211527061787494,-1.4183413413648776,0.25
strong_oscillatory,260915,persistence,66,0.5,0.25,0.24211527061787494,-1.4183413413648776,0.25
strong_oscillatory,260915,persistence,67,0.75,0.25,0.05589013281415838,-2.8843674293541253,0.5
strong_oscillatory,260915,persistence,68,0.25,0.25,0.3940997736375842,-0.9311511691594607,0.0
strong_oscillatory,260915,persistence,69,0.25,0.25,0.3940997736375842,-0.9311511691594607,0.0
strong_oscillatory,260915,persistence,70,0.5,0.25,0.24211527061787494,-1.4183413413648776,0.25
strong_oscillatory,260915,persistence,71,1.0,0.25,0.0049447097491745785,-5.309437011449223,0.75
strong_oscillatory,260915,persistence,72,0.5,0.25,0.24211527061787494,-1.4183413413648776,0.25
strong_oscillatory,260915,persistence,73,0.25,0.25,0.3940997736375842,-0.9311511691594607,0.0
strong_oscillatory,260915,persistence,74,0.25,0.25,0.3940997736375842,-0.9311511691594607,0.0
strong_oscillatory,260915,persistence,75,0.75,0.25,0.05589013281415838,-2.8843674293541253,0.5
strong_oscillatory,260915,persistence,76,0.75,0.25,0.05589013281415838,-2.8843674293541253,0.5
strong_oscillatory,260915,persistence,77,0.25,0.25,0.3940997736375842,-0.9311511691594607,0.0
strong_oscillatory,260915,persistence,78,0.25,0.25,0.3940997736375842,-0.9311511691594607,0.0
strong_oscillatory,260915,persistence,79,0.5,0.25,0.24211527061787494,-1.4183413413648776,0.25
strong_oscillatory,260915,ar1,60,0.5,0.4758845102887413,0.5192022902883243,-0.6554617024149207,0.02411548971125871
strong_oscillatory,260915,ar1,61,0.75,0.5072581070764988,0.23317160892869618,-1.455980577506177,0.24274189292350123
strong_oscillatory,260915,ar1,62,0.75,0.5116156549851295,0.24000798641295365,-1.4270830794731633,0.2383843450148705
strong_oscillatory,260915,ar1,63,0.5,0.512220884404774,0.5222750277885435,-0.6495609566902982,0.01222088440477398
strong_oscillatory,260915,ar1,64,0.25,0.5123049460509299,0.20345944727336432,-1.592288570255611,0.2623049460509299
strong_oscillatory,260915,ar1,65,0.5,0.5123166215579775,0.5222582782944224,-0.6495930274610913,0.012316621557977525
strong_oscillatory,260915,ar1,66,0.5,0.5123182431948482,0.5222579934632152,-0.6495935728450452,0.0123182431948482
strong_oscillatory,260915,ar1,67,0.75,0.5123184684275623,0.2411171934301556,-1.422472183894008,0.23768153157243765
strong_oscillatory,260915,ar1,68,0.25,0.5123184997106297,0.20343947462856526,-1.5923867403108265,0.2623184997106297
strong_oscillatory,260915,ar1,69,0.25,0.5123185040556038,0.20343946822596617,-1.5923867717825908,0.26231850405560375
strong_oscillatory,260915,ar1,70,0.5,0.5123185046590868,0.5222579475350263,-0.6495936607866211,0.012318504659086793
strong_oscillatory,260915,ar1,71,1.0,0.5123185047429059,0.01946510579892442,-3.9391318625928804,0.48768149525709414
strong_oscillatory,260915,ar1,72,0.5,0.5123185047545477,0.5222579475182577,-0.6495936608187289,0.012318504754547654
strong_oscillatory,260915,ar1,73,0.25,0.5123185047561646,0.20343946719364459,-1.5923867768569335,0.2623185047561646
strong_oscillatory,260915,ar1,74,0.25,0.5123185047563892,0.20343946719331368,-1.59238677685856,0.2623185047563892
strong_oscillatory,260915,ar1,75,0.75,0.5123185047564204,0.241117250811722,-1.4224719459119763,0.23768149524357962
strong_oscillatory,260915,ar1,76,0.75,0.5123185047564247,0.24111725081172886,-1.422471945911948,0.2376814952435753
strong_oscillatory,260915,ar1,77,0.25,0.5123185047564254,0.2034394671932603,-1.5923867768588225,0.2623185047564254
strong_oscillatory,260915,ar1,78,0.25,0.5123185047564254,0.2034394671932603,-1.5923867768588225,0.2623185047564254
strong_oscillatory,260915,ar1,79,0.5,0.5123185047564254,0.5222579475179279,-0.6495936608193604,0.012318504756425375
strong_oscillatory,260915,quadratic_narrative_position,60,0.5,0.4334638563567441,0.4896506435074923,-0.7140631145968724,0.06653614364325589
strong_oscillatory,260915,quadratic_narrative_position,61,0.75,0.42722843956438306,0.12630470978981304,-2.069057959823633,0.32277156043561694
strong_oscillatory,260915,quadratic_narrative_position,62,0.75,0.42080965298797,0.11927537331292364,-2.1263203977343204,0.32919034701203
strong_oscillatory,260915,quadratic_narrative_position,63,0.5,0.4142074966275048,0.47066459871661276,-0.7536095432682991,0.08579250337249522
strong_oscillatory,260915,quadratic_narrative_position,64,0.25,0.40742197048298767,0.3719934361383261,-0.9888790696541077,0.15742197048298767
strong_oscillatory,260915,quadratic_narrative_position,65,0.5,0.40045307455441853,0.4547561336387659,-0.7879939737391529,0.09954692544558147
strong_oscillatory,260915,quadratic_narrative_position,66,0.5,0.3933008088417973,0.4457944249104284,-0.807897363917386,0.1066991911582027
strong_oscillatory,260915,quadratic_narrative_position,67,0.75,0.38596517334512415,0.08565401758143633,-2.457439148348459,0.36403482665487585
strong_oscillatory,260915,quadratic_narrative_position,68,0.25,0.37844616806439896,0.41605723083822893,-0.8769324540529686,0.12844616806439896
strong_oscillatory,260915,quadratic_narrative_position,69,0.25,0.3707437929996217,0.4269816270131734,-0.8510142947514401,0.12074379299962168
strong_oscillatory,260915,quadratic_narrative_position,70,0.5,0.3628580481507925,0.40327775699499624,-0.9081297311281185,0.13714195184920752
strong_oscillatory,260915,quadratic_narrative_position,71,1.0,0.3547889335179113,0.0016532258028664625,-6.4050268676173445,0.6452110664820887
strong_oscillatory,260915,quadratic_narrative_position,72,0.5,0.3465364491009779,0.37823557145477943,-0.9722380725672601,0.15346355089902208
strong_oscillatory,260915,quadratic_narrative_position,73,0.25,0.33810059489999267,0.468123944347276,-0.7590221797790948,0.08810059489999267
strong_oscillatory,260915,quadratic_narrative_position,74,0.25,0.32948137091495533,0.47733115392922143,-0.7395447859308163,0.07948137091495533
strong_oscillatory,260915,quadratic_narrative_position,75,0.75,0.320678777145866,0.04197530505806085,-3.1706738084318182,0.429321222854134
strong_oscillatory,260915,quadratic_narrative_position,76,0.75,0.3116928135927247,0.037688839449936194,-3.2783912641661335,0.4383071864072753
strong_oscillatory,260915,quadratic_narrative_position,77,0.25,0.30252348025553133,0.5007844912838509,-0.6915794275594473,0.05252348025553133
strong_oscillatory,260915,quadratic_narrative_position,78,0.25,0.293170777134286,0.5068600009250372,-0.6795204458202535,0.04317077713428602
strong_oscillatory,260915,quadratic_narrative_position,79,0.5,0.28363470422898873,0.2759997392300543,-1.2873553580840773,0.21636529577101127
strong_oscillatory,260916,rcwe,60,0.5,0.40777474302262573,0.7222022203748422,-0.325450095683741,0.09222525697737427
strong_oscillatory,260916,rcwe,61,0.5,0.6717813242017965,0.2000399125349511,-1.6092383696693267,0.17178132420179648
strong_oscillatory,260916,rcwe,62,0.5,0.6470464749307555,0.3458452218767499,-1.0617639396251681,0.1470464749307555
strong_oscillatory,260916,rcwe,63,0.5,0.3751462534054641,0.5010460178455935,-0.691057330128195,0.12485374659453591
strong_oscillatory,260916,rcwe,64,0.25,0.3000729303322027,0.9103117525361428,-0.09396815293560097,0.050072930332202725
strong_oscillatory,260916,rcwe,65,0.5,0.5242522899546199,0.9613921824241995,-0.039372855005098385,0.02425228995461992
strong_oscillatory,260916,rcwe,66,0.75,0.703178844457511,0.9191750595699029,-0.08427868557254174,0.046821155542489
strong_oscillatory,260916,rcwe,67,0.75,0.5506709332646857,0.0906124254798269,-2.4011639287604796,0.19932906673531425
strong_oscillatory,260916,rcwe,68,0.25,0.30063741301698904,0.908695130666118,-0.0957456308666489,0.05063741301698904
strong_oscillatory,260916,rcwe,69,0.25,0.3630858560240286,0.584836356632038,-0.5364232031355716,0.1130858560240286
strong_oscillatory,260916,rcwe,70,0.5,0.6355065768003096,0.42505013839657557,-0.8555481443181269,0.13550657680030964
strong_oscillatory,260916,rcwe,71,0.75,0.6770574876425282,0.8252770160662989,-0.1920361719578944,0.07294251235747184
strong_oscillatory,260916,rcwe,72,0.5,0.42840007297285154,0.8314036716780281,-0.1846398359139962,0.07159992702714846
strong_oscillatory,260916,rcwe,73,0.25,0.2872718184633342,0.9409617435523673,-0.06085279532163911,0.037271818463334216
strong_oscillatory,260916,rcwe,74,0.5,0.46703530273107485,0.9488409305280795,-0.05251411241105313,0.03296469726892515
strong_oscillatory,260916,rcwe,75,0.5,0.6960709655998976,0.10055629712976442,-2.297037537874486,0.19607096559989756
strong_oscillatory,260916,rcwe,76,0.75,0.6010200507311334,0.3331105148897146,-1.099280967514843,0.1489799492688666
strong_oscillatory,260916,rcwe,77,0.25,0.32805560272988626,0.8006504606063265,-0.22233080592333224,0.07805560272988626
strong_oscillatory,260916,rcwe,78,0.25,0.3276611271341987,0.8026227192048081,-0.21987051454172307,0.0776611271341987
strong_oscillatory,260916,rcwe,79,0.5,0.5872593501992688,0.751319285898383,-0.28592456990004433,0.08725935019926878
strong_oscillatory,260916,persistence,60,0.5,0.25,0.2419963216883049,-1.41883275257607,0.25
strong_oscillatory,260916,persistence,61,0.5,0.25,0.2419963216883049,-1.41883275257607,0.25
strong_oscillatory,260916,persistence,62,0.5,0.25,0.2419963216883049,-1.41883275257607,0.25
strong_oscillatory,260916,persistence,63,0.5,0.25,0.2419963216883049,-1.41883275257607,0.25
strong_oscillatory,260916,persistence,64,0.25,0.25,0.38927005981454865,-0.9434819350691086,0.0
strong_oscillatory,260916,persistence,65,0.5,0.25,0.2419963216883049,-1.41883275257607,0.25
strong_oscillatory,260916,persistence,66,0.75,0.25,0.05790724827609407,-2.848912716122701,0.5
strong_oscillatory,260916,persistence,67,0.75,0.25,0.05790724827609407,-2.848912716122701,0.5
strong_oscillatory,260916,persistence,68,0.25,0.25,0.38927005981454865,-0.9434819350691086,0.0
strong_oscillatory,260916,persistence,69,0.25,0.25,0.38927005981454865,-0.9434819350691086,0.0
strong_oscillatory,260916,persistence,70,0.5,0.25,0.2419963216883049,-1.41883275257607,0.25
strong_oscillatory,260916,persistence,71,0.75,0.25,0.05790724827609407,-2.848912716122701,0.5
strong_oscillatory,260916,persistence,72,0.5,0.25,0.2419963216883049,-1.41883275257607,0.25
strong_oscillatory,260916,persistence,73,0.25,0.25,0.38927005981454865,-0.9434819350691086,0.0
strong_oscillatory,260916,persistence,74,0.5,0.25,0.2419963216883049,-1.41883275257607,0.25
strong_oscillatory,260916,persistence,75,0.5,0.25,0.2419963216883049,-1.41883275257607,0.25
strong_oscillatory,260916,persistence,76,0.75,0.25,0.05790724827609407,-2.848912716122701,0.5
strong_oscillatory,260916,persistence,77,0.25,0.25,0.38927005981454865,-0.9434819350691086,0.0
strong_oscillatory,260916,persistence,78,0.25,0.25,0.38927005981454865,-0.9434819350691086,0.0
strong_oscillatory,260916,persistence,79,0.5,0.25,0.2419963216883049,-1.41883275257607,0.25
strong_oscillatory,260916,ar1,60,0.5,0.46791519626065614,0.5155008587342533,-0.6626163096986665,0.03208480373934386
strong_oscillatory,260916,ar1,61,0.5,0.4926523035467889,0.5223975429675677,-0.649326404385556,0.0073476964532110944
strong_oscillatory,260916,ar1,62,0.5,0.49546038892764366,0.5226351576139265,-0.6488716537345544,0.004539611072356342
strong_oscillatory,260916,ar1,63,0.5,0.4957791547160182,0.5226550406836407,-0.6488336105772591,0.004220845283981811
strong_oscillatory,260916,ar1,64,0.25,0.4958153400929055,0.22855344139517575,-1.475985216802211,0.2458153400929055
strong_oscillatory,260916,ar1,65,0.5,0.4958194477529752,0.5226574510090451,-0.6488289988933393,0.0041805522470247936
strong_oscillatory,260916,ar1,66,0.75,0.4958199140427502,0.21576874723797776,-1.533548059454197,0.2541800859572498
strong_oscillatory,260916,ar1,67,0.75,0.49581996697462644,0.21576882717295431,-1.5335476889883035,0.25418003302537356
strong_oscillatory,260916,ar1,68,0.25,0.495819972983301,0.2285462789215151,-1.4760165555816627,0.245819972983301
strong_oscillatory,260916,ar1,69,0.25,0.4958199736653885,0.2285462778670106,-1.4760165601956277,0.2458199736653885
strong_oscillatory,260916,ar1,70,0.5,0.4958199737428171,0.5226574823209025,-0.6488289389843946,0.0041800262571828894
strong_oscillatory,260916,ar1,71,0.75,0.4958199737516066,0.21576883740719938,-1.533547641556777,0.2541800262483934
strong_oscillatory,260916,ar1,72,0.5,0.49581997375260434,0.522657482321485,-0.6488289389832801,0.004180026247395663
strong_oscillatory,260916,ar1,73,0.25,0.4958199737527176,0.22854627773200004,-1.4760165607863638,0.24581997375271758
strong_oscillatory,260916,ar1,74,0.5,0.49581997375273046,0.5226574823214926,-0.6488289389832657,0.0041800262472695415
strong_oscillatory,260916,ar1,75,0.5,0.4958199737527319,0.5226574823214925,-0.6488289389832658,0.004180026247268098
strong_oscillatory,260916,ar1,76,0.75,0.49581997375273207,0.21576883740889916,-1.5335476415488993,0.25418002624726793
strong_oscillatory,260916,ar1,77,0.25,0.49581997375273207,0.22854627773197772,-1.4760165607864615,0.24581997375273207
strong_oscillatory,260916,ar1,78,0.25,0.49581997375273207,0.22854627773197772,-1.4760165607864615,0.24581997375273207
strong_oscillatory,260916,ar1,79,0.5,0.49581997375273207,0.5226574823214926,-0.6488289389832655,0.004180026247267932
strong_oscillatory,260916,quadratic_narrative_position,60,0.5,0.5267529734207608,0.5131088070720431,-0.6672673567456586,0.026752973420760773
strong_oscillatory,260916,quadratic_narrative_position,61,0.5,0.5299214032352213,0.5118771113053492,-0.6696706997330547,0.0299214032352213
strong_oscillatory,260916,quadratic_narrative_position,62,0.5,0.5331875557989305,0.5104668708097254,-0.6724295390567312,0.03318755579893051
strong_oscillatory,260916,quadratic_narrative_position,63,0.5,0.5365514311118883,0.5088665157508417,-0.6755695448583527,0.0365514311118883
strong_oscillatory,260916,quadratic_narrative_position,64,0.25,0.5400130291740947,0.16685594932650866,-1.7906244176837987,0.29001302917409466
strong_oscillatory,260916,quadratic_narrative_position,65,0.5,0.5435723499855496,0.5050491040498674,-0.6830996186915539,0.0435723499855496
strong_oscillatory,260916,quadratic_narrative_position,66,0.75,0.5472293935462531,0.2982748957593194,-1.2097397486987704,0.2027706064537469
strong_oscillatory,260916,quadratic_narrative_position,67,0.75,0.5509841598562052,0.30439730611238486,-1.1894215028616741,0.1990158401437948
strong_oscillatory,260916,quadratic_narrative_position,68,0.25,0.5548366489154059,0.14805164332803106,-1.9101941246783003,0.30483664891540585
strong_oscillatory,260916,quadratic_narrative_position,69,0.25,0.5587868607238551,0.14326099403075268,-1.9430871791716235,0.3087868607238551
strong_oscillatory,260916,quadratic_narrative_position,70,0.5,0.562834795281553,0.491377836721131,-0.7105419222297992,0.062834795281553
strong_oscillatory,260916,quadratic_narrative_position,71,0.75,0.5669804525884995,0.3304952591751651,-1.107162964195199,0.1830195474115005
strong_oscillatory,260916,quadratic_narrative_position,72,0.5,0.5712238326446946,0.48403254816787006,-0.7256031262458463,0.07122383264469456
strong_oscillatory,260916,quadratic_narrative_position,73,0.25,0.5755649354501381,0.12397956966013603,-2.0876384877570073,0.3255649354501381
strong_oscillatory,260916,quadratic_narrative_position,74,0.5,0.5800037610048303,0.47549995389040134,-0.7433884939674615,0.08000376100483031
strong_oscillatory,260916,quadratic_narrative_position,75,0.5,0.5845403093087711,0.47076840256430885,-0.7533890201976706,0.0845403093087711
strong_oscillatory,260916,quadratic_narrative_position,76,0.75,0.5891745803619606,0.36620935311663716,-1.0045501060612374,0.16082541963803942
strong_oscillatory,260916,quadratic_narrative_position,77,0.25,0.5939065741643985,0.1049100206136349,-2.254652242750011,0.3439065741643985
strong_oscillatory,260916,quadratic_narrative_position,78,0.25,0.598736290716085,0.10023913054240964,-2.3001966421908238,0.34873629071608503
strong_oscillatory,260916,quadratic_narrative_position,79,0.5,0.6036637300170202,0.44859973532595265,-0.8016242468963087,0.10366373001702023
strong_oscillatory,260917,rcwe,60,0.25,0.3515571997365355,0.6462240158163439,-0.43660906160213087,0.10155719973653549
strong_oscillatory,260917,rcwe,61,0.5,0.641364935624846,0.3965935648566864,-0.9248432888054726,0.14136493562484598
strong_oscillatory,260917,rcwe,62,0.75,0.7086370015299946,0.9059906456279848,-0.098726297906384,0.04136299847000535
strong_oscillatory,260917,rcwe,63,0.5,0.46883307680991004,0.9274126441378812,-0.07535667315407671,0.031166923190089957
strong_oscillatory,260917,rcwe,64,0.25,0.28432989169536926,0.9214590522709648,-0.08179693881076996,0.03432989169536926
strong_oscillatory,260917,rcwe,65,0.5,0.44525552916826766,0.8678011580615438,-0.14179267113900787,0.05474447083173234
strong_oscillatory,260917,rcwe,66,0.75,0.7104483656768527,0.9102723002746136,-0.09401149316092536,0.039551634323147344
strong_oscillatory,260917,rcwe,67,0.5,0.6485513561691821,0.35298165704766626,-1.0413391864367383,0.14855135616918214
strong_oscillatory,260917,rcwe,68,0.5,0.36090871777808725,0.4106951999833766,-0.8899039454914368,0.13909128222191275
strong_oscillatory,260917,rcwe,69,0.25,0.3078469233012372,0.8572733930412437,-0.15399839954103867,0.057846923301237196
strong_oscillatory,260917,rcwe,70,0.5,0.5629696755929169,0.8385037711364053,-0.17613620024967258,0.06296967559291688
strong_oscillatory,260917,rcwe,71,0.75,0.7262392919452714,0.9389844209838591,-0.06295639098301,0.02376070805472863
strong_oscillatory,260917,rcwe,72,0.5,0.5523415746328877,0.8755196867580214,-0.13293764120633506,0.05234157463288769
strong_oscillatory,260917,rcwe,73,0.25,0.29707548702668113,0.8911116744957835,-0.11528552323080754,0.04707548702668113
strong_oscillatory,260917,rcwe,74,0.25,0.3742376231297844,0.504839253577548,-0.6835152101255078,0.12423762312978442
strong_oscillatory,260917,rcwe,75,0.75,0.6661838921264779,0.744872233548679,-0.2945425739025198,0.08381610787352212
strong_oscillatory,260917,rcwe,76,0.75,0.6958083671620549,0.8696106075050587,-0.13970974510664227,0.05419163283794515
strong_oscillatory,260917,rcwe,77,0.5,0.4360345390423144,0.8346555046292474,-0.18073620856770378,0.06396546095768563
strong_oscillatory,260917,rcwe,78,0.25,0.2863222162165886,0.9173919294487488,-0.08622049405772961,0.0363222162165886
strong_oscillatory,260917,rcwe,79,0.5,0.47703290216225197,0.9400309718071105,-0.061842455529916344,0.02296709783774803
strong_oscillatory,260917,persistence,60,0.25,0.25,0.36522553264924884,-1.0072402185506346,0.0
strong_oscillatory,260917,persistence,61,0.5,0.25,0.24031624062513965,-1.4257995537330357,0.25
strong_oscillatory,260917,persistence,62,0.75,0.25,0.06829860321501288,-2.6838659633463875,0.5
strong_oscillatory,260917,persistence,63,0.5,0.25,0.24031624062513965,-1.4257995537330357,0.25
strong_oscillatory,260917,persistence,64,0.25,0.25,0.36522553264924884,-1.0072402185506346,0.0
strong_oscillatory,260917,persistence,65,0.5,0.25,0.24031624062513965,-1.4257995537330357,0.25
strong_oscillatory,260917,persistence,66,0.75,0.25,0.06829860321501288,-2.6838659633463875,0.5
strong_oscillatory,260917,persistence,67,0.5,0.25,0.24031624062513965,-1.4257995537330357,0.25
strong_oscillatory,260917,persistence,68,0.5,0.25,0.24031624062513965,-1.4257995537330357,0.25
strong_oscillatory,260917,persistence,69,0.25,0.25,0.36522553264924884,-1.0072402185506346,0.0
strong_oscillatory,260917,persistence,70,0.5,0.25,0.24031624062513965,-1.4257995537330357,0.25
strong_oscillatory,260917,persistence,71,0.75,0.25,0.06829860321501288,-2.6838659633463875,0.5
strong_oscillatory,260917,persistence,72,0.5,0.25,0.24031624062513965,-1.4257995537330357,0.25
strong_oscillatory,260917,persistence,73,0.25,0.25,0.36522553264924884,-1.0072402185506346,0.0
strong_oscillatory,260917,persistence,74,0.25,0.25,0.36522553264924884,-1.0072402185506346,0.0
strong_oscillatory,260917,persistence,75,0.75,0.25,0.06829860321501288,-2.6838659633463875,0.5
strong_oscillatory,260917,persistence,76,0.75,0.25,0.06829860321501288,-2.6838659633463875,0.5
strong_oscillatory,260917,persistence,77,0.5,0.25,0.24031624062513965,-1.4257995537330357,0.25
strong_oscillatory,260917,persistence,78,0.25,0.25,0.36522553264924884,-1.0072402185506346,0.0
strong_oscillatory,260917,persistence,79,0.5,0.25,0.24031624062513965,-1.4257995537330357,0.25
strong_oscillatory,260917,ar1,60,0.25,0.4771960241437772,0.2635609593183422,-1.3334705930951294,0.2271960241437772
strong_oscillatory,260917,ar1,61,0.5,0.504888257485661,0.48826836845319743,-0.7168900889331085,0.004888257485661018
strong_oscillatory,260917,ar1,62,0.75,0.5082635797007015,0.2428768363701857,-1.4152008103447764,0.24173642029929854
strong_oscillatory,260917,ar1,63,0.5,0.5086749874739457,0.48796959560391445,-0.7175021791603096,0.008674987473945683
strong_oscillatory,260917,ar1,64,0.25,0.5087251327178965,0.21932730107770587,-1.5171901393883669,0.25872513271789654
strong_oscillatory,260917,ar1,65,0.5,0.5087312447693803,0.48796390101185344,-0.717513849201518,0.008731244769380253
strong_oscillatory,260917,ar1,66,0.75,0.5087319897487721,0.243536603162949,-1.4124880267588245,0.2412680102512279
strong_oscillatory,260917,ar1,67,0.5,0.5087320805520474,0.4879638161335379,-0.7175140231453747,0.008732080552047439
strong_oscillatory,260917,ar1,68,0.5,0.508732091619783,0.4879638150094944,-0.7175140254489134,0.008732091619782945
strong_oscillatory,260917,ar1,69,0.25,0.5087320929687956,0.21931782156281496,-1.51723336118386,0.2587320929687956
strong_oscillatory,260917,ar1,70,0.5,0.5087320931332227,0.4879638148557887,-0.7175140257639074,0.008732093133222651
strong_oscillatory,260917,ar1,71,0.75,0.5087320931532642,0.2435367488652511,-1.4124874284821933,0.24126790684673582
strong_oscillatory,260917,ar1,72,0.5,0.508732093155707,0.48796381485350504,-0.7175140257685874,0.008732093155707
strong_oscillatory,260917,ar1,73,0.25,0.5087320931560046,0.21931782130784755,-1.5172333623464076,0.25873209315600465
strong_oscillatory,260917,ar1,74,0.25,0.508732093156041,0.21931782130779812,-1.517233362346633,0.25873209315604095
strong_oscillatory,260917,ar1,75,0.75,0.5087320931560454,0.24353674886917007,-1.4124874284661013,0.2412679068439546
strong_oscillatory,260917,ar1,76,0.75,0.508732093156046,0.2435367488691709,-1.412487428466098,0.24126790684395405
strong_oscillatory,260917,ar1,77,0.5,0.5087320931560461,0.48796381485347057,-0.7175140257686581,0.008732093156046061
strong_oscillatory,260917,ar1,78,0.25,0.5087320931560461,0.21931782130779123,-1.5172333623466643,0.25873209315604606
strong_oscillatory,260917,ar1,79,0.5,0.5087320931560461,0.48796381485347057,-0.7175140257686581,0.008732093156046061
strong_oscillatory,260917,quadratic_narrative_position,60,0.25,0.5003577792041436,0.23204199907236542,-1.4608368932155342,0.2503577792041436
strong_oscillatory,260917,quadratic_narrative_position,61,0.5,0.5009592225465094,0.48307715578108396,-0.7275788952691105,0.0009592225465093751
strong_oscillatory,260917,quadratic_narrative_position,62,0.75,0.5015961344759693,0.23471047976761236,-1.4494025253639777,0.2484038655240307
strong_oscillatory,260917,quadratic_narrative_position,63,0.5,0.5022685149925233,0.4830533471952683,-0.7276281817490365,0.0022685149925233405
strong_oscillatory,260917,quadratic_narrative_position,64,0.25,0.5029763640961715,0.22848081315651586,-1.4763030408539004,0.2529763640961715
strong_oscillatory,260917,quadratic_narrative_position,65,0.5,0.5037196817869138,0.48300439415147867,-0.7277295277488385,0.003719681786913842
strong_oscillatory,260917,quadratic_narrative_position,66,0.75,0.5044984680647503,0.23869106118603858,-1.4325851942395122,0.2455015319352497
strong_oscillatory,260917,quadratic_narrative_position,67,0.5,0.5053127229296809,0.4829233468131864,-0.7278973401742307,0.00531272292968088
strong_oscillatory,260917,quadratic_narrative_position,68,0.5,0.5061624463817055,0.4828684326348859,-0.7280110586372126,0.006162446381705489
strong_oscillatory,260917,quadratic_narrative_position,69,0.25,0.5070476384208243,0.2229801408554609,-1.5006725659474187,0.25704763842082434
strong_oscillatory,260917,quadratic_narrative_position,70,0.5,0.5079682990470373,0.48272474921926223,-0.7283086651642352,0.00796829904703733
strong_oscillatory,260917,quadratic_narrative_position,71,0.75,0.5089244282603443,0.24479748427418654,-1.407324005054506,0.24107557173965566
strong_oscillatory,260917,quadratic_narrative_position,72,0.5,0.5099160260607455,0.48252868045437775,-0.7287149186134405,0.009916026060745486
strong_oscillatory,260917,quadratic_narrative_position,73,0.25,0.5109430924482408,0.21776075125608516,-1.5243582901580164,0.26094309244824077
strong_oscillatory,260917,quadratic_narrative_position,74,0.25,0.5120056274228302,0.21634488159272575,-1.530881470586357,0.2620056274228302
strong_oscillatory,260917,quadratic_narrative_position,75,0.75,0.5131036309845137,0.25059993508989037,-1.383897495538996,0.23689636901548627
strong_oscillatory,260917,quadratic_narrative_position,76,0.75,0.5142371031332914,0.25217923969529066,-1.377615175670261,0.2357628968667086
strong_oscillatory,260917,quadratic_narrative_position,77,0.5,0.5154060438691632,0.4817469727694253,-0.730336255528006,0.015406043869163222
strong_oscillatory,260917,quadratic_narrative_position,78,0.25,0.5166104531921291,0.2102491715453867,-1.5594619204679405,0.26661045319212906
strong_oscillatory,260917,quadratic_narrative_position,79,0.5,0.5178503311021891,0.4812904677664397,-0.7312843080500843,0.017850331102189143
strong_oscillatory,260918,rcwe,60,0.5,0.3821827663323767,0.537088799273828,-0.6215918363678078,0.11781723366762331
strong_oscillatory,260918,rcwe,61,0.75,0.6713118370879138,0.7258953620829677,-0.3203494039072792,0.07868816291208625
strong_oscillatory,260918,rcwe,62,0.75,0.687752887575003,0.7895084336615111,-0.23634476306165741,0.06224711242499703
strong_oscillatory,260918,rcwe,63,0.5,0.42209175012307565,0.7291792475051911,-0.3158356958459159,0.07790824987692435
strong_oscillatory,260918,rcwe,64,0.25,0.2888784189310864,0.856895335297395,-0.1544394970173004,0.0388784189310864
strong_oscillatory,260918,rcwe,65,0.5,0.4912644129330969,0.8987809486184435,-0.10671593535929216,0.008735587066903083
strong_oscillatory,260918,rcwe,66,0.75,0.7204868803822092,0.8755134174145939,-0.13294480194294536,0.029513119617790795
strong_oscillatory,260918,rcwe,67,0.75,0.6094159997847834,0.4182891226304477,-0.8715824046243046,0.14058400021521655
strong_oscillatory,260918,rcwe,68,0.25,0.3265303273704937,0.7349203128466782,-0.30799320354262105,0.0765303273704937
strong_oscillatory,260918,rcwe,69,0.25,0.3324990099633,0.7095028527210797,-0.3431907616415962,0.08249900996330001
strong_oscillatory,260918,rcwe,70,0.75,0.6118000924060337,0.43058917707728783,-0.8426008288840363,0.13819990759396628
strong_oscillatory,260918,rcwe,71,0.5,0.7151423312361094,0.11706651737123956,-2.1450129811927217,0.21514233123610937
strong_oscillatory,260918,rcwe,72,0.5,0.49740502322346647,0.9008258056584012,-0.10444337451769847,0.0025949767765335308
strong_oscillatory,260918,rcwe,73,0.25,0.2861957490250636,0.8627354381649025,-0.14764719554124725,0.03619574902506362
strong_oscillatory,260918,rcwe,74,0.25,0.41952073435890175,0.2783444386260975,-1.2788959443399053,0.16952073435890175
strong_oscillatory,260918,rcwe,75,0.75,0.6966763823117991,0.8186393036793754,-0.20011170278621393,0.05332361768820093
strong_oscillatory,260918,rcwe,76,0.75,0.663065404981205,0.6897348640166725,-0.37144801028402125,0.08693459501879497
strong_oscillatory,260918,rcwe,77,0.5,0.38078689082139366,0.5298077564171372,-0.6352410619773883,0.11921310917860634
strong_oscillatory,260918,rcwe,78,0.25,0.29982160697348864,0.8289481186890657,-0.18759770880998589,0.04982160697348864
strong_oscillatory,260918,rcwe,79,0.5,0.537634676745087,0.8596531559827199,-0.15122627808156133,0.037634676745087026
strong_oscillatory,260918,persistence,60,0.5,0.25,0.23949030583665398,-1.4292423396240483,0.25
strong_oscillatory,260918,persistence,61,0.75,0.25,0.07136176405755976,-2.639993070478378,0.5
strong_oscillatory,260918,persistence,62,0.75,0.25,0.07136176405755976,-2.639993070478378,0.5
strong_oscillatory,260918,persistence,63,0.5,0.25,0.23949030583665398,-1.4292423396240483,0.25
strong_oscillatory,260918,persistence,64,0.25,0.25,0.35831617168291835,-1.026339521213291,0.0
strong_oscillatory,260918,persistence,65,0.5,0.25,0.23949030583665398,-1.4292423396240483,0.25
strong_oscillatory,260918,persistence,66,0.75,0.25,0.07136176405755976,-2.639993070478378,0.5
strong_oscillatory,260918,persistence,67,0.75,0.25,0.07136176405755976,-2.639993070478378,0.5
strong_oscillatory,260918,persistence,68,0.25,0.25,0.35831617168291835,-1.026339521213291,0.0
strong_oscillatory,260918,persistence,69,0.25,0.25,0.35831617168291835,-1.026339521213291,0.0
strong_oscillatory,260918,persistence,70,0.75,0.25,0.07136176405755976,-2.639993070478378,0.5
strong_oscillatory,260918,persistence,71,0.5,0.25,0.23949030583665398,-1.4292423396240483,0.25
strong_oscillatory,260918,persistence,72,0.5,0.25,0.23949030583665398,-1.4292423396240483,0.25
strong_oscillatory,260918,persistence,73,0.25,0.25,0.35831617168291835,-1.026339521213291,0.0
strong_oscillatory,260918,persistence,74,0.25,0.25,0.35831617168291835,-1.026339521213291,0.0
strong_oscillatory,260918,persistence,75,0.75,0.25,0.07136176405755976,-2.639993070478378,0.5
strong_oscillatory,260918,persistence,76,0.75,0.25,0.07136176405755976,-2.639993070478378,0.5
strong_oscillatory,260918,persistence,77,0.5,0.25,0.23949030583665398,-1.4292423396240483,0.25
strong_oscillatory,260918,persistence,78,0.25,0.25,0.35831617168291835,-1.026339521213291,0.0
strong_oscillatory,260918,persistence,79,0.5,0.25,0.23949030583665398,-1.4292423396240483,0.25
strong_oscillatory,260918,ar1,60,0.5,0.47161486952243503,0.46835234958184063,-0.7585343826173849,0.028385130477564968
strong_oscillatory,260918,ar1,61,0.75,0.5066669445653382,0.2435461563276733,-1.4124488007154494,0.24333305543466177
strong_oscillatory,260918,ar1,62,0.75,0.5122110128287222,0.2509464950475791,-1.3825155297148166,0.23778898717127783
strong_oscillatory,260918,ar1,63,0.5,0.5130878993717141,0.47168248056217016,-0.7514492304413023,0.013087899371714062
strong_oscillatory,260918,ar1,64,0.25,0.5132265935530895,0.2174920121005007,-1.5255931551025228,0.2632265935530895
strong_oscillatory,260918,ar1,65,0.5,0.5132485303430896,0.471660197025709,-0.7514964742202487,0.013248530343089593
strong_oscillatory,260918,ar1,66,0.75,0.5132520000110362,0.25234130851493053,-1.376972708972762,0.2367479999889638
strong_oscillatory,260918,ar1,67,0.75,0.5132525487966908,0.2523420442379051,-1.376969793390266,0.2367474512033092
strong_oscillatory,260918,ar1,68,0.25,0.5132526355962633,0.21745852101323945,-1.5257471546255843,0.26325263559626333
strong_oscillatory,260918,ar1,69,0.25,0.5132526493250584,0.21745850335794847,-1.5257472358148227,0.26325264932505843
strong_oscillatory,260918,ar1,70,0.75,0.5132526514964956,0.2523421819212267,-1.3769692477686104,0.23674734850350443
strong_oscillatory,260918,ar1,71,0.5,0.5132526518399444,0.4716596217080418,-0.7514976939924951,0.013252651839944396
strong_oscillatory,260918,ar1,72,0.5,0.5132526518942666,0.47165962170045783,-0.7514976940085745,0.01325265189426661
strong_oscillatory,260918,ar1,73,0.25,0.5132526519028585,0.2174585000428862,-1.525747251059397,0.2632526519028585
strong_oscillatory,260918,ar1,74,0.25,0.5132526519042175,0.21745850004113848,-1.525747251067434,0.26325265190421754
strong_oscillatory,260918,ar1,75,0.75,0.5132526519044325,0.2523421824681227,-1.3769692456013312,0.23674734809556752
strong_oscillatory,260918,ar1,76,0.75,0.5132526519044665,0.25234218246816825,-1.3769692456011504,0.23674734809553355
strong_oscillatory,260918,ar1,77,0.5,0.5132526519044718,0.4716596216990331,-0.7514976940115952,0.01325265190447178
strong_oscillatory,260918,ar1,78,0.25,0.5132526519044727,0.21745850004081035,-1.525747251068943,0.26325265190447267
strong_oscillatory,260918,ar1,79,0.5,0.5132526519044728,0.47165962169903297,-0.7514976940115954,0.013252651904472779
strong_oscillatory,260918,quadratic_narrative_position,60,0.5,0.5889500813688339,0.4295851624076949,-0.8449352745410728,0.08895008136883387
strong_oscillatory,260918,quadratic_narrative_position,61,0.75,0.5955395368971432,0.36049436810630037,-1.0202789448304816,0.15446046310285677
strong_oscillatory,260918,quadratic_narrative_position,62,0.75,0.6023205791693865,0.3687128714972456,-0.9977370638625274,0.14767942083061347
strong_oscillatory,260918,quadratic_narrative_position,63,0.5,0.6092932081855638,0.4109597771099838,-0.8892599351875314,0.10929320818556376
strong_oscillatory,260918,quadratic_narrative_position,64,0.25,0.6164574239456749,0.1064069167935943,-2.240484696728893,0.36645742394567493
strong_oscillatory,260918,quadratic_narrative_position,65,0.5,0.6238132264497201,0.3959481841515983,-0.9264719243910406,0.12381322644972015
strong_oscillatory,260918,quadratic_narrative_position,66,0.75,0.6313606156976993,0.4014470878983861,-0.9126795403361895,0.1186393843023007
strong_oscillatory,260918,quadratic_narrative_position,67,0.75,0.6390995916896125,0.4093641291833776,-0.8931502276117605,0.1109004083103875
strong_oscillatory,260918,quadratic_narrative_position,68,0.25,0.6470301544254595,0.08211709754207559,-2.4996090315612873,0.3970301544254595
strong_oscillatory,260918,quadratic_narrative_position,69,0.25,0.6551523039052406,0.07638194531394361,-2.5720089286174517,0.4051523039052406
strong_oscillatory,260918,quadratic_narrative_position,70,0.75,0.6634660401289557,0.4315913298012553,-0.8402761343049033,0.08653395987104429
strong_oscillatory,260918,quadratic_narrative_position,71,0.5,0.6719713630966049,0.33851419424375495,-1.0831892547356825,0.17197136309660488
strong_oscillatory,260918,quadratic_narrative_position,72,0.5,0.6806682728081879,0.3272750193697192,-1.116954423731134,0.18066827280818787
strong_oscillatory,260918,quadratic_narrative_position,73,0.25,0.6895567692637049,0.05528203189543354,-2.8953073437685286,0.4395567692637049
strong_oscillatory,260918,quadratic_narrative_position,74,0.25,0.6986368524631559,0.050533027599355115,-2.9851281446049653,0.4486368524631559
strong_oscillatory,260918,quadratic_narrative_position,75,0.75,0.7079085224065408,0.4595647112975528,-0.7774755172922916,0.042091477593459214
strong_oscillatory,260918,quadratic_narrative_position,76,0.75,0.7173717790938597,0.4631475921929004,-0.769709502058649,0.03262822090614026
strong_oscillatory,260918,quadratic_narrative_position,77,0.5,0.7270266225251126,0.2657454163333528,-1.3252165099488935,0.22702662252511263
strong_oscillatory,260918,quadratic_narrative_position,78,0.25,0.7368730527002996,0.03391040756647536,-3.384033303852372,0.48687305270029957
strong_oscillatory,260918,quadratic_narrative_position,79,0.5,0.7469110696194203,0.23950669087867527,-1.4291739256584493,0.24691106961942033
strong_oscillatory,260919,rcwe,60,0.5,0.3704209993711836,0.47398656354076485,-0.746576304649255,0.1295790006288164
strong_oscillatory,260919,rcwe,61,0.5,0.6355263624126497,0.44062270157099176,-0.8195663217219935,0.1355263624126497
strong_oscillatory,260919,rcwe,62,0.75,0.6841522055394919,0.7955235369387754,-0.22875484403825966,0.06584779446050815
strong_oscillatory,260919,rcwe,63,0.5,0.4533994092180623,0.859081550969544,-0.15189142440337333,0.04660059078193768
strong_oscillatory,260919,rcwe,64,0.25,0.30006929878029925,0.8491744325249738,-0.16349065732534296,0.050069298780299254
strong_oscillatory,260919,rcwe,65,0.5,0.4628575434379595,0.8825278317880372,-0.12496495323511038,0.037142456562040516
strong_oscillatory,260919,rcwe,66,0.5,0.6949764094835509,0.16078568645232966,-1.8276829407992456,0.19497640948355088
strong_oscillatory,260919,rcwe,67,0.75,0.620989527097825,0.4771885045182517,-0.7398436784905856,0.12901047290217504
strong_oscillatory,260919,rcwe,68,0.5,0.3571587446764348,0.4001670361292532,-0.9158732287175954,0.14284125532356517
strong_oscillatory,260919,rcwe,69,0.25,0.32928752282475654,0.7394493246261935,-0.30184952571592055,0.07928752282475654
strong_oscillatory,260919,rcwe,70,0.5,0.57279665171881,0.7676467952466344,-0.2644255536444473,0.07279665171881
strong_oscillatory,260919,rcwe,71,0.75,0.703300381157587,0.8588083792518587,-0.15220945609467326,0.046699618842413027
strong_oscillatory,260919,rcwe,72,0.5,0.524529181289075,0.9055741576313059,-0.09918610812489528,0.024529181289074997
strong_oscillatory,260919,rcwe,73,0.25,0.30587473410669336,0.8310489112015018,-0.1850666276138795,0.05587473410669336
strong_oscillatory,260919,rcwe,74,0.25,0.3995615735334052,0.36390102803149316,-1.01087334932956,0.1495615735334052
strong_oscillatory,260919,rcwe,75,0.75,0.6624370068343164,0.700745443135709,-0.3556105917971856,0.08756299316568361
strong_oscillatory,260919,rcwe,76,0.75,0.6662350636109792,0.718870541745475,-0.33007399067779536,0.08376493638902083
strong_oscillatory,260919,rcwe,77,0.5,0.41581983623181284,0.7169180309846868,-0.3327937671148867,0.08418016376818716
strong_oscillatory,260919,rcwe,78,0.25,0.3053474767034372,0.8327740594981894,-0.18299291070374019,0.055347476703437204
strong_oscillatory,260919,rcwe,79,0.5,0.5013556493973119,0.9233244188121197,-0.07977462323158549,0.00135564939731192
strong_oscillatory,260919,persistence,60,0.5,0.25,0.2417389360644067,-1.419896911717098,0.25
strong_oscillatory,260919,persistence,61,0.5,0.25,0.2417389360644067,-1.419896911717098,0.25
strong_oscillatory,260919,persistence,62,0.75,0.25,0.06052627804168008,-2.804677660450675,0.5
strong_oscillatory,260919,persistence,63,0.5,0.25,0.2417389360644067,-1.419896911717098,0.25
strong_oscillatory,260919,persistence,64,0.25,0.25,0.38309169864526554,-0.9594808964080745,0.0
strong_oscillatory,260919,persistence,65,0.5,0.25,0.2417389360644067,-1.419896911717098,0.25
strong_oscillatory,260919,persistence,66,0.5,0.25,0.2417389360644067,-1.419896911717098,0.25
strong_oscillatory,260919,persistence,67,0.75,0.25,0.06052627804168008,-2.804677660450675,0.5
strong_oscillatory,260919,persistence,68,0.5,0.25,0.2417389360644067,-1.419896911717098,0.25
strong_oscillatory,260919,persistence,69,0.25,0.25,0.38309169864526554,-0.9594808964080745,0.0
strong_oscillatory,260919,persistence,70,0.5,0.25,0.2417389360644067,-1.419896911717098,0.25
strong_oscillatory,260919,persistence,71,0.75,0.25,0.06052627804168008,-2.804677660450675,0.5
strong_oscillatory,260919,persistence,72,0.5,0.25,0.2417389360644067,-1.419896911717098,0.25
strong_oscillatory,260919,persistence,73,0.25,0.25,0.38309169864526554,-0.9594808964080745,0.0
strong_oscillatory,260919,persistence,74,0.25,0.25,0.38309169864526554,-0.9594808964080745,0.0
strong_oscillatory,260919,persistence,75,0.75,0.25,0.06052627804168008,-2.804677660450675,0.5
strong_oscillatory,260919,persistence,76,0.75,0.25,0.06052627804168008,-2.804677660450675,0.5
strong_oscillatory,260919,persistence,77,0.5,0.25,0.2417389360644067,-1.419896911717098,0.25
strong_oscillatory,260919,persistence,78,0.25,0.25,0.38309169864526554,-0.9594808964080745,0.0
strong_oscillatory,260919,persistence,79,0.5,0.25,0.2417389360644067,-1.419896911717098,0.25
strong_oscillatory,260919,ar1,60,0.5,0.48260717686944127,0.5191468019147844,-0.655568580485137,0.017392823130558732
strong_oscillatory,260919,ar1,61,0.5,0.5023693018384258,0.5212390117668942,-0.6515465866344522,0.0023693018384257636
strong_oscillatory,260919,ar1,62,0.75,0.5040482766170455,0.2287691485937415,-1.4750418686305513,0.24595172338295446
strong_oscillatory,260919,ar1,63,0.5,0.50419092100937,0.5211546388380419,-0.6517084696792839,0.004190921009370019
strong_oscillatory,260919,ar1,64,0.25,0.5042030399660815,0.21620857109447433,-1.5315117302775778,0.2542030399660815
strong_oscillatory,260919,ar1,65,0.5,0.5042040695832251,0.5211538595629595,-0.6517099649661087,0.004204069583225056
strong_oscillatory,260919,ar1,66,0.5,0.5042041570586974,0.5211538543703901,-0.6517099749297102,0.0042041570586973664
strong_oscillatory,260919,ar1,67,0.75,0.5042041644905455,0.2290091611834355,-1.4739932710602421,0.2457958355094545
strong_oscillatory,260919,ar1,68,0.5,0.5042041651219495,0.5211538538917477,-0.6517099758481383,0.0042041651219495435
strong_oscillatory,260919,ar1,69,0.25,0.5042041651755932,0.2162068781715578,-1.531519560353582,0.2542041651755932
strong_oscillatory,260919,ar1,70,0.5,0.5042041651801507,0.5211538538882928,-0.6517099758547675,0.004204165180150654
strong_oscillatory,260919,ar1,71,0.75,0.5042041651805379,0.22900916224599574,-1.4739932664204267,0.2457958348194621
strong_oscillatory,260919,ar1,72,0.5,0.5042041651805708,0.5211538538882678,-0.6517099758548155,0.0042041651805707625
strong_oscillatory,260919,ar1,73,0.25,0.5042041651805735,0.21620687816406461,-1.5315195603882394,0.25420416518057354
strong_oscillatory,260919,ar1,74,0.25,0.5042041651805738,0.21620687816406428,-1.531519560388241,0.25420416518057376
strong_oscillatory,260919,ar1,75,0.75,0.5042041651805738,0.22900916224605086,-1.473993266420186,0.24579583481942624
strong_oscillatory,260919,ar1,76,0.75,0.5042041651805738,0.22900916224605086,-1.473993266420186,0.24579583481942624
strong_oscillatory,260919,ar1,77,0.5,0.5042041651805738,0.5211538538882677,-0.6517099758548157,0.00420416518057376
strong_oscillatory,260919,ar1,78,0.25,0.5042041651805738,0.21620687816406428,-1.531519560388241,0.25420416518057376
strong_oscillatory,260919,ar1,79,0.5,0.5042041651805738,0.5211538538882677,-0.6517099758548157,0.00420416518057376
strong_oscillatory,260919,quadratic_narrative_position,60,0.5,0.5032460535141093,0.5174976595572195,-0.6587502764475848,0.003246053514109337
strong_oscillatory,260919,quadratic_narrative_position,61,0.5,0.5047233655924055,0.5174162798769342,-0.6589075449456738,0.004723365592405493
strong_oscillatory,260919,quadratic_narrative_position,62,0.75,0.5062669560970261,0.23319357573543087,-1.4558863731895886,0.2437330439029739
strong_oscillatory,260919,quadratic_narrative_position,63,0.5,0.5078768250279709,0.517141722011089,-0.6594383182262242,0.007876825027970935
strong_oscillatory,260919,quadratic_narrative_position,64,0.25,0.5095529723852402,0.2094482134951208,-1.5632787611307415,0.2595529723852402
strong_oscillatory,260919,quadratic_narrative_position,65,0.5,0.5112953981688337,0.5166891524676074,-0.6603138377789151,0.011295398168833737
strong_oscillatory,260919,quadratic_narrative_position,66,0.5,0.5131041023787516,0.5163846419569181,-0.6609033610465689,0.013104102378751592
strong_oscillatory,260919,quadratic_narrative_position,67,0.75,0.5149790850149938,0.24667691674128595,-1.399675827958825,0.2350209149850062
strong_oscillatory,260919,quadratic_narrative_position,68,0.5,0.5169203460775604,0.5155948543182928,-0.6624339879547003,0.016920346077560433
strong_oscillatory,260919,quadratic_narrative_position,69,0.25,0.5189278855664513,0.19589709238740644,-1.6301657964725387,0.2689278855664513
strong_oscillatory,260919,quadratic_narrative_position,70,0.5,0.5210017034816665,0.5145299169796635,-0.6645015777218406,0.021001703481666523
strong_oscillatory,260919,quadratic_narrative_position,71,0.75,0.5231417998232061,0.25952678310721056,-1.3488953712696132,0.22685820017679392
strong_oscillatory,260919,quadratic_narrative_position,72,0.5,0.5253481745910701,0.5131470112928802,-0.667192903144186,0.025348174591070083
strong_oscillatory,260919,quadratic_narrative_position,73,0.25,0.5276208277852583,0.1837185358951599,-1.6943503887748927,0.2776208277852583
strong_oscillatory,260919,quadratic_narrative_position,74,0.25,0.5299597594057709,0.18050879009583523,-1.7119758038030544,0.2799597594057709
strong_oscillatory,260919,quadratic_narrative_position,75,0.75,0.5323649694526078,0.2742516721017659,-1.2937090828471494,0.2176350305473922
strong_oscillatory,260919,quadratic_narrative_position,76,0.75,0.5348364579257691,0.278227657080888,-1.2793155900527395,0.21516354207423094
strong_oscillatory,260919,quadratic_narrative_position,77,0.5,0.5373742248252547,0.5080016449021737,-0.6772705934124925,0.037374224825254654
strong_oscillatory,260919,quadratic_narrative_position,78,0.25,0.5399782701510646,0.16709685117181863,-1.7891816875330928,0.2899782701510646
strong_oscillatory,260919,quadratic_narrative_position,79,0.5,0.542648593903199,0.5051448228002263,-0.6829101129974466,0.04264859390319897
strong_oscillatory,260920,rcwe,60,0.5,0.3484746141449878,0.35061930094752974,-1.0480542568193636,0.15152538585501218
strong_oscillatory,260920,rcwe,61,0.75,0.6470910695500539,0.6248132290593084,-0.4703025074104714,0.10290893044994609
strong_oscillatory,260920,rcwe,62,0.75,0.7001918299946154,0.855806306208453,-0.15571120623894086,0.04980817000538462
strong_oscillatory,260920,rcwe,63,0.5,0.43709875203233445,0.8121042008162924,-0.20812662092511347,0.06290124796766555
strong_oscillatory,260920,rcwe,64,0.25,0.2696985836038457,0.9178783647000852,-0.08569039746729495,0.019698583603845687
strong_oscillatory,260920,rcwe,65,0.25,0.45150769645179656,0.13429315640256514,-2.007730134289931,0.20150769645179656
strong_oscillatory,260920,rcwe,66,0.75,0.7133937930817913,0.8896863487765969,-0.11688629547440042,0.036606206918208706
strong_oscillatory,260920,rcwe,67,0.5,0.6291348524987502,0.47604209038895323,-0.7422490034731168,0.12913485249875023
strong_oscillatory,260920,rcwe,68,0.5,0.3279000947034987,0.24790324177667847,-1.3947167630733748,0.17209990529650132
strong_oscillatory,260920,rcwe,69,0.25,0.3034124462026871,0.8447640787826272,-0.16869788731456992,0.05341244620268709
strong_oscillatory,260920,rcwe,70,0.75,0.576484128142106,0.24147185344146144,-1.4210023615785001,0.17351587185789397
strong_oscillatory,260920,rcwe,71,0.75,0.7215711625119557,0.9054526637558774,-0.09932027938528293,0.028428837488044256
strong_oscillatory,260920,rcwe,72,0.5,0.5185258900876093,0.9192019347842147,-0.08424944759317579,0.018525890087609298
strong_oscillatory,260920,rcwe,73,0.25,0.2740373967743298,0.9122705587623302,-0.09181866759468474,0.02403739677432981
strong_oscillatory,260920,rcwe,74,0.25,0.3815976831672756,0.46189353258371046,-0.772420863410846,0.1315976831672756
strong_oscillatory,260920,rcwe,75,0.5,0.6780859330190475,0.221346294028761,-1.5080268625293682,0.17808593301904752
strong_oscillatory,260920,rcwe,76,0.75,0.6795816408772359,0.7826626225556689,-0.24505355380802538,0.07041835912276406
strong_oscillatory,260920,rcwe,77,0.5,0.3928137945319716,0.6012455985642259,-0.5087517780642609,0.10718620546802837
strong_oscillatory,260920,rcwe,78,0.25,0.2764660129518223,0.908642236652846,-0.09580384131699016,0.026466012951822326
strong_oscillatory,260920,rcwe,79,0.5,0.4960723390467247,0.9288659036978115,-0.07379089536869751,0.0039276609532752915
strong_oscillatory,260920,persistence,60,0.5,0.25,0.23806279791884458,-1.4352207833128783,0.25
strong_oscillatory,260920,persistence,61,0.75,0.25,0.07569971144850153,-2.580980930322729,0.5
strong_oscillatory,260920,persistence,62,0.75,0.25,0.07569971144850153,-2.580980930322729,0.5
strong_oscillatory,260920,persistence,63,0.5,0.25,0.23806279791884458,-1.4352207833128783,0.25
strong_oscillatory,260920,persistence,64,0.25,0.25,0.3485951404338095,-1.0538440862291556,0.0
strong_oscillatory,260920,persistence,65,0.25,0.25,0.3485951404338095,-1.0538440862291556,0.0
strong_oscillatory,260920,persistence,66,0.75,0.25,0.07569971144850153,-2.580980930322729,0.5
strong_oscillatory,260920,persistence,67,0.5,0.25,0.23806279791884458,-1.4352207833128783,0.25
strong_oscillatory,260920,persistence,68,0.5,0.25,0.23806279791884458,-1.4352207833128783,0.25
strong_oscillatory,260920,persistence,69,0.25,0.25,0.3485951404338095,-1.0538440862291556,0.0
strong_oscillatory,260920,persistence,70,0.75,0.25,0.07569971144850153,-2.580980930322729,0.5
strong_oscillatory,260920,persistence,71,0.75,0.25,0.07569971144850153,-2.580980930322729,0.5
strong_oscillatory,260920,persistence,72,0.5,0.25,0.23806279791884458,-1.4352207833128783,0.25
strong_oscillatory,260920,persistence,73,0.25,0.25,0.3485951404338095,-1.0538440862291556,0.0
strong_oscillatory,260920,persistence,74,0.25,0.25,0.3485951404338095,-1.0538440862291556,0.0
strong_oscillatory,260920,persistence,75,0.5,0.25,0.23806279791884458,-1.4352207833128783,0.25
strong_oscillatory,260920,persistence,76,0.75,0.25,0.07569971144850153,-2.580980930322729,0.5
strong_oscillatory,260920,persistence,77,0.5,0.25,0.23806279791884458,-1.4352207833128783,0.25
strong_oscillatory,260920,persistence,78,0.25,0.25,0.3485951404338095,-1.0538440862291556,0.0
strong_oscillatory,260920,persistence,79,0.5,0.25,0.23806279791884458,-1.4352207833128783,0.25
strong_oscillatory,260920,ar1,60,0.5,0.4751189196542123,0.46573492819388285,-0.7641386303162985,0.024881080345787676
strong_oscillatory,260920,ar1,61,0.75,0.5008780210132874,0.23656649009366051,-1.4415259685180923,0.24912197898671262
strong_oscillatory,260920,ar1,62,0.75,0.5038254911941425,0.24041385191140735,-1.4253934577173104,0.24617450880585745
strong_oscillatory,260920,ar1,63,0.5,0.504162753754118,0.4688270574698009,-0.7575213259390431,0.004162753754118009
strong_oscillatory,260920,ar1,64,0.25,0.5042013448262517,0.22997563598395465,-1.4697819061745188,0.2542013448262517
strong_oscillatory,260920,ar1,65,0.25,0.50420576058722,0.22996992923647547,-1.4698067210565875,0.25420576058722
strong_oscillatory,260920,ar1,66,0.75,0.5042062658580988,0.24091201825310887,-1.4233234816347455,0.2457937341419012
strong_oscillatory,260920,ar1,67,0.5,0.504206323673425,0.46882517755731395,-0.7575253357678832,0.004206323673424994
strong_oscillatory,260920,ar1,68,0.5,0.50420633028891,0.46882517727038986,-0.7575253363798897,0.004206330288910043
strong_oscillatory,260920,ar1,69,0.25,0.5042063310458831,0.2299691920022391,-1.4698099268471034,0.2542063310458831
strong_oscillatory,260920,ar1,70,0.75,0.5042063311324994,0.2409121036730586,-1.4233231270657407,0.24579366886750065
strong_oscillatory,260920,ar1,71,0.75,0.5042063311424103,0.2409121036860284,-1.4233231270119044,0.2457936688575897
strong_oscillatory,260920,ar1,72,0.5,0.5042063311435444,0.4688251772333229,-0.7575253364589533,0.004206331143544406
strong_oscillatory,260920,ar1,73,0.25,0.5042063311436742,0.2299691918758585,-1.4698099273966578,0.2542063311436742
strong_oscillatory,260920,ar1,74,0.25,0.504206331143689,0.22996919187583933,-1.469809927396741,0.25420633114368896
strong_oscillatory,260920,ar1,75,0.5,0.5042063311436907,0.46882517723331646,-0.7575253364589669,0.004206331143690734
strong_oscillatory,260920,ar1,76,0.75,0.5042063311436908,0.24091210368770408,-1.423323127004949,0.24579366885630916
strong_oscillatory,260920,ar1,77,0.5,0.5042063311436908,0.46882517723331646,-0.7575253364589669,0.004206331143690845
strong_oscillatory,260920,ar1,78,0.25,0.5042063311436908,0.2299691918758369,-1.4698099273967518,0.25420633114369084
strong_oscillatory,260920,ar1,79,0.5,0.5042063311436908,0.46882517723331646,-0.7575253364589669,0.004206331143690845
strong_oscillatory,260920,quadratic_narrative_position,60,0.5,0.5127654695363639,0.4635669027851894,-0.7688045618139969,0.012765469536363927
strong_oscillatory,260920,quadratic_narrative_position,61,0.75,0.5137908206466841,0.2540531805477314,-1.370211661643745,0.23620917935331587
strong_oscillatory,260920,quadratic_narrative_position,62,0.75,0.5148455303312185,0.2554250584562898,-1.364826225645755,0.2351544696687815
strong_oscillatory,260920,quadratic_narrative_position,63,0.5,0.5159295985899671,0.4631130815680596,-0.7697840180687407,0.01592959858996712
strong_oscillatory,260920,quadratic_narrative_position,64,0.25,0.5170430254229299,0.21472463265848474,-1.5383988500846721,0.2670430254229299
strong_oscillatory,260920,quadratic_narrative_position,65,0.25,0.518185810830107,0.21330500928300197,-1.5450321690970394,0.26818581083010695
strong_oscillatory,260920,quadratic_narrative_position,66,0.75,0.5193579548114983,0.2613069094307554,-1.3420596642840983,0.23064204518850173
strong_oscillatory,260920,quadratic_narrative_position,67,0.5,0.5205594573671037,0.4622698443276711,-0.7716064797766093,0.02055945736710374
strong_oscillatory,260920,quadratic_narrative_position,68,0.5,0.5217903184969233,0.46200996875633576,-0.7721688107385207,0.021790318496923256
strong_oscillatory,260920,quadratic_narrative_position,69,0.25,0.5230505382009573,0.20729969146449156,-1.5735897478941805,0.27305053820095726
strong_oscillatory,260920,quadratic_narrative_position,70,0.75,0.5243401164792052,0.2678202075182591,-1.3174393910727384,0.2256598835207948
strong_oscillatory,260920,quadratic_narrative_position,71,0.75,0.5256590533316676,0.26954705812490665,-1.3110122911677362,0.22434094666833237
strong_oscillatory,260920,quadratic_narrative_position,72,0.5,0.527007348758344,0.46074285792683944,-0.7749151835250219,0.027007348758343985
strong_oscillatory,260920,quadratic_narrative_position,73,0.25,0.5283850027592348,0.20078890552548176,-1.6055011440580986,0.27838500275923483
strong_oscillatory,260920,quadratic_narrative_position,74,0.25,0.5297920153343396,0.19908526859394413,-1.6140220606345932,0.2797920153343396
strong_oscillatory,260920,quadratic_narrative_position,75,0.5,0.5312283864836587,0.4595226402454439,-0.7775670669193593,0.031228386483658666
strong_oscillatory,260920,quadratic_narrative_position,76,0.75,0.5326941162071921,0.2787690037808156,-1.2773717835331766,0.2173058837928079
strong_oscillatory,260920,quadratic_narrative_position,77,0.5,0.5341892045049396,0.45856343256284393,-0.7796566488442562,0.03418920450493956
strong_oscillatory,260920,quadratic_narrative_position,78,0.25,0.5357136513769013,0.19198083406614513,-1.6503597345091208,0.2857136513769013
strong_oscillatory,260920,quadratic_narrative_position,79,0.5,0.5372674568230772,0.45747652811819384,-0.7820297002423757,0.037267456823077194
