scenario,seed,model,interaction_index,observed,predicted_mu,probability,log_probability,absolute_error
strong_stable,260901,rcwe,60,0.5,0.4839584363972891,0.8750833609432797,-0.13343612751292505,0.016041563602710918
strong_stable,260901,rcwe,61,0.5,0.48395843639491365,0.8750833609410957,-0.13343612751542067,0.01604156360508635
strong_stable,260901,rcwe,62,0.5,0.48395843639054115,0.8750833609370761,-0.13343612752001416,0.016041563609458853
strong_stable,260901,rcwe,63,0.5,0.48395843638833047,0.8750833609350437,-0.1334361275223367,0.01604156361166953
strong_stable,260901,rcwe,64,0.5,0.4839584363885645,0.8750833609352587,-0.13343612752209086,0.016041563611435494
strong_stable,260901,rcwe,65,0.5,0.48395843638967984,0.8750833609362841,-0.1334361275209191,0.016041563610320164
strong_stable,260901,rcwe,66,0.75,0.4839584363904022,0.03868904374542439,-3.252198826382228,0.2660415636095978
strong_stable,260901,rcwe,67,0.5,0.4839584363904591,0.8750833609370006,-0.13343612752010042,0.0160415636095409
strong_stable,260901,rcwe,68,0.5,0.48395843639019315,0.875083360936756,-0.13343612752037992,0.016041563609806853
strong_stable,260901,rcwe,69,0.5,0.4839584363899728,0.8750833609365535,-0.13343612752061135,0.016041563610027176
strong_stable,260901,rcwe,70,0.5,0.4839584363899239,0.8750833609365084,-0.13343612752066278,0.01604156361007608
strong_stable,260901,rcwe,71,0.5,0.48395843638998176,0.8750833609365617,-0.13343612752060197,0.01604156361001824
strong_stable,260901,rcwe,72,0.5,0.4839584363900453,0.8750833609366201,-0.13343612752053516,0.01604156360995468
strong_stable,260901,rcwe,73,0.5,0.4839584363900676,0.8750833609366406,-0.1334361275205118,0.01604156360993242
strong_stable,260901,rcwe,74,0.5,0.48395843639005665,0.8750833609366305,-0.13343612752052328,0.016041563609943355
strong_stable,260901,rcwe,75,0.5,0.4839584363900392,0.8750833609366144,-0.13343612752054165,0.016041563609960785
strong_stable,260901,rcwe,76,0.5,0.48395843639003105,0.875083360936607,-0.13343612752055023,0.016041563609968945
strong_stable,260901,rcwe,77,0.5,0.48395843639003244,0.8750833609366082,-0.1334361275205488,0.016041563609967557
strong_stable,260901,rcwe,78,0.5,0.4839584363900369,0.8750833609366124,-0.13343612752054398,0.016041563609963116
strong_stable,260901,rcwe,79,0.5,0.4839584363900398,0.875083360936615,-0.133436127520541,0.016041563609960174
strong_stable,260901,persistence,60,0.5,0.5,0.6757022280177907,-0.3920027910818186,0.0
strong_stable,260901,persistence,61,0.5,0.5,0.6757022280177907,-0.3920027910818186,0.0
strong_stable,260901,persistence,62,0.5,0.5,0.6757022280177907,-0.3920027910818186,0.0
strong_stable,260901,persistence,63,0.5,0.5,0.6757022280177907,-0.3920027910818186,0.0
strong_stable,260901,persistence,64,0.5,0.5,0.6757022280177907,-0.3920027910818186,0.0
strong_stable,260901,persistence,65,0.5,0.5,0.6757022280177907,-0.3920027910818186,0.0
strong_stable,260901,persistence,66,0.75,0.5,0.16059561276241008,-1.8288657956358259,0.25
strong_stable,260901,persistence,67,0.5,0.5,0.6757022280177907,-0.3920027910818186,0.0
strong_stable,260901,persistence,68,0.5,0.5,0.6757022280177907,-0.3920027910818186,0.0
strong_stable,260901,persistence,69,0.5,0.5,0.6757022280177907,-0.3920027910818186,0.0
strong_stable,260901,persistence,70,0.5,0.5,0.6757022280177907,-0.3920027910818186,0.0
strong_stable,260901,persistence,71,0.5,0.5,0.6757022280177907,-0.3920027910818186,0.0
strong_stable,260901,persistence,72,0.5,0.5,0.6757022280177907,-0.3920027910818186,0.0
strong_stable,260901,persistence,73,0.5,0.5,0.6757022280177907,-0.3920027910818186,0.0
strong_stable,260901,persistence,74,0.5,0.5,0.6757022280177907,-0.3920027910818186,0.0
strong_stable,260901,persistence,75,0.5,0.5,0.6757022280177907,-0.3920027910818186,0.0
strong_stable,260901,persistence,76,0.5,0.5,0.6757022280177907,-0.3920027910818186,0.0
strong_stable,260901,persistence,77,0.5,0.5,0.6757022280177907,-0.3920027910818186,0.0
strong_stable,260901,persistence,78,0.5,0.5,0.6757022280177907,-0.3920027910818186,0.0
strong_stable,260901,persistence,79,0.5,0.5,0.6757022280177907,-0.3920027910818186,0.0
strong_stable,260901,ar1,60,0.5,0.5049139049631228,0.8234563278336252,-0.19424476315246303,0.004913904963122828
strong_stable,260901,ar1,61,0.5,0.5057855391404338,0.823220265639926,-0.19453147664101555,0.005785539140433782
strong_stable,260901,ar1,62,0.5,0.5059401506245301,0.8231743822105647,-0.19458721471017534,0.005940150624530127
strong_stable,260901,ar1,63,0.5,0.5059675757893948,0.8231661172039952,-0.19459725516847967,0.0059675757893947745
strong_stable,260901,ar1,64,0.5,0.5059724404970344,0.8231646471785093,-0.19459904098882363,0.005972440497034381
strong_stable,260901,ar1,65,0.5,0.5059733034045333,0.8231643862987988,-0.1945993579117536,0.005973303404533281
strong_stable,260901,ar1,66,0.75,0.505973456468069,0.0987169740339901,-2.3154983713006145,0.24402654353193098
strong_stable,260901,ar1,67,0.5,0.505973483618657,0.8231643318105633,-0.19459942410538184,0.005973483618657016
strong_stable,260901,ar1,68,0.5,0.5059734884346598,0.8231643303544091,-0.19459942587435325,0.005973488434659835
strong_stable,260901,ar1,69,0.5,0.505973489288928,0.8231643300961146,-0.19459942618813567,0.005973489288928047
strong_stable,260901,ar1,70,0.5,0.5059734894404592,0.8231643300502979,-0.19459942624379492,0.005973489440459168
strong_stable,260901,ar1,71,0.5,0.5059734894673379,0.823164330042171,-0.19459942625366763,0.005973489467337889
strong_stable,260901,ar1,72,0.5,0.5059734894721056,0.8231643300407295,-0.19459942625541882,0.005973489472105631
strong_stable,260901,ar1,73,0.5,0.5059734894729514,0.8231643300404737,-0.19459942625572954,0.005973489472951399
strong_stable,260901,ar1,74,0.5,0.5059734894731014,0.8231643300404284,-0.19459942625578455,0.00597348947310139
strong_stable,260901,ar1,75,0.5,0.505973489473128,0.8231643300404204,-0.19459942625579435,0.005973489473128035
strong_stable,260901,ar1,76,0.5,0.5059734894731327,0.8231643300404189,-0.19459942625579613,0.005973489473132698
strong_stable,260901,ar1,77,0.5,0.5059734894731336,0.8231643300404188,-0.19459942625579627,0.005973489473133586
strong_stable,260901,ar1,78,0.5,0.5059734894731337,0.8231643300404187,-0.19459942625579646,0.005973489473133697
strong_stable,260901,ar1,79,0.5,0.5059734894731337,0.8231643300404187,-0.19459942625579646,0.005973489473133697
strong_stable,260901,quadratic_narrative_position,60,0.5,0.5420568005700395,0.7659475726520996,-0.2666415545968005,0.042056800570039465
strong_stable,260901,quadratic_narrative_position,61,0.5,0.546169329099589,0.7575676102578414,-0.27764249111575856,0.04616932909958904
strong_stable,260901,quadratic_narrative_position,62,0.5,0.5504126614419401,0.7481908481689884,-0.2900971889405636,0.05041266144194012
strong_stable,260901,quadratic_narrative_position,63,0.5,0.5547867975970928,0.7377742156030069,-0.30411744210846936,0.05478679759709282
strong_stable,260901,quadratic_narrative_position,64,0.5,0.5592917375650472,0.726279483151041,-0.31982037521862955,0.05929173756504724
strong_stable,260901,quadratic_narrative_position,65,0.5,0.5639274813458033,0.7136742104053282,-0.33732870872129495,0.06392748134580328
strong_stable,260901,quadratic_narrative_position,66,0.75,0.5686940289393609,0.27773363882919744,-1.2810927583029301,0.18130597106063906
strong_stable,260901,quadratic_narrative_position,67,0.5,0.5735913803457201,0.6850372310256632,-0.3782820903346387,0.0735913803457201
strong_stable,260901,quadratic_narrative_position,68,0.5,0.578619535564881,0.6689787009869004,-0.40200305645055456,0.078619535564881
strong_stable,260901,quadratic_narrative_position,69,0.5,0.5837784945968434,0.6517580810940644,-0.4280818271750993,0.08377849459684339
strong_stable,260901,quadratic_narrative_position,70,0.5,0.5890682574416075,0.6333872352157914,-0.4566732978817551,0.08906825744160751
strong_stable,260901,quadratic_narrative_position,71,0.5,0.5944888240991733,0.6138899279400032,-0.48793963736188445,0.09448882409917325
strong_stable,260901,quadratic_narrative_position,72,0.5,0.6000401945695406,0.5933027025187018,-0.5220505506652107,0.10004019456954061
strong_stable,260901,quadratic_narrative_position,73,0.5,0.6057223688527096,0.5716756307776326,-0.559183527512565,0.10572236885270958
strong_stable,260901,quadratic_narrative_position,74,0.5,0.6115353469486802,0.549072892653216,-0.599524072783102,0.11153534694868017
strong_stable,260901,quadratic_narrative_position,75,0.5,0.6174791288574524,0.5255731404138942,-0.6432659158308155,0.11747912885745238
strong_stable,260901,quadratic_narrative_position,76,0.5,0.6235537145790262,0.501269601576952,-0.690611195735526,0.1235537145790262
strong_stable,260901,quadratic_narrative_position,77,0.5,0.6297591041134016,0.47626987552205696,-0.7417706200323925,0.12975910411340164
strong_stable,260901,quadratic_narrative_position,78,0.5,0.6360952974605787,0.45069538229010137,-0.7969635949779118,0.1360952974605787
strong_stable,260901,quadratic_narrative_position,79,0.5,0.6425622946205574,0.4246804284406355,-0.8564183259820519,0.14256229462055736
strong_stable,260902,rcwe,60,0.5,0.4798828314297317,0.8443453533288258,-0.1691936816715469,0.020117168570268296
strong_stable,260902,rcwe,61,0.5,0.4799654409570095,0.8444353432897627,-0.16908710778518946,0.020034559042990507
strong_stable,260902,rcwe,62,0.75,0.47999965986368587,0.0453049531962501,-3.094338910389982,0.27000034013631413
strong_stable,260902,rcwe,63,0.5,0.47996684945387685,0.8444368744648825,-0.16908529453359622,0.020033150546123146
strong_stable,260902,rcwe,64,0.5,0.4799120522123141,0.8443772263679657,-0.169155933565935,0.02008794778768591
strong_stable,260902,rcwe,65,0.5,0.4798889451060842,0.8443520256899026,-0.16918577929524223,0.020111054893915792
strong_stable,260902,rcwe,66,0.25,0.479910349641945,0.11039968002485952,-2.20364804346889,0.229910349641945
strong_stable,260902,rcwe,67,0.5,0.479946693456085,0.8444149528195791,-0.16911125494640492,0.020053306543915017
strong_stable,260902,rcwe,68,0.75,0.47996229098612025,0.04526340964027371,-3.0952563070964905,0.27003770901387975
strong_stable,260902,rcwe,69,0.5,0.47994833263451725,0.8444167363987398,-0.16910914274165173,0.02005166736548275
strong_stable,260902,rcwe,70,0.5,0.4799242297492764,0.8443904957580725,-0.16914021868705245,0.0200757702507236
strong_stable,260902,rcwe,71,0.5,0.4799137057331787,0.844379028610008,-0.16915379916431617,0.020086294266821292
strong_stable,260902,rcwe,72,0.5,0.47992280482860783,0.8443889434861644,-0.1691420570229204,0.02007719517139217
strong_stable,260902,rcwe,73,0.5,0.4799387878425327,0.8444063487599698,-0.16912144437213214,0.020061212157467312
strong_stable,260902,rcwe,74,0.5,0.4799458859472276,0.8444140741218228,-0.16911229554642115,0.02005411405277241
strong_stable,260902,rcwe,75,0.5,0.479939956870993,0.8444076212800881,-0.1691199373735629,0.020060043129007
strong_stable,260902,rcwe,76,0.5,0.479929359214893,0.8443960827685956,-0.16913360208955674,0.020070640785107008
strong_stable,260902,rcwe,77,0.5,0.47992457362548435,0.8443908703517305,-0.16913977506105615,0.020075426374515648
strong_stable,260902,rcwe,78,0.5,0.47992843550024533,0.844395076762906,-0.169134793481025,0.02007156449975467
strong_stable,260902,rcwe,79,0.5,0.4799354616199962,0.8444027276747883,-0.16912573270197595,0.020064538380003827
strong_stable,260902,persistence,60,0.5,0.5,0.6272810677408482,-0.46636056488509947,0.0
strong_stable,260902,persistence,61,0.5,0.5,0.6272810677408482,-0.46636056488509947,0.0
strong_stable,260902,persistence,62,0.75,0.5,0.18261380837690874,-1.7003816927772706,0.25
strong_stable,260902,persistence,63,0.5,0.5,0.6272810677408482,-0.46636056488509947,0.0
strong_stable,260902,persistence,64,0.5,0.5,0.6272810677408482,-0.46636056488509947,0.0
strong_stable,260902,persistence,65,0.5,0.5,0.6272810677408482,-0.46636056488509947,0.0
strong_stable,260902,persistence,66,0.25,0.5,0.18261380837690874,-1.7003816927772706,0.25
strong_stable,260902,persistence,67,0.5,0.5,0.6272810677408482,-0.46636056488509947,0.0
strong_stable,260902,persistence,68,0.75,0.5,0.18261380837690874,-1.7003816927772706,0.25
strong_stable,260902,persistence,69,0.5,0.5,0.6272810677408482,-0.46636056488509947,0.0
strong_stable,260902,persistence,70,0.5,0.5,0.6272810677408482,-0.46636056488509947,0.0
strong_stable,260902,persistence,71,0.5,0.5,0.6272810677408482,-0.46636056488509947,0.0
strong_stable,260902,persistence,72,0.5,0.5,0.6272810677408482,-0.46636056488509947,0.0
strong_stable,260902,persistence,73,0.5,0.5,0.6272810677408482,-0.46636056488509947,0.0
strong_stable,260902,persistence,74,0.5,0.5,0.6272810677408482,-0.46636056488509947,0.0
strong_stable,260902,persistence,75,0.5,0.5,0.6272810677408482,-0.46636056488509947,0.0
strong_stable,260902,persistence,76,0.5,0.5,0.6272810677408482,-0.46636056488509947,0.0
strong_stable,260902,persistence,77,0.5,0.5,0.6272810677408482,-0.46636056488509947,0.0
strong_stable,260902,persistence,78,0.5,0.5,0.6272810677408482,-0.46636056488509947,0.0
strong_stable,260902,persistence,79,0.5,0.5,0.6272810677408482,-0.46636056488509947,0.0
strong_stable,260902,ar1,60,0.5,0.4930674619638538,0.7791390843666111,-0.2495657068573773,0.006932538036146185
strong_stable,260902,ar1,61,0.5,0.4916618423966912,0.7786628106037531,-0.250177175849982,0.008338157603308805
strong_stable,260902,ar1,62,0.75,0.49137684340248605,0.09472310765106194,-2.356797299568529,0.25862315659751395
strong_stable,260902,ar1,63,0.5,0.4913190579044783,0.7785334072801263,-0.250343376258689,0.008680942095521726
strong_stable,260902,ar1,64,0.5,0.49130734149898947,0.7785288924603078,-0.250349175409846,0.00869265850101053
strong_stable,260902,ar1,65,0.5,0.49130496591753203,0.7785279763098587,-0.25035035218182844,0.008695034082467967
strong_stable,260902,ar1,66,0.25,0.49130448425212137,0.1266242873417749,-2.066530944529622,0.24130448425212137
strong_stable,260902,ar1,67,0.5,0.4913043865911605,0.7785277528529936,-0.2503506392067061,0.008695613408839509
strong_stable,260902,ar1,68,0.75,0.4913043667897318,0.09460332815098609,-2.3580626222430876,0.2586956332102682
strong_stable,260902,ar1,69,0.5,0.4913043627748565,0.7785277436662885,-0.25035065100680576,0.008695637225143493
strong_stable,260902,ar1,70,0.5,0.49130436196081306,0.7785277433522857,-0.2503506514101348,0.008695638039186937
strong_stable,260902,ar1,71,0.5,0.49130436179576015,0.7785277432886194,-0.25035065149191266,0.008695638204239853
strong_stable,260902,ar1,72,0.5,0.49130436176229453,0.7785277432757106,-0.2503506515084936,0.008695638237705472
strong_stable,260902,ar1,73,0.5,0.4913043617555092,0.7785277432730934,-0.2503506515118555,0.008695638244490822
strong_stable,260902,ar1,74,0.5,0.4913043617541334,0.7785277432725627,-0.25035065151253705,0.00869563824586661
strong_stable,260902,ar1,75,0.5,0.49130436175385445,0.7785277432724551,-0.2503506515126753,0.008695638246145554
strong_stable,260902,ar1,76,0.5,0.4913043617537979,0.7785277432724333,-0.2503506515127033,0.00869563824620212
strong_stable,260902,ar1,77,0.5,0.49130436175378644,0.778527743272429,-0.25035065151270885,0.008695638246213555
strong_stable,260902,ar1,78,0.5,0.4913043617537841,0.7785277432724279,-0.2503506515127102,0.008695638246215887
strong_stable,260902,ar1,79,0.5,0.4913043617537836,0.7785277432724277,-0.25035065151271046,0.008695638246216386
strong_stable,260902,quadratic_narrative_position,60,0.5,0.5210385888768785,0.7561317006331817,-0.2795397107881657,0.021038588876878483
strong_stable,260902,quadratic_narrative_position,61,0.5,0.5252261692314715,0.7520851796945492,-0.2849056905765467,0.025226169231471474
strong_stable,260902,quadratic_narrative_position,62,0.75,0.5295604716375241,0.1815344627227141,-1.7063097660415043,0.22043952836247593
strong_stable,260902,quadratic_narrative_position,63,0.5,0.5340414960950363,0.741266201608362,-0.29939547176456394,0.03404149609503626
strong_stable,260902,quadratic_narrative_position,64,0.5,0.538669242604008,0.7343701829514631,-0.3087420410563679,0.03866924260400795
strong_stable,260902,quadratic_narrative_position,65,0.5,0.5434437111644392,0.7264060080920512,-0.3196461806774258,0.043443711164439236
strong_stable,260902,quadratic_narrative_position,66,0.25,0.5483649017763301,0.049581410867697934,-3.004139296392353,0.2983649017763301
strong_stable,260902,quadratic_narrative_position,67,0.5,0.5534328144396805,0.7070691305516688,-0.3466268377360708,0.05343281443968051
strong_stable,260902,quadratic_narrative_position,68,0.75,0.5586474491544905,0.2627094315426085,-1.3367066806031462,0.1913525508455095
strong_stable,260902,quadratic_narrative_position,69,0.5,0.5640088059207601,0.6829108454022919,-0.38139096174964804,0.06400880592076008
strong_stable,260902,quadratic_narrative_position,70,0.5,0.5695168847384893,0.6689499329956207,-0.40204606022602274,0.06951688473848927
strong_stable,260902,quadratic_narrative_position,71,0.5,0.575171685607678,0.653714623838275,-0.4250843777428268,0.07517168560767795
strong_stable,260902,quadratic_narrative_position,72,0.5,0.5809732085283263,0.6372042987290587,-0.4506649546898742,0.08097320852832635
strong_stable,260902,quadratic_narrative_position,73,0.5,0.5869214535004341,0.6194311765457399,-0.47895367924872656,0.08692145350043412
strong_stable,260902,quadratic_narrative_position,74,0.5,0.5930164205240016,0.6004213840455438,-0.5101235635253915,0.09301642052400161
strong_stable,260902,quadratic_narrative_position,75,0.5,0.5992581095990286,0.5802158932520731,-0.5443550149570232,0.09925810959902859
strong_stable,260902,quadratic_narrative_position,76,0.5,0.6056465207255153,0.5588712807600025,-0.5818360993192885,0.10564652072551528
strong_stable,260902,quadratic_narrative_position,77,0.5,0.6121816539034615,0.5364602603788102,-0.6227627916421553,0.11218165390346146
strong_stable,260902,quadratic_narrative_position,78,0.5,0.6188635091328671,0.5130719391286755,-0.6673392114233457,0.11886350913286714
strong_stable,260902,quadratic_narrative_position,79,0.5,0.6256920864137325,0.4888117471836793,-0.7157778387136973,0.12569208641373253
strong_stable,260903,rcwe,60,0.5,0.515992381266983,0.9674687577314836,-0.033072146349994516,0.01599238126698299
strong_stable,260903,rcwe,61,0.5,0.5165857471743297,0.9669974653989516,-0.033559404629535744,0.0165857471743297
strong_stable,260903,rcwe,62,0.5,0.5170391133038389,0.9666251931870004,-0.03394445619572191,0.017039113303838893
strong_stable,260903,rcwe,63,0.5,0.5168926070516767,0.9667466503980175,-0.033818813307541884,0.016892607051676722
strong_stable,260903,rcwe,64,0.5,0.5164111707168478,0.9671379988153764,-0.03341408552518933,0.016411170716847834
strong_stable,260903,rcwe,65,0.25,0.5161702939457948,0.006073248642181445,-5.103861620671737,0.26617029394579483
strong_stable,260903,rcwe,66,0.5,0.5163843886178208,0.9671594200196645,-0.03339193670352375,0.016384388617820766
strong_stable,260903,rcwe,67,0.5,0.5167423545192444,0.9668700656784189,-0.033691161038565474,0.01674235451924444
strong_stable,260903,rcwe,68,0.5,0.5168351970543842,0.9667939432599035,-0.033769894901535286,0.016835197054384188
strong_stable,260903,rcwe,69,0.5,0.5166113835151552,0.9669766965322344,-0.0335808825449359,0.01661138351515523
strong_stable,260903,rcwe,70,0.25,0.5163674789474212,0.0060133082253598594,-5.1137802284081015,0.2663674789474212
strong_stable,260903,rcwe,71,0.5,0.516368089109919,0.9671724389069443,-0.03337847584134557,0.01636808910991905
strong_stable,260903,rcwe,72,0.5,0.5165684956278025,0.9670114224663262,-0.03354497132732861,0.016568495627802493
strong_stable,260903,rcwe,73,0.5,0.5167182308728531,0.9668897723227422,-0.03367077935110184,0.016718230872853068
strong_stable,260903,rcwe,74,0.5,0.5166662071780245,0.9669321687568694,-0.0336269320524096,0.016666207178024472
strong_stable,260903,rcwe,75,0.75,0.5165044660772089,0.026964932917248385,-3.613218037967286,0.2334955339227911
strong_stable,260903,rcwe,76,0.25,0.5164258508517384,0.005995665181988327,-5.116718540529674,0.2664258508517384
strong_stable,260903,rcwe,77,0.5,0.5164995019985935,0.9670670878711422,-0.03348740861254351,0.016499501998593513
strong_stable,260903,rcwe,78,0.25,0.5166191619784201,0.005937563635855979,-5.126456392060962,0.26661916197842006
strong_stable,260903,rcwe,79,0.5,0.5166484932912079,0.9669465728577931,-0.033612035460794006,0.016648493291207878
strong_stable,260903,persistence,60,0.5,0.5,0.6896753988105516,-0.3715342285872486,0.0
strong_stable,260903,persistence,61,0.5,0.5,0.6896753988105516,-0.3715342285872486,0.0
strong_stable,260903,persistence,62,0.5,0.5,0.6896753988105516,-0.3715342285872486,0.0
strong_stable,260903,persistence,63,0.5,0.5,0.6896753988105516,-0.3715342285872486,0.0
strong_stable,260903,persistence,64,0.5,0.5,0.6896753988105516,-0.3715342285872486,0.0
strong_stable,260903,persistence,65,0.25,0.5,0.15399356309884626,-1.870844475501511,0.25
strong_stable,260903,persistence,66,0.5,0.5,0.6896753988105516,-0.3715342285872486,0.0
strong_stable,260903,persistence,67,0.5,0.5,0.6896753988105516,-0.3715342285872486,0.0
strong_stable,260903,persistence,68,0.5,0.5,0.6896753988105516,-0.3715342285872486,0.0
strong_stable,260903,persistence,69,0.5,0.5,0.6896753988105516,-0.3715342285872486,0.0
strong_stable,260903,persistence,70,0.25,0.5,0.15399356309884626,-1.870844475501511,0.25
strong_stable,260903,persistence,71,0.5,0.5,0.6896753988105516,-0.3715342285872486,0.0
strong_stable,260903,persistence,72,0.5,0.5,0.6896753988105516,-0.3715342285872486,0.0
strong_stable,260903,persistence,73,0.5,0.5,0.6896753988105516,-0.3715342285872486,0.0
strong_stable,260903,persistence,74,0.5,0.5,0.6896753988105516,-0.3715342285872486,0.0
strong_stable,260903,persistence,75,0.75,0.5,0.15399356309884626,-1.870844475501511,0.25
strong_stable,260903,persistence,76,0.25,0.5,0.15399356309884626,-1.870844475501511,0.25
strong_stable,260903,persistence,77,0.5,0.5,0.6896753988105516,-0.3715342285872486,0.0
strong_stable,260903,persistence,78,0.25,0.5,0.15399356309884626,-1.870844475501511,0.25
strong_stable,260903,persistence,79,0.5,0.5,0.6896753988105516,-0.3715342285872486,0.0
strong_stable,260903,ar1,60,0.5,0.5184243281433025,0.8847198717447369,-0.12248421318210959,0.018424328143302526
strong_stable,260903,ar1,61,0.5,0.5157375892108079,0.8873932779572311,-0.1194670150522352,0.015737589210807923
strong_stable,260903,ar1,62,0.5,0.5161293845606973,0.8870294553880985,-0.11987708934557456,0.016129384560697346
strong_stable,260903,ar1,63,0.5,0.5160722507639081,0.8870830640372636,-0.1198166550173183,0.016072250763908058
strong_stable,260903,ar1,64,0.5,0.5160805823348071,0.8870752583025615,-0.11982545438387279,0.016080582334807136
strong_stable,260903,ar1,65,0.25,0.5160793673783794,0.03380335598913142,-3.387195191802779,0.26607936737837945
strong_stable,260903,ar1,66,0.5,0.5160795445501445,0.8870762308080958,-0.11982435807891773,0.016079544550144487
strong_stable,260903,ar1,67,0.5,0.5160795187139633,0.8870762550183235,-0.1198243307867567,0.016079518713963292
strong_stable,260903,ar1,68,0.5,0.5160795224815403,0.8870762514878545,-0.11982433476665016,0.01607952248154032
strong_stable,260903,ar1,69,0.5,0.516079521932131,0.8870762520026875,-0.11982433418627961,0.016079521932131025
strong_stable,260903,ar1,70,0.25,0.516079522012249,0.03380320556485087,-3.387199641793345,0.26607952201224905
strong_stable,260903,ar1,71,0.5,0.5160795220005657,0.8870762519385597,-0.11982433425857075,0.016079522000565727
strong_stable,260903,ar1,72,0.5,0.5160795220022695,0.887076251936963,-0.11982433426037065,0.016079522002269475
strong_stable,260903,ar1,73,0.5,0.516079522002021,0.8870762519371959,-0.11982433426010818,0.016079522002021007
strong_stable,260903,ar1,74,0.5,0.5160795220020573,0.8870762519371619,-0.11982433426014646,0.01607952200205731
strong_stable,260903,ar1,75,0.75,0.516079522002052,0.07911867709191393,-2.5368063120815565,0.23392047799794802
strong_stable,260903,ar1,76,0.25,0.5160795220020528,0.03380320557476954,-3.387199641499921,0.26607952200205276
strong_stable,260903,ar1,77,0.5,0.5160795220020526,0.8870762519371663,-0.11982433426014148,0.01607952200205265
strong_stable,260903,ar1,78,0.25,0.5160795220020526,0.03380320557476963,-3.3871996414999184,0.26607952200205265
strong_stable,260903,ar1,79,0.5,0.5160795220020526,0.8870762519371663,-0.11982433426014148,0.01607952200205265
strong_stable,260903,quadratic_narrative_position,60,0.5,0.5117562825773766,0.865955158265497,-0.14392215205423095,0.011756282577376598
strong_stable,260903,quadratic_narrative_position,61,0.5,0.5120475524869926,0.8657604032406966,-0.14414707932283172,0.01204755248699263
strong_stable,260903,quadratic_narrative_position,62,0.5,0.5123508739559425,0.8655525501081685,-0.14438718973513437,0.012350873955942476
strong_stable,260903,quadratic_narrative_position,63,0.5,0.5126662469842264,0.8653309880952461,-0.14464320004344483,0.01266624698422636
strong_stable,260903,quadratic_narrative_position,64,0.5,0.5129936715718442,0.8650950826505331,-0.14491585595190878,0.012993671571844168
strong_stable,260903,quadratic_narrative_position,65,0.25,0.5133331477187959,0.04697404971900229,-3.0581599633922343,0.2633331477187959
strong_stable,260903,quadratic_narrative_position,66,0.5,0.5136846754250817,0.8645775848184815,-0.1455142325779902,0.013684675425081672
strong_stable,260903,quadratic_narrative_position,67,0.5,0.5140482546907014,0.8642946051347032,-0.1458415901327589,0.014048254690701367
strong_stable,260903,quadratic_narrative_position,68,0.5,0.514423885515655,0.8639945076073473,-0.1461888671342275,0.014423885515654988
strong_stable,260903,quadratic_narrative_position,69,0.5,0.5148115678999425,0.8636765400354841,-0.14655695523281206,0.014811567899942535
strong_stable,260903,quadratic_narrative_position,70,0.25,0.5152113018435641,0.044785145502898374,-3.105878768139895,0.2652113018435641
strong_stable,260903,quadratic_narrative_position,71,0.5,0.5156230873465195,0.8629838699116038,-0.14735927878994837,0.015623087346519515
strong_stable,260903,quadratic_narrative_position,72,0.5,0.516046924408809,0.8626075472764893,-0.1477954453556049,0.01604692440880895
strong_stable,260903,quadratic_narrative_position,73,0.5,0.5164828130304323,0.8622101146928424,-0.14825628547736794,0.01648281303043231
strong_stable,260903,quadratic_narrative_position,74,0.5,0.5169307532113896,0.8617907050660395,-0.1487428393470298,0.016930753211389593
strong_stable,260903,quadratic_narrative_position,75,0.75,0.5173907449516809,0.09629424644355822,-2.3403467081357427,0.23260925504831909
strong_stable,260903,quadratic_narrative_position,76,0.25,0.517862788251306,0.041835565175674334,-3.17400845968858,0.26786278825130605
strong_stable,260903,quadratic_narrative_position,77,0.5,0.5183468831102652,0.8603916057320979,-0.1503676378749992,0.018346883110265222
strong_stable,260903,quadratic_narrative_position,78,0.25,0.5188430295285584,0.04078576617765173,-3.1994221266354974,0.26884302952855843
strong_stable,260903,quadratic_narrative_position,79,0.5,0.5193512275061855,0.8593320840957273,-0.15159983788095985,0.019351227506185453
strong_stable,260904,rcwe,60,0.25,0.5134440419880656,0.05736239806053541,-2.8583662763726285,0.2634440419880656
strong_stable,260904,rcwe,61,0.5,0.5134452609802671,0.8407560283809569,-0.1734537581454696,0.013445260980267104
strong_stable,260904,rcwe,62,0.5,0.5134467152104153,0.840754986247585,-0.17345499766559502,0.013446715210415294
strong_stable,260904,rcwe,63,0.5,0.5134471014766459,0.8407547094218921,-0.17345532692411034,0.01344710147664585
strong_stable,260904,rcwe,64,0.5,0.5134464452795676,0.8407551796944328,-0.17345476757855582,0.01344644527956762
strong_stable,260904,rcwe,65,0.5,0.513445642494955,0.8407557549899464,-0.1734540833183446,0.013445642494954946
strong_stable,260904,rcwe,66,0.25,0.5134454180341369,0.057360595572691735,-2.858397699678223,0.2634454180341369
strong_stable,260904,rcwe,67,0.5,0.5134457709770537,0.8407556629187549,-0.1734541928283848,0.013445770977053684
strong_stable,260904,rcwe,68,0.5,0.5134462139754788,0.8407553454562182,-0.17345457042036622,0.013446213975478849
strong_stable,260904,rcwe,69,0.5,0.513446343990569,0.8407552522825392,-0.17345468124176583,0.013446343990568987
strong_stable,260904,rcwe,70,0.5,0.5134461543222035,0.8407553882056885,-0.17345451957386326,0.01344615432220353
strong_stable,260904,rcwe,71,0.5,0.5134459099546654,0.8407555633254208,-0.17345431128532118,0.013445909954665436
strong_stable,260904,rcwe,72,0.5,0.5134458348641605,0.840755617136472,-0.17345424728211759,0.01344583486416051
strong_stable,260904,rcwe,73,0.75,0.5134459366969562,0.10186071182669419,-2.2841489692652526,0.23655406330304385
strong_stable,260904,rcwe,74,0.5,0.5134460714455112,0.8407554475974994,-0.17345444893285433,0.013446071445511243
strong_stable,260904,rcwe,75,0.5,0.5134461147000938,0.8407554166000722,-0.17345448580139666,0.013446114700093825
strong_stable,260904,rcwe,76,0.5,0.5134460600786462,0.8407554557432921,-0.1734544392441955,0.013446060078646238
strong_stable,260904,rcwe,77,0.5,0.5134459858032799,0.8407555089707934,-0.1734543759350618,0.013445985803279936
strong_stable,260904,rcwe,78,0.5,0.5134459609469745,0.8407555267833504,-0.17345435474869245,0.013445960946974478
strong_stable,260904,rcwe,79,0.5,0.5134459902154537,0.8407555058089325,-0.17345437969579938,0.013445990215453674
strong_stable,260904,persistence,60,0.25,0.5,0.19198028658825325,-1.6503625862452078,0.25
strong_stable,260904,persistence,61,0.5,0.5,0.6053850162415284,-0.501890632879983,0.0
strong_stable,260904,persistence,62,0.5,0.5,0.6053850162415284,-0.501890632879983,0.0
strong_stable,260904,persistence,63,0.5,0.5,0.6053850162415284,-0.501890632879983,0.0
strong_stable,260904,persistence,64,0.5,0.5,0.6053850162415284,-0.501890632879983,0.0
strong_stable,260904,persistence,65,0.5,0.5,0.6053850162415284,-0.501890632879983,0.0
strong_stable,260904,persistence,66,0.25,0.5,0.19198028658825325,-1.6503625862452078,0.25
strong_stable,260904,persistence,67,0.5,0.5,0.6053850162415284,-0.501890632879983,0.0
strong_stable,260904,persistence,68,0.5,0.5,0.6053850162415284,-0.501890632879983,0.0
strong_stable,260904,persistence,69,0.5,0.5,0.6053850162415284,-0.501890632879983,0.0
strong_stable,260904,persistence,70,0.5,0.5,0.6053850162415284,-0.501890632879983,0.0
strong_stable,260904,persistence,71,0.5,0.5,0.6053850162415284,-0.501890632879983,0.0
strong_stable,260904,persistence,72,0.5,0.5,0.6053850162415284,-0.501890632879983,0.0
strong_stable,260904,persistence,73,0.75,0.5,0.19198028658825325,-1.6503625862452078,0.25
strong_stable,260904,persistence,74,0.5,0.5,0.6053850162415284,-0.501890632879983,0.0
strong_stable,260904,persistence,75,0.5,0.5,0.6053850162415284,-0.501890632879983,0.0
strong_stable,260904,persistence,76,0.5,0.5,0.6053850162415284,-0.501890632879983,0.0
strong_stable,260904,persistence,77,0.5,0.5,0.6053850162415284,-0.501890632879983,0.0
strong_stable,260904,persistence,78,0.5,0.5,0.6053850162415284,-0.501890632879983,0.0
strong_stable,260904,persistence,79,0.5,0.5,0.6053850162415284,-0.501890632879983,0.0
strong_stable,260904,ar1,60,0.25,0.5192239652321795,0.06695569436243275,-2.703724156504665,0.2692239652321795
strong_stable,260904,ar1,61,0.5,0.5188021576113026,0.797557847624827,-0.22620091074708126,0.01880215761130255
strong_stable,260904,ar1,62,0.5,0.5188114128126557,0.7975495383541135,-0.22621132919387255,0.018811412812655748
strong_stable,260904,ar1,63,0.5,0.5188112097372539,0.7975497207172725,-0.22621110053956406,0.01881120973725392
strong_stable,260904,ar1,64,0.5,0.5188112141930855,0.7975497167159247,-0.22621110555661528,0.018811214193085513
strong_stable,260904,ar1,65,0.5,0.5188112140953168,0.7975497168037212,-0.2262111054465325,0.01881121409531683
strong_stable,260904,ar1,66,0.25,0.518811214097462,0.06751369392630507,-2.695424828697296,0.268811214097462
strong_stable,260904,ar1,67,0.5,0.5188112140974149,0.7975497168018372,-0.22621110544889472,0.01881121409741493
strong_stable,260904,ar1,68,0.5,0.5188112140974159,0.7975497168018362,-0.22621110544889594,0.01881121409741593
strong_stable,260904,ar1,69,0.5,0.5188112140974159,0.7975497168018362,-0.22621110544889594,0.01881121409741593
strong_stable,260904,ar1,70,0.5,0.5188112140974159,0.7975497168018362,-0.22621110544889594,0.01881121409741593
strong_stable,260904,ar1,71,0.5,0.5188112140974159,0.7975497168018362,-0.22621110544889594,0.01881121409741593
strong_stable,260904,ar1,72,0.5,0.5188112140974159,0.7975497168018362,-0.22621110544889594,0.01881121409741593
strong_stable,260904,ar1,73,0.75,0.5188112140974159,0.13480798523409626,-2.0039038446167465,0.23118878590258407
strong_stable,260904,ar1,74,0.5,0.5188112140974159,0.7975497168018362,-0.22621110544889594,0.01881121409741593
strong_stable,260904,ar1,75,0.5,0.5188112140974159,0.7975497168018362,-0.22621110544889594,0.01881121409741593
strong_stable,260904,ar1,76,0.5,0.5188112140974159,0.7975497168018362,-0.22621110544889594,0.01881121409741593
strong_stable,260904,ar1,77,0.5,0.5188112140974159,0.7975497168018362,-0.22621110544889594,0.01881121409741593
strong_stable,260904,ar1,78,0.5,0.5188112140974159,0.7975497168018362,-0.22621110544889594,0.01881121409741593
strong_stable,260904,ar1,79,0.5,0.5188112140974159,0.7975497168018362,-0.22621110544889594,0.01881121409741593
strong_stable,260904,quadratic_narrative_position,60,0.25,0.5174211194582717,0.0771952849822192,-2.5614168991764372,0.26742111945827174
strong_stable,260904,quadratic_narrative_position,61,0.5,0.5176142167185002,0.7815428826420372,-0.2464852584033348,0.017614216718500164
strong_stable,260904,quadratic_narrative_position,62,0.5,0.5178106780564614,0.7813852295089007,-0.24668699913913134,0.017810678056461415
strong_stable,260904,quadratic_narrative_position,63,0.5,0.5180105034721556,0.7812231105299193,-0.24689449704555994,0.018010503472155603
strong_stable,260904,quadratic_narrative_position,64,0.5,0.5182136929655827,0.7810564366957605,-0.24710786965878673,0.01821369296558273
strong_stable,260904,quadratic_narrative_position,65,0.5,0.518420246536743,0.7808851175901406,-0.2473272365177283,0.018420246536743012
strong_stable,260904,quadratic_narrative_position,66,0.25,0.518630164185636,0.0754626094341643,-2.5841179846812263,0.268630164185636
strong_stable,260904,quadratic_narrative_position,67,0.5,0.518843445912262,0.7805281749001135,-0.24778444115145554,0.018843445912261947
strong_stable,260904,quadratic_narrative_position,68,0.5,0.5190600917166209,0.7803423635023254,-0.24802252803194197,0.01906009171662093
strong_stable,260904,quadratic_narrative_position,69,0.5,0.5192801015987129,0.780151531219112,-0.24826710737289337,0.01928010159871285
strong_stable,260904,quadratic_narrative_position,70,0.5,0.5195034755585376,0.7799555806917773,-0.24851830875114367,0.019503475558537597
strong_stable,260904,quadratic_narrative_position,71,0.5,0.5197302135960954,0.7797544131931078,-0.24877626375633533,0.01973021359609539
strong_stable,260904,quadratic_narrative_position,72,0.5,0.5199603157113862,0.7795479286345511,-0.24904110599279544,0.019960315711386234
strong_stable,260904,quadratic_narrative_position,73,0.75,0.5201937819044098,0.1471645644191951,-1.9162038325155422,0.2298062180955902
strong_stable,260904,quadratic_narrative_position,74,0.5,0.5204306121751664,0.7791186012216051,-0.2495919966619411,0.020430612175166396
strong_stable,260904,quadratic_narrative_position,75,0.5,0.5206708065236559,0.7788955514513571,-0.24987832239446303,0.020670806523655938
strong_stable,260904,quadratic_narrative_position,76,0.5,0.5209143649498785,0.7786667708055618,-0.2501720899621186,0.020914364949878528
strong_stable,260904,quadratic_narrative_position,77,0.5,0.5211612874538339,0.7784321525050898,-0.2504734430730034,0.021161287453833943
strong_stable,260904,quadratic_narrative_position,78,0.5,0.5214115740355223,0.7781915884576844,-0.25078252746249335,0.021411574035522296
strong_stable,260904,quadratic_narrative_position,79,0.5,0.5216652246949436,0.7779449692669059,-0.251099490895579,0.021665224694943586
strong_stable,260905,rcwe,60,0.5,0.37676458140870095,0.4557208902395812,-0.785874739674842,0.12323541859129905
strong_stable,260905,rcwe,61,0.5,0.37676252611368316,0.4557168142319499,-0.7858836838025894,0.12323747388631684
strong_stable,260905,rcwe,62,0.5,0.376764668964395,0.4557210638770372,-0.7858743586578057,0.12323533103560502
strong_stable,260905,rcwe,63,0.5,0.37676557912231334,0.4557228688675908,-0.785870397930242,0.12323442087768666
strong_stable,260905,rcwe,64,0.5,0.3767639681863812,0.4557196741164145,-0.7858774082485576,0.12323603181361881
strong_stable,260905,rcwe,65,0.5,0.37676370451821795,0.45571915121714135,-0.7858785556635208,0.12323629548178205
strong_stable,260905,rcwe,66,0.5,0.3767648270266746,0.4557213773405918,-0.7858736708172128,0.12323517297332542
strong_stable,260905,rcwe,67,0.5,0.37676476533147824,0.4557212549888707,-0.7858739392964713,0.12323523466852176
strong_stable,260905,rcwe,68,0.5,0.37676403483219423,0.4557198062864289,-0.7858771182237841,0.12323596516780577
strong_stable,260905,rcwe,69,0.5,0.37676422949658045,0.45572019233891387,-0.7858762710972907,0.12323577050341955
strong_stable,260905,rcwe,70,0.5,0.37676467235441363,0.455721070600005,-0.7858743439054314,0.12323532764558637
strong_stable,260905,rcwe,71,0.5,0.37676445017919064,0.4557206299895972,-0.7858753107481982,0.12323554982080936
strong_stable,260905,rcwe,72,0.25,0.37676420363151614,0.4486762200923696,-0.801453764747221,0.12676420363151614
strong_stable,260905,rcwe,73,0.5,0.3767644026968711,0.4557205358242136,-0.7858755173778461,0.12323559730312889
strong_stable,260905,rcwe,74,0.5,0.37676452408502775,0.45572077655720233,-0.7858749891310233,0.12323547591497225
strong_stable,260905,rcwe,75,0.5,0.37676436667767155,0.45572046439210323,-0.7858756741232863,0.12323563332232845
strong_stable,260905,rcwe,76,0.5,0.376764319417635,0.4557203706675138,-0.7858758797857622,0.123235680582365
strong_stable,260905,rcwe,77,0.75,0.37676443362589696,0.048524447197604244,-3.0256875421072706,0.37323556637410304
strong_stable,260905,rcwe,78,0.5,0.37676444088274647,0.4557206115531944,-0.7858753512036921,0.12323555911725353
strong_stable,260905,rcwe,79,0.5,0.37676436370954436,0.4557204585058091,-0.7858756870397441,0.12323563629045564
strong_stable,260905,persistence,60,0.5,0.5,0.5779634919413804,-0.5482445750357847,0.0
strong_stable,260905,persistence,61,0.5,0.5,0.5779634919413804,-0.5482445750357847,0.0
strong_stable,260905,persistence,62,0.5,0.5,0.5779634919413804,-0.5482445750357847,0.0
strong_stable,260905,persistence,63,0.5,0.5,0.5779634919413804,-0.5482445750357847,0.0
strong_stable,260905,persistence,64,0.5,0.5,0.5779634919413804,-0.5482445750357847,0.0
strong_stable,260905,persistence,65,0.5,0.5,0.5779634919413804,-0.5482445750357847,0.0
strong_stable,260905,persistence,66,0.5,0.5,0.5779634919413804,-0.5482445750357847,0.0
strong_stable,260905,persistence,67,0.5,0.5,0.5779634919413804,-0.5482445750357847,0.0
strong_stable,260905,persistence,68,0.5,0.5,0.5779634919413804,-0.5482445750357847,0.0
strong_stable,260905,persistence,69,0.5,0.5,0.5779634919413804,-0.5482445750357847,0.0
strong_stable,260905,persistence,70,0.5,0.5,0.5779634919413804,-0.5482445750357847,0.0
strong_stable,260905,persistence,71,0.5,0.5,0.5779634919413804,-0.5482445750357847,0.0
strong_stable,260905,persistence,72,0.25,0.5,0.2030130760238455,-1.5944848881042677,0.25
strong_stable,260905,persistence,73,0.5,0.5,0.5779634919413804,-0.5482445750357847,0.0
strong_stable,260905,persistence,74,0.5,0.5,0.5779634919413804,-0.5482445750357847,0.0
strong_stable,260905,persistence,75,0.5,0.5,0.5779634919413804,-0.5482445750357847,0.0
strong_stable,260905,persistence,76,0.5,0.5,0.5779634919413804,-0.5482445750357847,0.0
strong_stable,260905,persistence,77,0.75,0.5,0.2030130760238455,-1.5944848881042677,0.25
strong_stable,260905,persistence,78,0.5,0.5,0.5779634919413804,-0.5482445750357847,0.0
strong_stable,260905,persistence,79,0.5,0.5,0.5779634919413804,-0.5482445750357847,0.0
strong_stable,260905,ar1,60,0.5,0.5102203189745576,0.7994649791900629,-0.22381255105706455,0.010220318974557552
strong_stable,260905,ar1,61,0.5,0.5093462631666019,0.7998707367171926,-0.22330514347302877,0.00934626316660192
strong_stable,260905,ar1,62,0.5,0.5094210136276515,0.7998374471140022,-0.22334676306781687,0.009421013627651464
strong_stable,260905,ar1,63,0.5,0.5094146208648824,0.7998403044131196,-0.22334319072443123,0.009414620864882428
strong_stable,260905,ar1,64,0.5,0.5094151675827923,0.7998400601284718,-0.22334349614125482,0.009415167582792261
strong_stable,260905,ar1,65,0.5,0.5094151208267208,0.7998400810205848,-0.22334347002089178,0.009415120826720802
strong_stable,260905,ar1,66,0.5,0.5094151248253647,0.7998400792338665,-0.22334347225473627,0.009415124825364662
strong_stable,260905,ar1,67,0.5,0.5094151244833951,0.7998400793866691,-0.2233434720636947,0.009415124483395099
strong_stable,260905,ar1,68,0.5,0.5094151245126408,0.7998400793736012,-0.2233434720800328,0.009415124512640816
strong_stable,260905,ar1,69,0.5,0.5094151245101397,0.7998400793747189,-0.2233434720786355,0.009415124510139705
strong_stable,260905,ar1,70,0.5,0.5094151245103535,0.7998400793746233,-0.223343472078755,0.009415124510353534
strong_stable,260905,ar1,71,0.5,0.5094151245103353,0.7998400793746314,-0.22334347207874478,0.009415124510335326
strong_stable,260905,ar1,72,0.25,0.5094151245103369,0.0831320298217216,-2.48732521429803,0.2594151245103369
strong_stable,260905,ar1,73,0.5,0.5094151245103368,0.7998400793746308,-0.22334347207874566,0.00941512451033677
strong_stable,260905,ar1,74,0.5,0.5094151245103368,0.7998400793746308,-0.22334347207874566,0.00941512451033677
strong_stable,260905,ar1,75,0.5,0.5094151245103368,0.7998400793746308,-0.22334347207874566,0.00941512451033677
strong_stable,260905,ar1,76,0.5,0.5094151245103368,0.7998400793746308,-0.22334347207874566,0.00941512451033677
strong_stable,260905,ar1,77,0.75,0.5094151245103368,0.11690667157972538,-2.146379341305172,0.24058487548966323
strong_stable,260905,ar1,78,0.5,0.5094151245103368,0.7998400793746308,-0.22334347207874566,0.00941512451033677
strong_stable,260905,ar1,79,0.5,0.5094151245103368,0.7998400793746308,-0.22334347207874566,0.00941512451033677
strong_stable,260905,quadratic_narrative_position,60,0.5,0.4767162903947083,0.7819414985124162,-0.24597535132166426,0.02328370960529169
strong_stable,260905,quadratic_narrative_position,61,0.5,0.4765927452574832,0.7818091532285333,-0.24614461780165153,0.023407254742516814
strong_stable,260905,quadratic_narrative_position,62,0.5,0.47650463092498946,0.781714345890162,-0.24626589175569308,0.02349536907501054
strong_stable,260905,quadratic_narrative_position,63,0.5,0.4764519473972271,0.7816574949721948,-0.2463386203497565,0.023548052602772873
strong_stable,260905,quadratic_narrative_position,64,0.5,0.4764346946741961,0.7816388505791312,-0.2463624730161018,0.02356530532580392
strong_stable,260905,quadratic_narrative_position,65,0.5,0.47645287275589654,0.7816584945982599,-0.2463373414962533,0.02354712724410346
strong_stable,260905,quadratic_narrative_position,66,0.5,0.4765064816423283,0.7817163407499941,-0.24626333985512064,0.023493518357671717
strong_stable,260905,quadratic_narrative_position,67,0.5,0.4765955213334915,0.7818121345348393,-0.24614080446612147,0.02340447866650852
strong_stable,260905,quadratic_narrative_position,68,0.5,0.47671999182938607,0.7819454530775409,-0.24597029396746012,0.02328000817061393
strong_stable,260905,quadratic_narrative_position,69,0.5,0.47687989313001194,0.7821157048700278,-0.24575258919000412,0.023120106869988055
strong_stable,260905,quadratic_narrative_position,70,0.5,0.4770752252353693,0.7823221294158336,-0.2454886930575024,0.022924774764630673
strong_stable,260905,quadratic_narrative_position,71,0.5,0.477305988145458,0.7825637967797512,-0.24517983046018027,0.022694011854542007
strong_stable,260905,quadratic_narrative_position,72,0.25,0.4775721818602781,0.1492723862610341,-1.9019825462583348,0.2275721818602781
strong_stable,260905,quadratic_narrative_position,73,0.5,0.4778738063798296,0.783148289701674,-0.24443321433053442,0.022126193620170376
strong_stable,260905,quadratic_narrative_position,74,0.5,0.4782108617041124,0.7834884029198759,-0.2439990189294602,0.021789138295887578
strong_stable,260905,quadratic_narrative_position,75,0.5,0.47858334783312667,0.7838583328049376,-0.24352697291245703,0.02141665216687333
strong_stable,260905,quadratic_narrative_position,76,0.5,0.47899126476687226,0.7842562925545832,-0.243019408284523,0.02100873523312774
strong_stable,260905,quadratic_narrative_position,77,0.75,0.4794346125053493,0.07018242457344855,-2.6566573614978073,0.2705653874946507
strong_stable,260905,quadratic_narrative_position,78,0.5,0.47991339104855774,0.7851282845977198,-0.24190815468159416,0.020086608951442264
strong_stable,260905,quadratic_narrative_position,79,0.5,0.48042760039649746,0.7855978706672293,-0.24131023239969202,0.019572399603502544
strong_stable,260906,rcwe,60,0.5,0.5064782316933818,0.8831309004995942,-0.12428184417900545,0.006478231693381797
strong_stable,260906,rcwe,61,0.5,0.5064782316933476,0.883130900499607,-0.12428184417899099,0.0064782316933476025
strong_stable,260906,rcwe,62,0.5,0.5064782316933137,0.8831309004996195,-0.12428184417897675,0.006478231693313741
strong_stable,260906,rcwe,63,0.5,0.5064782316933073,0.883130900499622,-0.12428184417897403,0.006478231693307301
strong_stable,260906,rcwe,64,0.5,0.506478231693316,0.8831309004996187,-0.12428184417897764,0.006478231693315961
strong_stable,260906,rcwe,65,0.5,0.5064782316933233,0.8831309004996161,-0.12428184417898072,0.006478231693323289
strong_stable,260906,rcwe,66,0.5,0.5064782316933245,0.8831309004996155,-0.12428184417898125,0.00647823169332451
strong_stable,260906,rcwe,67,0.5,0.5064782316933224,0.8831309004996163,-0.12428184417898036,0.0064782316933224005
strong_stable,260906,rcwe,68,0.5,0.5064782316933206,0.8831309004996171,-0.12428184417897957,0.006478231693320624
strong_stable,260906,rcwe,69,0.5,0.5064782316933202,0.8831309004996172,-0.12428184417897938,0.00647823169332018
strong_stable,260906,rcwe,70,0.5,0.5064782316933201,0.8831309004996172,-0.1242818441789794,0.006478231693320069
strong_stable,260906,rcwe,71,0.75,0.5064782316933201,0.06788416258794404,-2.689952517751076,0.24352176830667993
strong_stable,260906,rcwe,72,0.5,0.5064782316933201,0.8831309004996172,-0.1242818441789794,0.006478231693320069
strong_stable,260906,rcwe,73,0.5,0.5064782316933202,0.8831309004996172,-0.12428184417897938,0.00647823169332018
strong_stable,260906,rcwe,74,0.5,0.5064782316933202,0.8831309004996172,-0.12428184417897938,0.00647823169332018
strong_stable,260906,rcwe,75,0.5,0.5064782316933203,0.8831309004996172,-0.12428184417897944,0.006478231693320291
strong_stable,260906,rcwe,76,0.75,0.5064782316933204,0.06788416258794458,-2.689952517751068,0.2435217683066796
strong_stable,260906,rcwe,77,0.5,0.5064782316933205,0.8831309004996171,-0.12428184417897957,0.006478231693320513
strong_stable,260906,rcwe,78,0.5,0.5064782316933206,0.8831309004996171,-0.12428184417897957,0.006478231693320624
strong_stable,260906,rcwe,79,0.5,0.5064782316933206,0.8831309004996171,-0.12428184417897957,0.006478231693320624
strong_stable,260906,persistence,60,0.5,0.5,0.6757022280024225,-0.3920027911045627,0.0
strong_stable,260906,persistence,61,0.5,0.5,0.6757022280024225,-0.3920027911045627,0.0
strong_stable,260906,persistence,62,0.5,0.5,0.6757022280024225,-0.3920027911045627,0.0
strong_stable,260906,persistence,63,0.5,0.5,0.6757022280024225,-0.3920027911045627,0.0
strong_stable,260906,persistence,64,0.5,0.5,0.6757022280024225,-0.3920027911045627,0.0
strong_stable,260906,persistence,65,0.5,0.5,0.6757022280024225,-0.3920027911045627,0.0
strong_stable,260906,persistence,66,0.5,0.5,0.6757022280024225,-0.3920027911045627,0.0
strong_stable,260906,persistence,67,0.5,0.5,0.6757022280024225,-0.3920027911045627,0.0
strong_stable,260906,persistence,68,0.5,0.5,0.6757022280024225,-0.3920027911045627,0.0
strong_stable,260906,persistence,69,0.5,0.5,0.6757022280024225,-0.3920027911045627,0.0
strong_stable,260906,persistence,70,0.5,0.5,0.6757022280024225,-0.3920027911045627,0.0
strong_stable,260906,persistence,71,0.75,0.5,0.16059561276962103,-1.8288657955909247,0.25
strong_stable,260906,persistence,72,0.5,0.5,0.6757022280024225,-0.3920027911045627,0.0
strong_stable,260906,persistence,73,0.5,0.5,0.6757022280024225,-0.3920027911045627,0.0
strong_stable,260906,persistence,74,0.5,0.5,0.6757022280024225,-0.3920027911045627,0.0
strong_stable,260906,persistence,75,0.5,0.5,0.6757022280024225,-0.3920027911045627,0.0
strong_stable,260906,persistence,76,0.75,0.5,0.16059561276962103,-1.8288657955909247,0.25
strong_stable,260906,persistence,77,0.5,0.5,0.6757022280024225,-0.3920027911045627,0.0
strong_stable,260906,persistence,78,0.5,0.5,0.6757022280024225,-0.3920027911045627,0.0
strong_stable,260906,persistence,79,0.5,0.5,0.6757022280024225,-0.3920027911045627,0.0
strong_stable,260906,ar1,60,0.5,0.5157557329427543,0.8474990469894222,-0.1654655642244209,0.01575573294275434
strong_stable,260906,ar1,61,0.5,0.5155839050892097,0.8476452475878925,-0.16529307082748657,0.015583905089209704
strong_stable,260906,ar1,62,0.5,0.5155857789983043,0.8476436617241866,-0.165294941734206,0.015585778998304267
strong_stable,260906,ar1,63,0.5,0.5155857585619477,0.8476436790202148,-0.16529492132937226,0.01558575856194766
strong_stable,260906,ar1,64,0.5,0.5155857587848212,0.847643678831589,-0.1652949215519018,0.015585758784821158
strong_stable,260906,ar1,65,0.5,0.5155857587823905,0.8476436788336461,-0.16529492154947498,0.015585758782390546
strong_stable,260906,ar1,66,0.5,0.5155857587824171,0.8476436788336236,-0.16529492154950154,0.01558575878241708
strong_stable,260906,ar1,67,0.5,0.5155857587824167,0.8476436788336238,-0.1652949215495012,0.015585758782416748
strong_stable,260906,ar1,68,0.5,0.5155857587824167,0.8476436788336238,-0.1652949215495012,0.015585758782416748
strong_stable,260906,ar1,69,0.5,0.5155857587824167,0.8476436788336238,-0.1652949215495012,0.015585758782416748
strong_stable,260906,ar1,70,0.5,0.5155857587824167,0.8476436788336238,-0.1652949215495012,0.015585758782416748
strong_stable,260906,ar1,71,0.75,0.5155857587824167,0.10143378617263907,-2.2883490463540097,0.23441424121758325
strong_stable,260906,ar1,72,0.5,0.5155857587824167,0.8476436788336238,-0.1652949215495012,0.015585758782416748
strong_stable,260906,ar1,73,0.5,0.5155857587824167,0.8476436788336238,-0.1652949215495012,0.015585758782416748
strong_stable,260906,ar1,74,0.5,0.5155857587824167,0.8476436788336238,-0.1652949215495012,0.015585758782416748
strong_stable,260906,ar1,75,0.5,0.5155857587824167,0.8476436788336238,-0.1652949215495012,0.015585758782416748
strong_stable,260906,ar1,76,0.75,0.5155857587824167,0.10143378617263907,-2.2883490463540097,0.23441424121758325
strong_stable,260906,ar1,77,0.5,0.5155857587824167,0.8476436788336238,-0.1652949215495012,0.015585758782416748
strong_stable,260906,ar1,78,0.5,0.5155857587824167,0.8476436788336238,-0.1652949215495012,0.015585758782416748
strong_stable,260906,ar1,79,0.5,0.5155857587824167,0.8476436788336238,-0.1652949215495012,0.015585758782416748
strong_stable,260906,quadratic_narrative_position,60,0.5,0.5651521180847396,0.7391450044268376,-0.3022611601956062,0.06515211808473964
strong_stable,260906,quadratic_narrative_position,61,0.5,0.5703426662281819,0.7220688123762352,-0.325634836630504,0.07034266622818186
strong_stable,260906,quadratic_narrative_position,62,0.5,0.5756955275413043,0.703427572352266,-0.3517903610294311,0.07569552754130426
strong_stable,260906,quadratic_narrative_position,63,0.5,0.5812107020241067,0.6832086351480917,-0.3809549973193677,0.08121070202410674
strong_stable,260906,quadratic_narrative_position,64,0.5,0.5868881896765893,0.6614174877478582,-0.4133700382822374,0.08688818967658929
strong_stable,260906,quadratic_narrative_position,65,0.5,0.5927279904987519,0.638080106545752,-0.44929144467005866,0.09272799049875191
strong_stable,260906,quadratic_narrative_position,66,0.5,0.5987301044905946,0.6132451914387543,-0.48899043698515754,0.0987301044905946
strong_stable,260906,quadratic_narrative_position,67,0.5,0.6048945316521173,0.5869861650373835,-0.5327540283629958,0.10489453165211726
strong_stable,260906,quadratic_narrative_position,68,0.5,0.6112212719833201,0.5594028025368384,-0.580885488329011,0.1112212719833201
strong_stable,260906,quadratic_narrative_position,69,0.5,0.617710325484203,0.5306223431390162,-0.6337047289697837,0.11771032548420302
strong_stable,260906,quadratic_narrative_position,70,0.5,0.624361692154766,0.5007999258868647,-0.6915486071857465,0.124361692154766
strong_stable,260906,quadratic_narrative_position,71,0.75,0.6311753719950091,0.5256436221669392,-0.6431318202652587,0.11882462800499094
strong_stable,260906,quadratic_narrative_position,72,0.5,0.6381513650049322,0.4387859259629305,-0.8237436250176597,0.1381513650049322
strong_stable,260906,quadratic_narrative_position,73,0.5,0.6452896711845353,0.40703557619960473,-0.8988546865498046,0.14528967118453529
strong_stable,260906,quadratic_narrative_position,74,0.5,0.6525902905338186,0.37511965701608607,-0.9805102185324087,0.15259029053381856
strong_stable,260906,quadratic_narrative_position,75,0.5,0.6600532230527819,0.3433059447177023,-1.0691332622754601,0.1600532230527819
strong_stable,260906,quadratic_narrative_position,76,0.75,0.6676784687414253,0.6790199153536771,-0.3871048214357827,0.08232153125857467
strong_stable,260906,quadratic_narrative_position,77,0.5,0.6754660275997487,0.2810961409784778,-1.2690585294510501,0.17546602759974872
strong_stable,260906,quadratic_narrative_position,78,0.5,0.6834158996277523,0.2512541056215867,-1.381290478959926,0.1834158996277523
strong_stable,260906,quadratic_narrative_position,79,0.5,0.6915280848254359,0.22260670421967663,-1.5023487228059194,0.19152808482543593
strong_stable,260907,rcwe,60,0.5,0.4794425724229647,0.8480997257266631,-0.16475704901193722,0.020557427577035325
strong_stable,260907,rcwe,61,0.25,0.479448807161218,0.10890777671853182,-2.21725384003614,0.22944880716121802
strong_stable,260907,rcwe,62,0.25,0.47946053713152775,0.10888194895895012,-2.217491020735298,0.22946053713152775
strong_stable,260907,rcwe,63,0.5,0.47946447917813356,0.8481243730161135,-0.1647279876520964,0.020535520821866438
strong_stable,260907,rcwe,64,0.5,0.4794589436800709,0.8481181474676677,-0.16473532805109087,0.020541056319929085
strong_stable,260907,rcwe,65,0.5,0.4794521815284208,0.8481105401128182,-0.16474429777894095,0.020547818471579216
strong_stable,260907,rcwe,66,0.5,0.47945129127036495,0.8481095383977182,-0.16474547889348226,0.020548708729635046
strong_stable,260907,rcwe,67,0.5,0.4794554700562352,0.8481142399822234,-0.16473993530357972,0.020544529943764822
strong_stable,260907,rcwe,68,0.5,0.4794590898166096,0.8481183118426681,-0.16473513423966857,0.020540910183390382
strong_stable,260907,rcwe,69,0.5,0.4794587007835257,0.8481178742540557,-0.16473565019212366,0.020541299216474296
strong_stable,260907,rcwe,70,0.5,0.4794558454000946,0.8481146622384924,-0.16473943742706254,0.020544154599905384
strong_stable,260907,rcwe,71,0.5,0.47945408215648766,0.8481126785497168,-0.16474177636916998,0.02054591784351234
strong_stable,260907,rcwe,72,0.5,0.4794548554098024,0.8481135484977269,-0.16474075062390534,0.020545144590197573
strong_stable,260907,rcwe,73,0.5,0.4794566634166343,0.8481155824686686,-0.16473835239726892,0.020543336583365712
strong_stable,260907,rcwe,74,0.5,0.479457404703222,0.8481164163501286,-0.16473736918098653,0.020542595296777988
strong_stable,260907,rcwe,75,0.5,0.4794566470036753,0.848115564005215,-0.1647383741672424,0.020543352996324704
strong_stable,260907,rcwe,76,0.5,0.47945557778204845,0.8481143611729401,-0.16473979240925912,0.020544422217951552
strong_stable,260907,rcwe,77,0.75,0.47945535330408623,0.042976539900291995,-3.147100895887664,0.27054464669591377
strong_stable,260907,rcwe,78,0.5,0.479455954234322,0.8481147846739635,-0.1647392930651411,0.020544045765677976
strong_stable,260907,rcwe,79,0.5,0.47945654345267924,0.84811544751711,-0.1647385115165825,0.02054345654732076
strong_stable,260907,persistence,60,0.5,0.5,0.5272693312868628,-0.6400437959295844,0.0
strong_stable,260907,persistence,61,0.25,0.5,0.22075032598747057,-1.5107229627722245,0.25
strong_stable,260907,persistence,62,0.25,0.5,0.22075032598747057,-1.5107229627722245,0.25
strong_stable,260907,persistence,63,0.5,0.5,0.5272693312868628,-0.6400437959295844,0.0
strong_stable,260907,persistence,64,0.5,0.5,0.5272693312868628,-0.6400437959295844,0.0
strong_stable,260907,persistence,65,0.5,0.5,0.5272693312868628,-0.6400437959295844,0.0
strong_stable,260907,persistence,66,0.5,0.5,0.5272693312868628,-0.6400437959295844,0.0
strong_stable,260907,persistence,67,0.5,0.5,0.5272693312868628,-0.6400437959295844,0.0
strong_stable,260907,persistence,68,0.5,0.5,0.5272693312868628,-0.6400437959295844,0.0
strong_stable,260907,persistence,69,0.5,0.5,0.5272693312868628,-0.6400437959295844,0.0
strong_stable,260907,persistence,70,0.5,0.5,0.5272693312868628,-0.6400437959295844,0.0
strong_stable,260907,persistence,71,0.5,0.5,0.5272693312868628,-0.6400437959295844,0.0
strong_stable,260907,persistence,72,0.5,0.5,0.5272693312868628,-0.6400437959295844,0.0
strong_stable,260907,persistence,73,0.5,0.5,0.5272693312868628,-0.6400437959295844,0.0
strong_stable,260907,persistence,74,0.5,0.5,0.5272693312868628,-0.6400437959295844,0.0
strong_stable,260907,persistence,75,0.5,0.5,0.5272693312868628,-0.6400437959295844,0.0
strong_stable,260907,persistence,76,0.5,0.5,0.5272693312868628,-0.6400437959295844,0.0
strong_stable,260907,persistence,77,0.75,0.5,0.22075032598747057,-1.5107229627722245,0.25
strong_stable,260907,persistence,78,0.5,0.5,0.5272693312868628,-0.6400437959295844,0.0
strong_stable,260907,persistence,79,0.5,0.5,0.5272693312868628,-0.6400437959295844,0.0
strong_stable,260907,ar1,60,0.5,0.49205957505178394,0.7150825857315631,-0.33535723843859416,0.007940424948216063
strong_stable,260907,ar1,61,0.25,0.49210816752764697,0.15683098764168069,-1.8525865653253093,0.24210816752764697
strong_stable,260907,ar1,62,0.25,0.4921078701595935,0.15683159488369328,-1.8525826933810838,0.2421078701595935
strong_stable,260907,ar1,63,0.5,0.49210787197937644,0.7150961017302085,-0.3353383373057996,0.007892128020623557
strong_stable,260907,ar1,64,0.5,0.4921078719682401,0.7150961017271014,-0.3353383373101446,0.007892128031759926
strong_stable,260907,ar1,65,0.5,0.49210787196830824,0.7150961017271206,-0.33533833731011786,0.007892128031691759
strong_stable,260907,ar1,66,0.5,0.4921078719683078,0.7150961017271203,-0.3353383373101181,0.007892128031692203
strong_stable,260907,ar1,67,0.5,0.4921078719683078,0.7150961017271203,-0.3353383373101181,0.007892128031692203
strong_stable,260907,ar1,68,0.5,0.4921078719683078,0.7150961017271203,-0.3353383373101181,0.007892128031692203
strong_stable,260907,ar1,69,0.5,0.4921078719683078,0.7150961017271203,-0.3353383373101181,0.007892128031692203
strong_stable,260907,ar1,70,0.5,0.4921078719683078,0.7150961017271203,-0.3353383373101181,0.007892128031692203
strong_stable,260907,ar1,71,0.5,0.4921078719683078,0.7150961017271203,-0.3353383373101181,0.007892128031692203
strong_stable,260907,ar1,72,0.5,0.4921078719683078,0.7150961017271203,-0.3353383373101181,0.007892128031692203
strong_stable,260907,ar1,73,0.5,0.4921078719683078,0.7150961017271203,-0.3353383373101181,0.007892128031692203
strong_stable,260907,ar1,74,0.5,0.4921078719683078,0.7150961017271203,-0.3353383373101181,0.007892128031692203
strong_stable,260907,ar1,75,0.5,0.4921078719683078,0.7150961017271203,-0.3353383373101181,0.007892128031692203
strong_stable,260907,ar1,76,0.5,0.4921078719683078,0.7150961017271203,-0.3353383373101181,0.007892128031692203
strong_stable,260907,ar1,77,0.75,0.4921078719683078,0.12673641051601386,-2.065645857122565,0.2578921280316922
strong_stable,260907,ar1,78,0.5,0.4921078719683078,0.7150961017271203,-0.3353383373101181,0.007892128031692203
strong_stable,260907,ar1,79,0.5,0.4921078719683078,0.7150961017271203,-0.3353383373101181,0.007892128031692203
strong_stable,260907,quadratic_narrative_position,60,0.5,0.4777896607453054,0.7055415453812028,-0.34878962156879817,0.022210339254694622
strong_stable,260907,quadratic_narrative_position,61,0.25,0.4785737149646089,0.18698756912786949,-1.6767131395891628,0.22857371496460888
strong_stable,260907,quadratic_narrative_position,62,0.25,0.47941094524665134,0.18509440563272742,-1.6868892833454996,0.22941094524665134
strong_stable,260907,quadratic_narrative_position,63,0.5,0.4803013515914329,0.7073718457798034,-0.3461988025789706,0.01969864840856711
strong_stable,260907,quadratic_narrative_position,64,0.5,0.48124493399895335,0.708003767086546,-0.34530586455886336,0.01875506600104665
strong_stable,260907,quadratic_narrative_position,65,0.5,0.4822416924692129,0.7086381391219214,-0.3444102647957932,0.01775830753078711
strong_stable,260907,quadratic_narrative_position,66,0.5,0.4832916270022114,0.7092694169900727,-0.3435198288754249,0.0167083729977886
strong_stable,260907,quadratic_narrative_position,67,0.5,0.48439473759794893,0.7098917413258552,-0.3426427975784142,0.015605262402051068
strong_stable,260907,quadratic_narrative_position,68,0.5,0.48555102425642543,0.7104989375572925,-0.34178782679121933,0.014448975743574566
strong_stable,260907,quadratic_narrative_position,69,0.5,0.48676048697764096,0.7110845156899182,-0.3409639874810361,0.01323951302235904
strong_stable,260907,quadratic_narrative_position,70,0.5,0.4880231257615955,0.7116416706980998,-0.34018076574519707,0.011976874238404489
strong_stable,260907,quadratic_narrative_position,71,0.5,0.4893389406082891,0.712163283612614,-0.3394480629458835,0.010661059391710914
strong_stable,260907,quadratic_narrative_position,72,0.5,0.4907079315177216,0.7126419233977476,-0.3387761959414909,0.009292068482278426
strong_stable,260907,quadratic_narrative_position,73,0.5,0.4921300984898932,0.7130698497150267,-0.3381758974264614,0.007869901510106803
strong_stable,260907,quadratic_narrative_position,74,0.5,0.4936054415248037,0.7134390166742532,-0.3376583163918587,0.006394558475196321
strong_stable,260907,quadratic_narrative_position,75,0.5,0.4951339606224533,0.7137410776758035,-0.33723501871939765,0.004866039377546705
strong_stable,260907,quadratic_narrative_position,76,0.5,0.4967156557828418,0.7139673914510887,-0.33691798792204014,0.003284344217158175
strong_stable,260907,quadratic_narrative_position,77,0.75,0.4983505270059694,0.13911649927024186,-1.972443572635103,0.2516494729940306
strong_stable,260907,quadratic_narrative_position,78,0.5,0.500038574291836,0.714156784410736,-0.33665275473859746,3.857429183595773e-05
strong_stable,260907,quadratic_narrative_position,79,0.5,0.5017797976404416,0.7141011810529917,-0.33673061652423697,0.0017797976404415605
strong_stable,260908,rcwe,60,0.5,0.37676458140870095,0.4557208902395812,-0.785874739674842,0.12323541859129905
strong_stable,260908,rcwe,61,0.5,0.37676252611368316,0.4557168142319499,-0.7858836838025894,0.12323747388631684
strong_stable,260908,rcwe,62,0.75,0.376764668964395,0.04852460383244526,-3.025684314155233,0.373235331035605
strong_stable,260908,rcwe,63,0.5,0.37676557912231334,0.4557228688675908,-0.785870397930242,0.12323442087768666
strong_stable,260908,rcwe,64,0.5,0.3767639681863812,0.4557196741164145,-0.7858774082485576,0.12323603181361881
strong_stable,260908,rcwe,65,0.5,0.37676370451821795,0.45571915121714135,-0.7858785556635208,0.12323629548178205
strong_stable,260908,rcwe,66,0.5,0.3767648270266746,0.4557213773405918,-0.7858736708172128,0.12323517297332542
strong_stable,260908,rcwe,67,0.75,0.37676476533147824,0.048524667971844786,-3.0256829923647994,0.37323523466852176
strong_stable,260908,rcwe,68,0.5,0.37676403483219423,0.4557198062864289,-0.7858771182237841,0.12323596516780577
strong_stable,260908,rcwe,69,0.5,0.37676422949658045,0.45572019233891387,-0.7858762710972907,0.12323577050341955
strong_stable,260908,rcwe,70,0.5,0.37676467235441363,0.455721070600005,-0.7858743439054314,0.12323532764558637
strong_stable,260908,rcwe,71,0.75,0.37676445017919064,0.048524458215008795,-3.0256873150587635,0.37323554982080936
strong_stable,260908,rcwe,72,0.5,0.37676420363151614,0.4557201410441224,-0.7858763836549417,0.12323579636848386
strong_stable,260908,rcwe,73,0.5,0.3767644026968711,0.4557205358242136,-0.7858755173778461,0.12323559730312889
strong_stable,260908,rcwe,74,0.5,0.37676452408502775,0.45572077655720233,-0.7858749891310233,0.12323547591497225
strong_stable,260908,rcwe,75,0.5,0.37676436667767155,0.45572046439210323,-0.7858756741232863,0.12323563332232845
strong_stable,260908,rcwe,76,0.5,0.376764319417635,0.4557203706675138,-0.7858758797857622,0.123235680582365
strong_stable,260908,rcwe,77,0.5,0.37676443362589696,0.4557205971616482,-0.7858753827834497,0.12323556637410304
strong_stable,260908,rcwe,78,0.5,0.37676444088274647,0.4557206115531944,-0.7858753512036921,0.12323555911725353
strong_stable,260908,rcwe,79,0.5,0.37676436370954436,0.4557204585058091,-0.7858756870397441,0.12323563629045564
strong_stable,260908,persistence,60,0.5,0.5,0.6211687289768241,-0.47615252867716285,0.0
strong_stable,260908,persistence,61,0.5,0.5,0.6211687289768241,-0.47615252867716285,0.0
strong_stable,260908,persistence,62,0.75,0.5,0.185272233027374,-1.6859290056652259,0.25
strong_stable,260908,persistence,63,0.5,0.5,0.6211687289768241,-0.47615252867716285,0.0
strong_stable,260908,persistence,64,0.5,0.5,0.6211687289768241,-0.47615252867716285,0.0
strong_stable,260908,persistence,65,0.5,0.5,0.6211687289768241,-0.47615252867716285,0.0
strong_stable,260908,persistence,66,0.5,0.5,0.6211687289768241,-0.47615252867716285,0.0
strong_stable,260908,persistence,67,0.75,0.5,0.185272233027374,-1.6859290056652259,0.25
strong_stable,260908,persistence,68,0.5,0.5,0.6211687289768241,-0.47615252867716285,0.0
strong_stable,260908,persistence,69,0.5,0.5,0.6211687289768241,-0.47615252867716285,0.0
strong_stable,260908,persistence,70,0.5,0.5,0.6211687289768241,-0.47615252867716285,0.0
strong_stable,260908,persistence,71,0.75,0.5,0.185272233027374,-1.6859290056652259,0.25
strong_stable,260908,persistence,72,0.5,0.5,0.6211687289768241,-0.47615252867716285,0.0
strong_stable,260908,persistence,73,0.5,0.5,0.6211687289768241,-0.47615252867716285,0.0
strong_stable,260908,persistence,74,0.5,0.5,0.6211687289768241,-0.47615252867716285,0.0
strong_stable,260908,persistence,75,0.5,0.5,0.6211687289768241,-0.47615252867716285,0.0
strong_stable,260908,persistence,76,0.5,0.5,0.6211687289768241,-0.47615252867716285,0.0
strong_stable,260908,persistence,77,0.5,0.5,0.6211687289768241,-0.47615252867716285,0.0
strong_stable,260908,persistence,78,0.5,0.5,0.6211687289768241,-0.47615252867716285,0.0
strong_stable,260908,persistence,79,0.5,0.5,0.6211687289768241,-0.47615252867716285,0.0
strong_stable,260908,ar1,60,0.5,0.49698965110855176,0.7870690765010926,-0.23943926249639658,0.0030103488914482446
strong_stable,260908,ar1,61,0.5,0.496563693301231,0.7870066791455186,-0.2395185437576483,0.003436306698768987
strong_stable,260908,ar1,62,0.75,0.49650342119983676,0.10002251517992142,-2.302359966537694,0.25349657880016324
strong_stable,260908,ar1,63,0.5,0.4964948928288478,0.7869958276970811,-0.23953233210727348,0.003505107171152211
strong_stable,260908,ar1,64,0.5,0.49649368608293976,0.7869956354464798,-0.23953257639144643,0.003506313917060244
strong_stable,260908,ar1,65,0.5,0.49649351533102376,0.7869956082380972,-0.23953261096391637,0.0035064846689762397
strong_stable,260908,ar1,66,0.5,0.4964934911699998,0.7869956043880636,-0.23953261585598137,0.003506508830000199
strong_stable,260908,ar1,67,0.75,0.49649348775126756,0.100005156447313,-2.3025335298503173,0.25350651224873244
strong_stable,260908,ar1,68,0.5,0.4964934872675244,0.7869956037662058,-0.23953261664614817,0.0035065127324755974
strong_stable,260908,ar1,69,0.5,0.4964934871990758,0.7869956037552985,-0.23953261666000755,0.0035065128009241775
strong_stable,260908,ar1,70,0.5,0.49649348718939046,0.7869956037537551,-0.23953261666196868,0.003506512810609541
strong_stable,260908,ar1,71,0.75,0.49649348718802,0.10000515546309836,-2.3025335396919564,0.25350651281198
strong_stable,260908,ar1,72,0.5,0.4964934871878261,0.7869956037535059,-0.2395326166622854,0.003506512812173901
strong_stable,260908,ar1,73,0.5,0.4964934871877987,0.7869956037535013,-0.2395326166622912,0.0035065128122013234
strong_stable,260908,ar1,74,0.5,0.4964934871877948,0.7869956037535009,-0.2395326166622918,0.003506512812205209
strong_stable,260908,ar1,75,0.5,0.49649348718779424,0.7869956037535007,-0.23953261666229192,0.0035065128122057643
strong_stable,260908,ar1,76,0.5,0.4964934871877942,0.7869956037535006,-0.23953261666229198,0.00350651281220582
strong_stable,260908,ar1,77,0.5,0.4964934871877942,0.7869956037535006,-0.23953261666229198,0.00350651281220582
strong_stable,260908,ar1,78,0.5,0.4964934871877942,0.7869956037535006,-0.23953261666229198,0.00350651281220582
strong_stable,260908,ar1,79,0.5,0.4964934871877942,0.7869956037535006,-0.23953261666229198,0.00350651281220582
strong_stable,260908,quadratic_narrative_position,60,0.5,0.5677187119234306,0.6894344423900671,-0.37188366619654967,0.0677187119234306
strong_stable,260908,quadratic_narrative_position,61,0.5,0.5723456134588453,0.676333371991156,-0.3910691706664899,0.07234561345884527
strong_stable,260908,quadratic_narrative_position,62,0.75,0.5770751207254882,0.31453644377480156,-1.156655331097793,0.17292487927451183
strong_stable,260908,quadratic_narrative_position,63,0.5,0.5819072337233595,0.6473068607002007,-0.43493481453704846,0.08190723372335951
strong_stable,260908,quadratic_narrative_position,64,0.5,0.586841952452459,0.6313954305425252,-0.45982293990925854,0.08684195245245896
strong_stable,260908,quadratic_narrative_position,65,0.5,0.5918792769127867,0.6145735362204597,-0.48682668875419155,0.09187927691278674
strong_stable,260908,quadratic_narrative_position,66,0.5,0.5970192071043429,0.596867340346249,-0.5160604007572355,0.09701920710434286
strong_stable,260908,quadratic_narrative_position,67,0.75,0.6022617430271271,0.4069109625808534,-0.8991608826297379,0.1477382569728729
strong_stable,260908,quadratic_narrative_position,68,0.5,0.6076068846811398,0.558948994230964,-0.5816970546574132,0.10760688468113977
strong_stable,260908,quadratic_narrative_position,69,0.5,0.6130546320663806,0.5388322351548226,-0.6183510085539762,0.11305463206638056
strong_stable,260908,quadratic_narrative_position,70,0.5,0.6186049851828498,0.5180222091706538,-0.657737162794932,0.11860498518284979
strong_stable,260908,quadratic_narrative_position,71,0.75,0.6242579440305471,0.49093300162877396,-0.7114476133927137,0.12574205596945287
strong_stable,260908,quadratic_narrative_position,72,0.5,0.630013508609473,0.47461079661305294,-0.745260186370593,0.13001350860947303
strong_stable,260908,quadratic_narrative_position,73,0.5,0.635871678919627,0.4521748356656367,-0.7936863693695154,0.13587167891962704
strong_stable,260908,quadratic_narrative_position,74,0.5,0.6418324549610093,0.42937547875661497,-0.8454235009980169,0.14183245496100927
strong_stable,260908,quadratic_narrative_position,75,0.5,0.6478958367336198,0.4063141119759512,-0.900628743694875,0.14789583673361983
strong_stable,260908,quadratic_narrative_position,76,0.5,0.6540618242374586,0.38309804735925373,-0.9594643242364383,0.15406182423745862
strong_stable,260908,quadratic_narrative_position,77,0.5,0.6603304174725257,0.3598393679826207,-1.0220975471571208,0.16033041747252574
strong_stable,260908,quadratic_narrative_position,78,0.5,0.6667016164388212,0.33665359177972587,-1.088700794866934,0.1667016164388212
strong_stable,260908,quadratic_narrative_position,79,0.5,0.6731754211363448,0.3136581705414075,-1.1594515149096907,0.17317542113634476
strong_stable,260909,rcwe,60,0.5,0.37676458140870095,0.4557208902395812,-0.785874739674842,0.12323541859129905
strong_stable,260909,rcwe,61,0.5,0.37676252611368316,0.4557168142319499,-0.7858836838025894,0.12323747388631684
strong_stable,260909,rcwe,62,0.25,0.376764668964395,0.44867528515940935,-0.8014558485080545,0.12676466896439498
strong_stable,260909,rcwe,63,0.5,0.37676557912231334,0.4557228688675908,-0.785870397930242,0.12323442087768666
strong_stable,260909,rcwe,64,0.5,0.3767639681863812,0.4557196741164145,-0.7858774082485576,0.12323603181361881
strong_stable,260909,rcwe,65,0.5,0.37676370451821795,0.45571915121714135,-0.7858785556635208,0.12323629548178205
strong_stable,260909,rcwe,66,0.5,0.3767648270266746,0.4557213773405918,-0.7858736708172128,0.12323517297332542
strong_stable,260909,rcwe,67,0.5,0.37676476533147824,0.4557212549888707,-0.7858739392964713,0.12323523466852176
strong_stable,260909,rcwe,68,0.5,0.37676403483219423,0.4557198062864289,-0.7858771182237841,0.12323596516780577
strong_stable,260909,rcwe,69,0.25,0.37676422949658045,0.44867616812509314,-0.8014538805707864,0.12676422949658045
strong_stable,260909,rcwe,70,0.5,0.37676467235441363,0.455721070600005,-0.7858743439054314,0.12323532764558637
strong_stable,260909,rcwe,71,0.5,0.37676445017919064,0.4557206299895972,-0.7858753107481982,0.12323554982080936
strong_stable,260909,rcwe,72,0.5,0.37676420363151614,0.4557201410441224,-0.7858763836549417,0.12323579636848386
strong_stable,260909,rcwe,73,0.5,0.3767644026968711,0.4557205358242136,-0.7858755173778461,0.12323559730312889
strong_stable,260909,rcwe,74,0.5,0.37676452408502775,0.45572077655720233,-0.7858749891310233,0.12323547591497225
strong_stable,260909,rcwe,75,0.5,0.37676436667767155,0.45572046439210323,-0.7858756741232863,0.12323563332232845
strong_stable,260909,rcwe,76,0.5,0.376764319417635,0.4557203706675138,-0.7858758797857622,0.123235680582365
strong_stable,260909,rcwe,77,0.5,0.37676443362589696,0.4557205971616482,-0.7858753827834497,0.12323556637410304
strong_stable,260909,rcwe,78,0.25,0.37676444088274647,0.44867574341445543,-0.8014548271573646,0.12676444088274647
strong_stable,260909,rcwe,79,0.5,0.37676436370954436,0.4557204585058091,-0.7858756870397441,0.12323563629045564
strong_stable,260909,persistence,60,0.5,0.5,0.6757022280062785,-0.39200279109885594,0.0
strong_stable,260909,persistence,61,0.5,0.5,0.6757022280062785,-0.39200279109885594,0.0
strong_stable,260909,persistence,62,0.25,0.5,0.16059561276781173,-1.8288657956021908,0.25
strong_stable,260909,persistence,63,0.5,0.5,0.6757022280062785,-0.39200279109885594,0.0
strong_stable,260909,persistence,64,0.5,0.5,0.6757022280062785,-0.39200279109885594,0.0
strong_stable,260909,persistence,65,0.5,0.5,0.6757022280062785,-0.39200279109885594,0.0
strong_stable,260909,persistence,66,0.5,0.5,0.6757022280062785,-0.39200279109885594,0.0
strong_stable,260909,persistence,67,0.5,0.5,0.6757022280062785,-0.39200279109885594,0.0
strong_stable,260909,persistence,68,0.5,0.5,0.6757022280062785,-0.39200279109885594,0.0
strong_stable,260909,persistence,69,0.25,0.5,0.16059561276781173,-1.8288657956021908,0.25
strong_stable,260909,persistence,70,0.5,0.5,0.6757022280062785,-0.39200279109885594,0.0
strong_stable,260909,persistence,71,0.5,0.5,0.6757022280062785,-0.39200279109885594,0.0
strong_stable,260909,persistence,72,0.5,0.5,0.6757022280062785,-0.39200279109885594,0.0
strong_stable,260909,persistence,73,0.5,0.5,0.6757022280062785,-0.39200279109885594,0.0
strong_stable,260909,persistence,74,0.5,0.5,0.6757022280062785,-0.39200279109885594,0.0
strong_stable,260909,persistence,75,0.5,0.5,0.6757022280062785,-0.39200279109885594,0.0
strong_stable,260909,persistence,76,0.5,0.5,0.6757022280062785,-0.39200279109885594,0.0
strong_stable,260909,persistence,77,0.5,0.5,0.6757022280062785,-0.39200279109885594,0.0
strong_stable,260909,persistence,78,0.25,0.5,0.16059561276781173,-1.8288657956021908,0.25
strong_stable,260909,persistence,79,0.5,0.5,0.6757022280062785,-0.39200279109885594,0.0
strong_stable,260909,ar1,60,0.5,0.49482862546580814,0.8475476006353969,-0.16540827536330782,0.005171374534191864
strong_stable,260909,ar1,61,0.5,0.49483324640598464,0.8475488858521762,-0.16540675896965168,0.005166753594015361
strong_stable,260909,ar1,62,0.25,0.4948332422768913,0.08468052074546217,-2.4688696831658623,0.2448332422768913
strong_stable,260909,ar1,63,0.5,0.4948332422805809,0.8475488847052943,-0.16540676032282667,0.005166757719419102
strong_stable,260909,ar1,64,0.5,0.4948332422805776,0.8475488847052934,-0.16540676032282778,0.005166757719422377
strong_stable,260909,ar1,65,0.5,0.4948332422805776,0.8475488847052934,-0.16540676032282778,0.005166757719422377
strong_stable,260909,ar1,66,0.5,0.4948332422805776,0.8475488847052934,-0.16540676032282778,0.005166757719422377
strong_stable,260909,ar1,67,0.5,0.4948332422805776,0.8475488847052934,-0.16540676032282778,0.005166757719422377
strong_stable,260909,ar1,68,0.5,0.4948332422805776,0.8475488847052934,-0.16540676032282778,0.005166757719422377
strong_stable,260909,ar1,69,0.25,0.4948332422805776,0.08468052073890416,-2.4688696832433066,0.24483324228057762
strong_stable,260909,ar1,70,0.5,0.4948332422805776,0.8475488847052934,-0.16540676032282778,0.005166757719422377
strong_stable,260909,ar1,71,0.5,0.4948332422805776,0.8475488847052934,-0.16540676032282778,0.005166757719422377
strong_stable,260909,ar1,72,0.5,0.4948332422805776,0.8475488847052934,-0.16540676032282778,0.005166757719422377
strong_stable,260909,ar1,73,0.5,0.4948332422805776,0.8475488847052934,-0.16540676032282778,0.005166757719422377
strong_stable,260909,ar1,74,0.5,0.4948332422805776,0.8475488847052934,-0.16540676032282778,0.005166757719422377
strong_stable,260909,ar1,75,0.5,0.4948332422805776,0.8475488847052934,-0.16540676032282778,0.005166757719422377
strong_stable,260909,ar1,76,0.5,0.4948332422805776,0.8475488847052934,-0.16540676032282778,0.005166757719422377
strong_stable,260909,ar1,77,0.5,0.4948332422805776,0.8475488847052934,-0.16540676032282778,0.005166757719422377
strong_stable,260909,ar1,78,0.25,0.4948332422805776,0.08468052073890416,-2.4688696832433066,0.24483324228057762
strong_stable,260909,ar1,79,0.5,0.4948332422805776,0.8475488847052934,-0.16540676032282778,0.005166757719422377
strong_stable,260909,quadratic_narrative_position,60,0.5,0.5409432945974322,0.800381296547674,-0.2226670441771778,0.04094329459743218
strong_stable,260909,quadratic_narrative_position,61,0.5,0.5444154948348775,0.7927860049724191,-0.23220194878057052,0.0444154948348775
strong_stable,260909,quadratic_narrative_position,62,0.25,0.5479754056888229,0.024735139421380985,-3.699530397715117,0.29797540568882286
strong_stable,260909,quadratic_narrative_position,63,0.5,0.5516230271592687,0.7752447340457126,-0.2545765136132165,0.0516230271592687
strong_stable,260909,quadratic_narrative_position,64,0.5,0.5553583592462148,0.7652443757608471,-0.2675600507284162,0.055358359246214794
strong_stable,260909,quadratic_narrative_position,65,0.5,0.5591814019496611,0.7543925201292866,-0.28184246270503555,0.05918140194966115
strong_stable,260909,quadratic_narrative_position,66,0.5,0.5630921552696078,0.742669532920204,-0.29750410720270454,0.06309215526960776
strong_stable,260909,quadratic_narrative_position,67,0.5,0.5670906192060546,0.7300596782679813,-0.3146289971291062,0.06709061920605464
strong_stable,260909,quadratic_narrative_position,68,0.5,0.5711767937590018,0.7165516413256117,-0.3333049598860087,0.07117679375900177
strong_stable,260909,quadratic_narrative_position,69,0.25,0.575350678928449,0.011440609353741252,-4.4705860292618524,0.32535067892844904
strong_stable,260909,quadratic_narrative_position,70,0.5,0.5796122747143968,0.6868211044412978,-0.3756814217744122,0.0796122747143968
strong_stable,260909,quadratic_narrative_position,71,0.5,0.5839615811168447,0.6706029569822834,-0.39957803550210536,0.08396158111684471
strong_stable,260909,quadratic_narrative_position,72,0.5,0.588398598135793,0.653496411592792,-0.4254182369921681,0.08839859813579298
strong_stable,260909,quadratic_narrative_position,73,0.5,0.5929233257712414,0.6355203495778375,-0.45331116749970335,0.0929233257712414
strong_stable,260909,quadratic_narrative_position,74,0.5,0.5975357640231902,0.6167012146239178,-0.48337062743268455,0.0975357640231902
strong_stable,260909,quadratic_narrative_position,75,0.5,0.6022359128916391,0.5970734243725125,-0.5157151842533685,0.10223591289163914
strong_stable,260909,quadratic_narrative_position,76,0.5,0.6070237723765883,0.5766797067975277,-0.5504682674704013,0.10702377237658833
strong_stable,260909,quadratic_narrative_position,77,0.5,0.6118993424780379,0.5555713419628191,-0.5877582497727581,0.1118993424780379
strong_stable,260909,quadratic_narrative_position,78,0.25,0.6168626231959877,0.0030084010205290203,-5.806346563785578,0.3668626231959877
strong_stable,260909,quadratic_narrative_position,79,0.5,0.6219136145304378,0.5114591793919765,-0.6704875024603845,0.12191361453043781
strong_stable,260910,rcwe,60,0.5,0.4896409175005769,0.8549141614423673,-0.15675421105922932,0.010359082499423078
strong_stable,260910,rcwe,61,0.25,0.4896410913912562,0.0891048922985022,-2.4179410380609956,0.23964109139125622
strong_stable,260910,rcwe,62,0.5,0.48964125223314103,0.8549143517313932,-0.1567539884766435,0.010358747766858967
strong_stable,260910,rcwe,63,0.5,0.48964124874542586,0.8549143497487257,-0.15675399079578523,0.010358751254574139
strong_stable,260910,rcwe,64,0.5,0.4896411477614979,0.8549142923419303,-0.156754057944965,0.010358852238502081
strong_stable,260910,rcwe,65,0.5,0.4896410850663548,0.854914256701055,-0.15675409963437908,0.010358914933645214
strong_stable,260910,rcwe,66,0.5,0.48964110680961453,0.854914269061667,-0.15675408517607312,0.010358893190385465
strong_stable,260910,rcwe,67,0.5,0.48964115925982643,0.8549142988784658,-0.1567540502991277,0.01035884074017357
strong_stable,260910,rcwe,68,0.5,0.4896411795865762,0.8549143104337382,-0.1567540367828345,0.010358820413423786
strong_stable,260910,rcwe,69,0.5,0.48964116043685574,0.8549142995475795,-0.15675404951646021,0.010358839563144262
strong_stable,260910,rcwe,70,0.5,0.4896411356627781,0.8549142854640784,-0.15675406599004266,0.010358864337221885
strong_stable,260910,rcwe,71,0.25,0.4896411315131471,0.08910481636831576,-2.417941890205214,0.2396411315131471
strong_stable,260910,rcwe,72,0.5,0.48964114405828707,0.8549142902367385,-0.1567540604074244,0.01035885594171293
strong_stable,260910,rcwe,73,0.25,0.48964115466040226,0.08910477256244118,-2.4179423818271837,0.23964115466040226
strong_stable,260910,rcwe,74,0.5,0.4896411537656892,0.8549142957551759,-0.1567540539524646,0.010358846234310826
strong_stable,260910,rcwe,75,0.5,0.4896411466823522,0.8549142917284605,-0.15675405866254552,0.010358853317647798
strong_stable,260910,rcwe,76,0.5,0.4896411426838088,0.8549142894553784,-0.15675406132138747,0.010358857316191183
strong_stable,260910,rcwe,77,0.5,0.4896411444651885,0.8549142904680529,-0.15675406013685417,0.010358855534811473
strong_stable,260910,rcwe,78,0.5,0.48964114806371706,0.854914292513735,-0.1567540577440036,0.010358851936282942
strong_stable,260910,rcwe,79,0.5,0.4896411492805071,0.8549142932054525,-0.15675405693489622,0.010358850719492885
strong_stable,260910,persistence,60,0.5,0.5,0.5811658139836663,-0.5427191687274734,0.0
strong_stable,260910,persistence,61,0.25,0.5,0.20176998945154528,-1.6006268964351509,0.25
strong_stable,260910,persistence,62,0.5,0.5,0.5811658139836663,-0.5427191687274734,0.0
strong_stable,260910,persistence,63,0.5,0.5,0.5811658139836663,-0.5427191687274734,0.0
strong_stable,260910,persistence,64,0.5,0.5,0.5811658139836663,-0.5427191687274734,0.0
strong_stable,260910,persistence,65,0.5,0.5,0.5811658139836663,-0.5427191687274734,0.0
strong_stable,260910,persistence,66,0.5,0.5,0.5811658139836663,-0.5427191687274734,0.0
strong_stable,260910,persistence,67,0.5,0.5,0.5811658139836663,-0.5427191687274734,0.0
strong_stable,260910,persistence,68,0.5,0.5,0.5811658139836663,-0.5427191687274734,0.0
strong_stable,260910,persistence,69,0.5,0.5,0.5811658139836663,-0.5427191687274734,0.0
strong_stable,260910,persistence,70,0.5,0.5,0.5811658139836663,-0.5427191687274734,0.0
strong_stable,260910,persistence,71,0.25,0.5,0.20176998945154528,-1.6006268964351509,0.25
strong_stable,260910,persistence,72,0.5,0.5,0.5811658139836663,-0.5427191687274734,0.0
strong_stable,260910,persistence,73,0.25,0.5,0.20176998945154528,-1.6006268964351509,0.25
strong_stable,260910,persistence,74,0.5,0.5,0.5811658139836663,-0.5427191687274734,0.0
strong_stable,260910,persistence,75,0.5,0.5,0.5811658139836663,-0.5427191687274734,0.0
strong_stable,260910,persistence,76,0.5,0.5,0.5811658139836663,-0.5427191687274734,0.0
strong_stable,260910,persistence,77,0.5,0.5,0.5811658139836663,-0.5427191687274734,0.0
strong_stable,260910,persistence,78,0.5,0.5,0.5811658139836663,-0.5427191687274734,0.0
strong_stable,260910,persistence,79,0.5,0.5,0.5811658139836663,-0.5427191687274734,0.0
strong_stable,260910,ar1,60,0.5,0.5018864998737669,0.7261445875460477,-0.3200061275868292,0.0018864998737668781
strong_stable,260910,ar1,61,0.25,0.5022380440949281,0.1321671894131342,-2.023687571376602,0.2522380440949281
strong_stable,260910,ar1,62,0.5,0.5023035534231557,0.7261124591781076,-0.32005037370430245,0.002303553423155691
strong_stable,260910,ar1,63,0.5,0.5023157609117916,0.726111422432697,-0.32005180150813317,0.0023157609117916422
strong_stable,260910,ar1,64,0.5,0.5023180357447479,0.7261112286324057,-0.3200520684097562,0.0023180357447478706
strong_stable,260910,ar1,65,0.5,0.5023184596538035,0.7261111924972105,-0.3200521181751293,0.0023184596538035063
strong_stable,260910,ar1,66,0.5,0.5023185386481257,0.726111185762783,-0.3200521274497798,0.002318538648125701
strong_stable,260910,ar1,67,0.5,0.502318553368507,0.7261111845078151,-0.32005212917812104,0.002318553368506948
strong_stable,260910,ar1,68,0.5,0.5023185561116108,0.7261111842739543,-0.320052129500194,0.0023185561116108033
strong_stable,260910,ar1,69,0.5,0.5023185566227808,0.7261111842303748,-0.32005212956021156,0.0023185566227807985
strong_stable,260910,ar1,70,0.5,0.502318556718036,0.7261111842222541,-0.3200521295713955,0.0023185567180360467
strong_stable,260910,ar1,71,0.25,0.5023185567357865,0.13201724568873283,-2.024822715772557,0.2523185567357865
strong_stable,260910,ar1,72,0.5,0.5023185567390943,0.7261111842204586,-0.3200521295738682,0.002318556739094313
strong_stable,260910,ar1,73,0.25,0.5023185567397107,0.13201724568142745,-2.0248227158278937,0.2523185567397107
strong_stable,260910,ar1,74,0.5,0.5023185567398256,0.7261111842203963,-0.320052129573954,0.002318556739825617
strong_stable,260910,ar1,75,0.5,0.5023185567398469,0.7261111842203946,-0.32005212957395646,0.002318556739846933
strong_stable,260910,ar1,76,0.5,0.5023185567398509,0.7261111842203942,-0.3200521295739569,0.00231855673985093
strong_stable,260910,ar1,77,0.5,0.5023185567398517,0.726111184220394,-0.3200521295739571,0.002318556739851707
strong_stable,260910,ar1,78,0.5,0.5023185567398518,0.7261111842203941,-0.320052129573957,0.002318556739851818
strong_stable,260910,ar1,79,0.5,0.5023185567398518,0.7261111842203941,-0.320052129573957,0.002318556739851818
strong_stable,260910,quadratic_narrative_position,60,0.5,0.446862646479583,0.6636253325452974,-0.41003754697419287,0.053137353520416986
strong_stable,260910,quadratic_narrative_position,61,0.25,0.4420927028531881,0.28102867301741247,-1.2692985756461637,0.19209270285318808
strong_stable,260910,quadratic_narrative_position,62,0.5,0.43717146239537413,0.6455578861498659,-0.43764039626397777,0.06282853760462587
strong_stable,260910,quadratic_narrative_position,63,0.5,0.4320989251061411,0.6351119588491765,-0.4539539824824724,0.06790107489385888
strong_stable,260910,quadratic_narrative_position,64,0.5,0.4268750909854893,0.6236910797216563,-0.47210009774625084,0.07312490901451069
strong_stable,260910,quadratic_narrative_position,65,0.5,0.42149996003341833,0.6112784253843533,-0.4922027355780351,0.07850003996658167
strong_stable,260910,quadratic_narrative_position,66,0.5,0.4159735322499284,0.5978648249190693,-0.5143905958694288,0.08402646775007161
strong_stable,260910,quadratic_narrative_position,67,0.5,0.4102958076350194,0.5834495867707207,-0.5387972289816716,0.08970419236498062
strong_stable,260910,quadratic_narrative_position,68,0.5,0.4044667861886914,0.5680412810982762,-0.5655611849119799,0.09553321381130858
strong_stable,260910,quadratic_narrative_position,69,0.5,0.39848646791094455,0.551658454293555,-0.5948261664268278,0.10151353208905545
strong_stable,260910,quadratic_narrative_position,70,0.5,0.3923548528017786,0.5343302503036491,-0.6267411849195059,0.10764514719822138
strong_stable,260910,quadratic_narrative_position,71,0.25,0.3860719408611936,0.4491998570024826,-0.8002873744560951,0.13607194086119362
strong_stable,260910,quadratic_narrative_position,72,0.5,0.3796377320891896,0.49701013304612207,-0.6991448646705686,0.1203622679108104
strong_stable,260910,quadratic_narrative_position,73,0.25,0.37305222648576664,0.4889274495983801,-0.7155411653439037,0.12305222648576664
strong_stable,260910,quadratic_narrative_position,74,0.5,0.36631542405092476,0.45654114758776143,-0.7840764459056886,0.13368457594907524
strong_stable,260910,quadratic_narrative_position,75,0.5,0.35942732478466377,0.4353201354341935,-0.8316735750402164,0.14057267521533623
strong_stable,260910,quadratic_narrative_position,76,0.5,0.35238792868698376,0.41356731029254273,-0.8829349959218,0.14761207131301624
strong_stable,260910,quadratic_narrative_position,77,0.5,0.3451972357578848,0.3913898477742005,-0.9380511625931484,0.1548027642421152
strong_stable,260910,quadratic_narrative_position,78,0.5,0.33785524599736694,0.36890393721882137,-0.9972190015743815,0.16214475400263306
strong_stable,260910,quadratic_narrative_position,79,0.5,0.3303619594054299,0.34623344906640635,-1.060642023153305,0.1696380405945701
strong_stable,260911,rcwe,60,0.5,0.5089408832715514,0.967706387025832,-0.03282655690431926,0.008940883271551403
strong_stable,260911,rcwe,61,0.5,0.5243348918514523,0.9546293749237366,-0.04643210291255787,0.024334891851452323
strong_stable,260911,rcwe,62,0.5,0.5159821564511947,0.9632851935659573,-0.0374057598692756,0.015982156451194718
strong_stable,260911,rcwe,63,0.5,0.49345190601747774,0.9686319970558114,-0.031870515224734136,0.006548093982522263
strong_stable,260911,rcwe,64,0.5,0.4797145689520388,0.9593011891016345,-0.04155018760762785,0.02028543104796121
strong_stable,260911,rcwe,65,0.5,0.4878038692622508,0.9659804277383818,-0.03461170611527023,0.012196130737749222
strong_stable,260911,rcwe,66,0.5,0.508537342873796,0.9678827582134826,-0.03264431658893772,0.008537342873796039
strong_stable,260911,rcwe,67,0.5,0.5207837940651742,0.9587751557768182,-0.04209868854650777,0.020783794065174166
strong_stable,260911,rcwe,68,0.5,0.51296572005755,0.9654929322379263,-0.035116497453229145,0.012965720057550034
strong_stable,260911,rcwe,69,0.5,0.49390257393262316,0.9687740723199514,-0.03172384977690636,0.006097426067376843
strong_stable,260911,rcwe,70,0.5,0.48298774265916034,0.9624217115227868,-0.03830255480599151,0.017012257340839665
strong_stable,260911,rcwe,71,0.5,0.490514730788126,0.9674553761910679,-0.033085977941818986,0.009485269211873981
strong_stable,260911,rcwe,72,0.75,0.508052305980945,0.021351785414414643,-3.846619916836061,0.24194769401905503
strong_stable,260911,rcwe,73,0.5,0.5177670322056301,0.9617532147417397,-0.0389973947592809,0.01776703220563014
strong_stable,260911,rcwe,74,0.75,0.5105332709303909,0.02364995494250626,-3.744394069225449,0.23946672906960909
strong_stable,260911,rcwe,75,0.5,0.49441293469895753,0.9689226658220652,-0.03157047850938015,0.005587065301042471
strong_stable,260911,rcwe,76,0.5,0.4857706174975187,0.9646258995990533,-0.03601492161540135,0.014229382502481291
strong_stable,260911,rcwe,77,0.5,0.49270195509781894,0.9683729497730788,-0.03213798721513988,0.007298044902181056
strong_stable,260911,rcwe,78,0.5,0.507525310941156,0.9682888590341838,-0.03222482812723451,0.007525310941156049
strong_stable,260911,rcwe,79,0.5,0.5152007164615573,0.9639028422477076,-0.03676477550094256,0.015200716461557295
strong_stable,260911,persistence,60,0.5,0.5,0.6757022280062301,-0.39200279109892755,0.0
strong_stable,260911,persistence,61,0.5,0.5,0.6757022280062301,-0.39200279109892755,0.0
strong_stable,260911,persistence,62,0.5,0.5,0.6757022280062301,-0.39200279109892755,0.0
strong_stable,260911,persistence,63,0.5,0.5,0.6757022280062301,-0.39200279109892755,0.0
strong_stable,260911,persistence,64,0.5,0.5,0.6757022280062301,-0.39200279109892755,0.0
strong_stable,260911,persistence,65,0.5,0.5,0.6757022280062301,-0.39200279109892755,0.0
strong_stable,260911,persistence,66,0.5,0.5,0.6757022280062301,-0.39200279109892755,0.0
strong_stable,260911,persistence,67,0.5,0.5,0.6757022280062301,-0.39200279109892755,0.0
strong_stable,260911,persistence,68,0.5,0.5,0.6757022280062301,-0.39200279109892755,0.0
strong_stable,260911,persistence,69,0.5,0.5,0.6757022280062301,-0.39200279109892755,0.0
strong_stable,260911,persistence,70,0.5,0.5,0.6757022280062301,-0.39200279109892755,0.0
strong_stable,260911,persistence,71,0.5,0.5,0.6757022280062301,-0.39200279109892755,0.0
strong_stable,260911,persistence,72,0.75,0.5,0.16059561276783446,-1.8288657956020493,0.25
strong_stable,260911,persistence,73,0.5,0.5,0.6757022280062301,-0.39200279109892755,0.0
strong_stable,260911,persistence,74,0.75,0.5,0.16059561276783446,-1.8288657956020493,0.25
strong_stable,260911,persistence,75,0.5,0.5,0.6757022280062301,-0.39200279109892755,0.0
strong_stable,260911,persistence,76,0.5,0.5,0.6757022280062301,-0.39200279109892755,0.0
strong_stable,260911,persistence,77,0.5,0.5,0.6757022280062301,-0.39200279109892755,0.0
strong_stable,260911,persistence,78,0.5,0.5,0.6757022280062301,-0.39200279109892755,0.0
strong_stable,260911,persistence,79,0.5,0.5,0.6757022280062301,-0.39200279109892755,0.0
strong_stable,260911,ar1,60,0.5,0.5056548341181566,0.8237867573208071,-0.19384357222370224,0.005654834118156593
strong_stable,260911,ar1,61,0.5,0.5066665306009441,0.8234708435927913,-0.19422713546446513,0.006666530600944132
strong_stable,260911,ar1,62,0.5,0.5068475314494036,0.8234088635195221,-0.19430240516756586,0.006847531449403643
strong_stable,260911,ar1,63,0.5,0.5068799139946635,0.8233976000561609,-0.1943160843261198,0.006879913994663478
strong_stable,260911,ar1,64,0.5,0.5068857074992047,0.823395579337646,-0.1943185384515561,0.006885707499204696
strong_stable,260911,ar1,65,0.5,0.5068867440049704,0.8233952176354433,-0.194318977732858,0.006886744004970358
strong_stable,260911,ar1,66,0.5,0.5068869294444042,0.8233951529182059,-0.19431905633088553,0.006886929444404166
strong_stable,260911,ar1,67,0.5,0.506886962621049,0.8233951413395747,-0.19431907039294455,0.006886962621049042
strong_stable,260911,ar1,68,0.5,0.5068869685566245,0.8233951392680561,-0.19431907290877026,0.006886968556624518
strong_stable,260911,ar1,69,0.5,0.506886969618548,0.8233951388974442,-0.19431907335887227,0.006886969618547956
strong_stable,260911,ar1,70,0.5,0.5068869698085349,0.8233951388311387,-0.1943190734393993,0.006886969808534871
strong_stable,260911,ar1,71,0.5,0.506886969842525,0.8233951388192761,-0.19431907345380625,0.006886969842525015
strong_stable,260911,ar1,72,0.75,0.5068869698486062,0.10017101704282025,-2.30087638324219,0.24311303015139385
strong_stable,260911,ar1,73,0.5,0.5068869698496942,0.8233951388167741,-0.1943190734568449,0.006886969849694169
strong_stable,260911,ar1,74,0.75,0.5068869698498888,0.10017101704526206,-2.3008763832178136,0.2431130301501112
strong_stable,260911,ar1,75,0.5,0.5068869698499237,0.8233951388166939,-0.19431907345694222,0.006886969849923652
strong_stable,260911,ar1,76,0.5,0.5068869698499299,0.8233951388166918,-0.19431907345694485,0.006886969849929869
strong_stable,260911,ar1,77,0.5,0.506886969849931,0.8233951388166915,-0.19431907345694527,0.0068869698499309795
strong_stable,260911,ar1,78,0.5,0.5068869698499312,0.8233951388166912,-0.19431907345694543,0.0068869698499312015
strong_stable,260911,ar1,79,0.5,0.5068869698499312,0.8233951388166912,-0.19431907345694543,0.0068869698499312015
strong_stable,260911,quadratic_narrative_position,60,0.5,0.49326927652274133,0.8029951453123466,-0.2194066107418865,0.006730723477258671
strong_stable,260911,quadratic_narrative_position,61,0.5,0.49153286985975475,0.8023644846218679,-0.22019230475232765,0.00846713014024525
strong_stable,260911,quadratic_narrative_position,62,0.5,0.4897248645144203,0.8015552516953526,-0.22120137394308195,0.010275135485579678
strong_stable,260911,quadratic_narrative_position,63,0.5,0.4878452604867379,0.8005493552658718,-0.22245709289837035,0.012154739513262125
strong_stable,260911,quadratic_narrative_position,64,0.5,0.48589405777670747,0.7993281545744535,-0.22398371093141453,0.014105942223292534
strong_stable,260911,quadratic_narrative_position,65,0.5,0.48387125638432926,0.7978725024540557,-0.2258064656579642,0.016128743615670738
strong_stable,260911,quadratic_narrative_position,66,0.5,0.481776856309603,0.7961627944470537,-0.22795159841122375,0.018223143690397015
strong_stable,260911,quadratic_narrative_position,67,0.5,0.4796108575525288,0.7941790244006508,-0.2304463716125446,0.020389142447471198
strong_stable,260911,quadratic_narrative_position,68,0.5,0.47737326011310677,0.7919008469844299,-0.2333190882065116,0.022626739886893232
strong_stable,260911,quadratic_narrative_position,69,0.5,0.4750640639913367,0.7893076475697153,-0.23659911326148778,0.024935936008663284
strong_stable,260911,quadratic_narrative_position,70,0.5,0.4726832691872188,0.7863786199006595,-0.24031689782718055,0.027316730812781187
strong_stable,260911,quadratic_narrative_position,71,0.5,0.47023087570075284,0.7830928519710039,-0.24450400512924125,0.029769124299247163
strong_stable,260911,quadratic_narrative_position,72,0.75,0.46770688353193896,0.0518170739396249,-2.9600355712929716,0.28229311646806104
strong_stable,260911,quadratic_narrative_position,73,0.5,0.4651112926807772,0.7753674943461916,-0.25441817576641296,0.03488870731922278
strong_stable,260911,quadratic_narrative_position,74,0.75,0.46244410314726747,0.046292436677884186,-3.0727766859231056,0.28755589685273253
strong_stable,260911,quadratic_narrative_position,75,0.5,0.45970531493140976,0.7659659799660786,-0.2666175228047343,0.04029468506859024
strong_stable,260911,quadratic_narrative_position,76,0.5,0.45689492803320425,0.7605862523861555,-0.27366575834741497,0.04310507196679575
strong_stable,260911,quadratic_narrative_position,77,0.5,0.45401294245265067,0.7547280251951575,-0.28139782616166875,0.04598705754734933
strong_stable,260911,quadratic_narrative_position,78,0.5,0.4510593581897492,0.748372811602105,-0.28985401394052224,0.04894064181025082
strong_stable,260911,quadratic_narrative_position,79,0.5,0.44803417524449984,0.741503038729146,-0.29907601932873623,0.051965824755500156
strong_stable,260912,rcwe,60,0.5,0.37676458140870095,0.4557208902395812,-0.785874739674842,0.12323541859129905
strong_stable,260912,rcwe,61,0.5,0.37676252611368316,0.4557168142319499,-0.7858836838025894,0.12323747388631684
strong_stable,260912,rcwe,62,0.5,0.376764668964395,0.4557210638770372,-0.7858743586578057,0.12323533103560502
strong_stable,260912,rcwe,63,0.5,0.37676557912231334,0.4557228688675908,-0.785870397930242,0.12323442087768666
strong_stable,260912,rcwe,64,0.75,0.3767639681863812,0.04852413741502329,-3.0256939261793763,0.3732360318136188
strong_stable,260912,rcwe,65,0.75,0.37676370451821795,0.048523961926096947,-3.025697542714425,0.37323629548178205
strong_stable,260912,rcwe,66,0.5,0.3767648270266746,0.4557213773405918,-0.7858736708172128,0.12323517297332542
strong_stable,260912,rcwe,67,0.25,0.37676476533147824,0.4486750915413447,-0.8014562800408641,0.12676476533147824
strong_stable,260912,rcwe,68,0.5,0.37676403483219423,0.4557198062864289,-0.7858771182237841,0.12323596516780577
strong_stable,260912,rcwe,69,0.5,0.37676422949658045,0.45572019233891387,-0.7858762710972907,0.12323577050341955
strong_stable,260912,rcwe,70,0.5,0.37676467235441363,0.455721070600005,-0.7858743439054314,0.12323532764558637
strong_stable,260912,rcwe,71,0.5,0.37676445017919064,0.4557206299895972,-0.7858753107481982,0.12323554982080936
strong_stable,260912,rcwe,72,0.5,0.37676420363151614,0.4557201410441224,-0.7858763836549417,0.12323579636848386
strong_stable,260912,rcwe,73,0.5,0.3767644026968711,0.4557205358242136,-0.7858755173778461,0.12323559730312889
strong_stable,260912,rcwe,74,0.5,0.37676452408502775,0.45572077655720233,-0.7858749891310233,0.12323547591497225
strong_stable,260912,rcwe,75,0.5,0.37676436667767155,0.45572046439210323,-0.7858756741232863,0.12323563332232845
strong_stable,260912,rcwe,76,0.5,0.376764319417635,0.4557203706675138,-0.7858758797857622,0.123235680582365
strong_stable,260912,rcwe,77,0.5,0.37676443362589696,0.4557205971616482,-0.7858753827834497,0.12323556637410304
strong_stable,260912,rcwe,78,0.5,0.37676444088274647,0.4557206115531944,-0.7858753512036921,0.12323555911725353
strong_stable,260912,rcwe,79,0.5,0.37676436370954436,0.4557204585058091,-0.7858756870397441,0.12323563629045564
strong_stable,260912,persistence,60,0.5,0.5,0.515117415231857,-0.6633604135628706,0.0
strong_stable,260912,persistence,61,0.5,0.5,0.515117415231857,-0.6633604135628706,0.0
strong_stable,260912,persistence,62,0.5,0.5,0.515117415231857,-0.6633604135628706,0.0
strong_stable,260912,persistence,63,0.5,0.5,0.515117415231857,-0.6633604135628706,0.0
strong_stable,260912,persistence,64,0.75,0.5,0.224374166892661,-1.494440232759697,0.25
strong_stable,260912,persistence,65,0.75,0.5,0.224374166892661,-1.494440232759697,0.25
strong_stable,260912,persistence,66,0.5,0.5,0.515117415231857,-0.6633604135628706,0.0
strong_stable,260912,persistence,67,0.25,0.5,0.224374166892661,-1.494440232759697,0.25
strong_stable,260912,persistence,68,0.5,0.5,0.515117415231857,-0.6633604135628706,0.0
strong_stable,260912,persistence,69,0.5,0.5,0.515117415231857,-0.6633604135628706,0.0
strong_stable,260912,persistence,70,0.5,0.5,0.515117415231857,-0.6633604135628706,0.0
strong_stable,260912,persistence,71,0.5,0.5,0.515117415231857,-0.6633604135628706,0.0
strong_stable,260912,persistence,72,0.5,0.5,0.515117415231857,-0.6633604135628706,0.0
strong_stable,260912,persistence,73,0.5,0.5,0.515117415231857,-0.6633604135628706,0.0
strong_stable,260912,persistence,74,0.5,0.5,0.515117415231857,-0.6633604135628706,0.0
strong_stable,260912,persistence,75,0.5,0.5,0.515117415231857,-0.6633604135628706,0.0
strong_stable,260912,persistence,76,0.5,0.5,0.515117415231857,-0.6633604135628706,0.0
strong_stable,260912,persistence,77,0.5,0.5,0.515117415231857,-0.6633604135628706,0.0
strong_stable,260912,persistence,78,0.5,0.5,0.515117415231857,-0.6633604135628706,0.0
strong_stable,260912,persistence,79,0.5,0.5,0.515117415231857,-0.6633604135628706,0.0
strong_stable,260912,ar1,60,0.5,0.5258501544737052,0.6700496173714467,-0.40040351356084036,0.0258501544737052
strong_stable,260912,ar1,61,0.5,0.5297672087563451,0.6667648783043401,-0.4053178015018052,0.029767208756345087
strong_stable,260912,ar1,62,0.5,0.5303607570180684,0.6662282265325857,-0.406122984662619,0.030360757018068396
strong_stable,260912,ar1,63,0.5,0.5304506969355611,0.6661460197142607,-0.40624638365304677,0.030450696935561128
strong_stable,260912,ar1,64,0.75,0.5304643254629787,0.22284341691425233,-1.5012859204600375,0.21953567453702127
strong_stable,260912,ar1,65,0.75,0.5304663905833918,0.22284820496894867,-1.5012644345066948,0.21953360941660816
strong_stable,260912,ar1,66,0.5,0.5304667035095203,0.6661313649121439,-0.40626838327908027,0.0304667035095203
strong_stable,260912,ar1,67,0.25,0.5304667509269789,0.10734355069942492,-2.2317208337846055,0.2804667509269789
strong_stable,260912,ar1,68,0.5,0.5304667581121105,0.666131314908139,-0.406268458345365,0.030466758112110526
strong_stable,260912,ar1,69,0.5,0.530466759200868,0.6661313139110749,-0.4062684598421632,0.030466759200868054
strong_stable,260912,ar1,70,0.5,0.5304667593658466,0.6661313137599906,-0.4062684600689719,0.03046675936584664
strong_stable,260912,ar1,71,0.5,0.5304667593908456,0.6661313137370969,-0.40626846010333995,0.030466759390845644
strong_stable,260912,ar1,72,0.5,0.5304667593946337,0.6661313137336279,-0.4062684601085476,0.030466759394633725
strong_stable,260912,ar1,73,0.5,0.5304667593952078,0.6661313137331021,-0.406268460109337,0.03046675939520782
strong_stable,260912,ar1,74,0.5,0.5304667593952948,0.6661313137330226,-0.4062684601094564,0.03046675939529475
strong_stable,260912,ar1,75,0.5,0.530466759395308,0.6661313137330104,-0.4062684601094747,0.030466759395307963
strong_stable,260912,ar1,76,0.5,0.53046675939531,0.6661313137330087,-0.40626846010947726,0.03046675939530996
strong_stable,260912,ar1,77,0.5,0.5304667593953103,0.6661313137330084,-0.4062684601094777,0.030466759395310294
strong_stable,260912,ar1,78,0.5,0.5304667593953103,0.6661313137330084,-0.4062684601094777,0.030466759395310294
strong_stable,260912,ar1,79,0.5,0.5304667593953103,0.6661313137330084,-0.4062684601094777,0.030466759395310294
strong_stable,260912,quadratic_narrative_position,60,0.5,0.5046034662245669,0.6607423684683116,-0.4143912753664636,0.004603466224566866
strong_stable,260912,quadratic_narrative_position,61,0.5,0.5028531981721691,0.6609267589520378,-0.4141122486704516,0.0028531981721691135
strong_stable,260912,quadratic_narrative_position,62,0.5,0.5010507225375194,0.6610261960551346,-0.41396180896999535,0.0010507225375193663
strong_stable,260912,quadratic_narrative_position,63,0.5,0.49919603932061735,0.6610326638903985,-0.41395202448087776,0.0008039606793826537
strong_stable,260912,quadratic_narrative_position,64,0.75,0.4972891485214633,0.16236388187917788,-1.817915278211412,0.2527108514785367
strong_stable,260912,quadratic_narrative_position,65,0.75,0.49533005014005704,0.15877119185484542,-1.8402911581195738,0.25466994985994296
strong_stable,260912,quadratic_narrative_position,66,0.5,0.4933187441763987,0.6604112216756838,-0.41489257483994335,0.006681255823601295
strong_stable,260912,quadratic_narrative_position,67,0.25,0.49125523063048826,0.18437182645750955,-1.690800764470035,0.24125523063048826
strong_stable,260912,quadratic_narrative_position,68,0.5,0.48913950950232565,0.6593768650451584,-0.4164600338172003,0.010860490497674347
strong_stable,260912,quadratic_narrative_position,69,0.5,0.48697158079191094,0.6586470894414913,-0.4175674122920135,0.01302841920808906
strong_stable,260912,quadratic_narrative_position,70,0.5,0.4847514444992441,0.6577634920954101,-0.41890984677434057,0.015248555500755878
strong_stable,260912,quadratic_narrative_position,71,0.5,0.4824791006243252,0.6567168970765896,-0.4205022558336186,0.017520899375674803
strong_stable,260912,quadratic_narrative_position,72,0.5,0.4801545491671541,0.6554980693749745,-0.4223599210535445,0.01984545083284589
strong_stable,260912,quadratic_narrative_position,73,0.5,0.4777777901277309,0.6540977400800974,-0.42449848902766935,0.022222209872269083
strong_stable,260912,quadratic_narrative_position,74,0.5,0.47534882350605573,0.6525066335194382,-0.4269339735236499,0.02465117649394427
strong_stable,260912,quadratic_narrative_position,75,0.5,0.47286764930212827,0.6507154963831003,-0.429682757822246,0.027132350697871732
strong_stable,260912,quadratic_narrative_position,76,0.5,0.4703342675159487,0.6487151288505004,-0.43276159723686386,0.0296657324840513
strong_stable,260912,quadratic_narrative_position,77,0.5,0.467748678147517,0.6464964177218218,-0.4361876218191082,0.03225132185248297
strong_stable,260912,quadratic_narrative_position,78,0.5,0.4651108811968332,0.6440503715426447,-0.43997833925542335,0.03488911880316681
strong_stable,260912,quadratic_narrative_position,79,0.5,0.46242087666389725,0.6413681576944132,-0.44415163795946944,0.03757912333610275
strong_stable,260913,rcwe,60,0.5,0.37676458140870095,0.4557208902395812,-0.785874739674842,0.12323541859129905
strong_stable,260913,rcwe,61,0.5,0.37676252611368316,0.4557168142319499,-0.7858836838025894,0.12323747388631684
strong_stable,260913,rcwe,62,0.5,0.376764668964395,0.4557210638770372,-0.7858743586578057,0.12323533103560502
strong_stable,260913,rcwe,63,0.5,0.37676557912231334,0.4557228688675908,-0.785870397930242,0.12323442087768666
strong_stable,260913,rcwe,64,0.5,0.3767639681863812,0.4557196741164145,-0.7858774082485576,0.12323603181361881
strong_stable,260913,rcwe,65,0.5,0.37676370451821795,0.45571915121714135,-0.7858785556635208,0.12323629548178205
strong_stable,260913,rcwe,66,0.5,0.3767648270266746,0.4557213773405918,-0.7858736708172128,0.12323517297332542
strong_stable,260913,rcwe,67,0.5,0.37676476533147824,0.4557212549888707,-0.7858739392964713,0.12323523466852176
strong_stable,260913,rcwe,68,0.5,0.37676403483219423,0.4557198062864289,-0.7858771182237841,0.12323596516780577
strong_stable,260913,rcwe,69,0.5,0.37676422949658045,0.45572019233891387,-0.7858762710972907,0.12323577050341955
strong_stable,260913,rcwe,70,0.5,0.37676467235441363,0.455721070600005,-0.7858743439054314,0.12323532764558637
strong_stable,260913,rcwe,71,0.5,0.37676445017919064,0.4557206299895972,-0.7858753107481982,0.12323554982080936
strong_stable,260913,rcwe,72,0.5,0.37676420363151614,0.4557201410441224,-0.7858763836549417,0.12323579636848386
strong_stable,260913,rcwe,73,0.5,0.3767644026968711,0.4557205358242136,-0.7858755173778461,0.12323559730312889
strong_stable,260913,rcwe,74,0.5,0.37676452408502775,0.45572077655720233,-0.7858749891310233,0.12323547591497225
strong_stable,260913,rcwe,75,0.5,0.37676436667767155,0.45572046439210323,-0.7858756741232863,0.12323563332232845
strong_stable,260913,rcwe,76,0.5,0.376764319417635,0.4557203706675138,-0.7858758797857622,0.123235680582365
strong_stable,260913,rcwe,77,0.5,0.37676443362589696,0.4557205971616482,-0.7858753827834497,0.12323556637410304
strong_stable,260913,rcwe,78,0.5,0.37676444088274647,0.4557206115531944,-0.7858753512036921,0.12323555911725353
strong_stable,260913,rcwe,79,0.5,0.37676436370954436,0.4557204585058091,-0.7858756870397441,0.12323563629045564
strong_stable,260913,persistence,60,0.5,0.5,0.638819800448416,-0.4481328668029079,0.0
strong_stable,260913,persistence,61,0.5,0.5,0.638819800448416,-0.4481328668029079,0.0
strong_stable,260913,persistence,62,0.5,0.5,0.638819800448416,-0.4481328668029079,0.0
strong_stable,260913,persistence,63,0.5,0.5,0.638819800448416,-0.4481328668029079,0.0
strong_stable,260913,persistence,64,0.5,0.5,0.638819800448416,-0.4481328668029079,0.0
strong_stable,260913,persistence,65,0.5,0.5,0.638819800448416,-0.4481328668029079,0.0
strong_stable,260913,persistence,66,0.5,0.5,0.638819800448416,-0.4481328668029079,0.0
strong_stable,260913,persistence,67,0.5,0.5,0.638819800448416,-0.4481328668029079,0.0
strong_stable,260913,persistence,68,0.5,0.5,0.638819800448416,-0.4481328668029079,0.0
strong_stable,260913,persistence,69,0.5,0.5,0.638819800448416,-0.4481328668029079,0.0
strong_stable,260913,persistence,70,0.5,0.5,0.638819800448416,-0.4481328668029079,0.0
strong_stable,260913,persistence,71,0.5,0.5,0.638819800448416,-0.4481328668029079,0.0
strong_stable,260913,persistence,72,0.5,0.5,0.638819800448416,-0.4481328668029079,0.0
strong_stable,260913,persistence,73,0.5,0.5,0.638819800448416,-0.4481328668029079,0.0
strong_stable,260913,persistence,74,0.5,0.5,0.638819800448416,-0.4481328668029079,0.0
strong_stable,260913,persistence,75,0.5,0.5,0.638819800448416,-0.4481328668029079,0.0
strong_stable,260913,persistence,76,0.5,0.5,0.638819800448416,-0.4481328668029079,0.0
strong_stable,260913,persistence,77,0.5,0.5,0.638819800448416,-0.4481328668029079,0.0
strong_stable,260913,persistence,78,0.5,0.5,0.638819800448416,-0.4481328668029079,0.0
strong_stable,260913,persistence,79,0.5,0.5,0.638819800448416,-0.4481328668029079,0.0
strong_stable,260913,ar1,60,0.5,0.5156907820737663,0.8475390189911568,-0.1654184006797853,0.015690782073766285
strong_stable,260913,ar1,61,0.5,0.5156154908442914,0.8476030111556451,-0.16534290002747346,0.015615490844291369
strong_stable,260913,ar1,62,0.5,0.5156158521245137,0.8476027048209643,-0.16534326144046052,0.015615852124513663
strong_stable,260913,ar1,63,0.5,0.5156158503909333,0.8476027062909086,-0.1653432597062231,0.015615850390933272
strong_stable,260913,ar1,64,0.5,0.5156158503992518,0.8476027062838551,-0.16534325971454478,0.01561585039925184
strong_stable,260913,ar1,65,0.5,0.5156158503992119,0.8476027062838889,-0.16534325971450492,0.015615850399211872
strong_stable,260913,ar1,66,0.5,0.5156158503992121,0.847602706283889,-0.16534325971450486,0.015615850399212095
strong_stable,260913,ar1,67,0.5,0.5156158503992121,0.847602706283889,-0.16534325971450486,0.015615850399212095
strong_stable,260913,ar1,68,0.5,0.5156158503992121,0.847602706283889,-0.16534325971450486,0.015615850399212095
strong_stable,260913,ar1,69,0.5,0.5156158503992121,0.847602706283889,-0.16534325971450486,0.015615850399212095
strong_stable,260913,ar1,70,0.5,0.5156158503992121,0.847602706283889,-0.16534325971450486,0.015615850399212095
strong_stable,260913,ar1,71,0.5,0.5156158503992121,0.847602706283889,-0.16534325971450486,0.015615850399212095
strong_stable,260913,ar1,72,0.5,0.5156158503992121,0.847602706283889,-0.16534325971450486,0.015615850399212095
strong_stable,260913,ar1,73,0.5,0.5156158503992121,0.847602706283889,-0.16534325971450486,0.015615850399212095
strong_stable,260913,ar1,74,0.5,0.5156158503992121,0.847602706283889,-0.16534325971450486,0.015615850399212095
strong_stable,260913,ar1,75,0.5,0.5156158503992121,0.847602706283889,-0.16534325971450486,0.015615850399212095
strong_stable,260913,ar1,76,0.5,0.5156158503992121,0.847602706283889,-0.16534325971450486,0.015615850399212095
strong_stable,260913,ar1,77,0.5,0.5156158503992121,0.847602706283889,-0.16534325971450486,0.015615850399212095
strong_stable,260913,ar1,78,0.5,0.5156158503992121,0.847602706283889,-0.16534325971450486,0.015615850399212095
strong_stable,260913,ar1,79,0.5,0.5156158503992121,0.847602706283889,-0.16534325971450486,0.015615850399212095
strong_stable,260913,quadratic_narrative_position,60,0.5,0.48345374491105964,0.7623032107550058,-0.2714108880657732,0.016546255088940365
strong_stable,260913,quadratic_narrative_position,61,0.5,0.48060038152813245,0.760130310209287,-0.2742653995977901,0.019399618471867552
strong_stable,260913,quadratic_narrative_position,62,0.5,0.47764146384100464,0.7575197810446711,-0.27770562834924184,0.022358536158995357
strong_stable,260913,quadratic_narrative_position,63,0.5,0.4745769918496763,0.7544361618217398,-0.28178461426539825,0.025423008150323723
strong_stable,260913,quadratic_narrative_position,64,0.5,0.47140696555414735,0.7508438808382323,-0.2865575305351473,0.02859303444585265
strong_stable,260913,quadratic_narrative_position,65,0.5,0.4681313849544178,0.746707501546618,-0.2920817347252178,0.031868615045582194
strong_stable,260913,quadratic_narrative_position,66,0.5,0.4647502500504877,0.7419919941992037,-0.2984168253619074,0.0352497499495123
strong_stable,260913,quadratic_narrative_position,67,0.5,0.46126356084235703,0.7366630342157281,-0.30562470407948117,0.038736439157642966
strong_stable,260913,quadratic_narrative_position,68,0.5,0.45767131733002575,0.7306873274237647,-0.31376964339849595,0.04232868266997425
strong_stable,260913,quadratic_narrative_position,69,0.5,0.45397351951349396,0.7240329619090937,-0.32291836013401753,0.04602648048650604
strong_stable,260913,quadratic_narrative_position,70,0.5,0.45017016739276156,0.7166697857251583,-0.33314009436336944,0.049829832607238445
strong_stable,260913,quadratic_narrative_position,71,0.5,0.44626126096782853,0.7085698091419078,-0.3445066938062996,0.05373873903217147
strong_stable,260913,quadratic_narrative_position,72,0.5,0.44224680023869495,0.6997076294599609,-0.3570927033881168,0.05775319976130505
strong_stable,260913,quadratic_narrative_position,73,0.5,0.4381267852053608,0.690060875672908,-0.3709754596695724,0.0618732147946392
strong_stable,260913,quadratic_narrative_position,74,0.5,0.43390121586782604,0.6796106694278632,-0.3862351897374629,0.06609878413217396
strong_stable,260913,quadratic_narrative_position,75,0.5,0.42957009222609077,0.6683420978144355,-0.40295511405875284,0.07042990777390923
strong_stable,260913,quadratic_narrative_position,76,0.5,0.42513341428015483,0.6562446925115579,-0.421221552710444,0.07486658571984517
strong_stable,260913,quadratic_narrative_position,77,0.5,0.4205911820300184,0.6433129087517839,-0.44112403430951747,0.07940881796998162
strong_stable,260913,quadratic_narrative_position,78,0.5,0.4159433954756812,0.6295465964415631,-0.46275540688441935,0.08405660452431879
strong_stable,260913,quadratic_narrative_position,79,0.5,0.4111900546171436,0.61495145462882,-0.486211949854089,0.08880994538285641
strong_stable,260914,rcwe,60,0.5,0.5142956385943923,0.8496643819227129,-0.16291385226631527,0.014295638594392313
strong_stable,260914,rcwe,61,0.5,0.5142956506136742,0.8496643725647528,-0.16291386328002885,0.014295650613674216
strong_stable,260914,rcwe,62,0.5,0.5142956511469565,0.8496643721495503,-0.16291386376869535,0.014295651146956523
strong_stable,260914,rcwe,63,0.5,0.5142956447680064,0.8496643771160677,-0.16291385792342558,0.014295644768006377
strong_stable,260914,rcwe,64,0.5,0.5142956406549125,0.8496643803184356,-0.16291385415444581,0.014295640654912511
strong_stable,260914,rcwe,65,0.5,0.5142956417492289,0.8496643794664241,-0.1629138551572082,0.014295641749228927
strong_stable,260914,rcwe,66,0.5,0.5142956446959491,0.8496643771721699,-0.1629138578573969,0.014295644695949128
strong_stable,260914,rcwe,67,0.5,0.5142956458488609,0.8496643762745371,-0.16291385891385268,0.014295645848860894
strong_stable,260914,rcwe,68,0.5,0.5142956448964242,0.8496643770160843,-0.16291385804109954,0.014295644896424209
strong_stable,260914,rcwe,69,0.5,0.5142956436841919,0.8496643779599029,-0.16291385693028623,0.014295643684191894
strong_stable,260914,rcwe,70,0.5,0.5142956434897923,0.8496643781112583,-0.16291385675215064,0.014295643489792287
strong_stable,260914,rcwe,71,0.5,0.5142956440490399,0.8496643776758399,-0.16291385726460997,0.014295644049039935
strong_stable,260914,rcwe,72,0.5,0.514295644491917,0.8496643773310252,-0.16291385767043454,0.014295644491917003
strong_stable,260914,rcwe,73,0.5,0.5142956444451972,0.8496643773674002,-0.16291385762762348,0.014295644445197153
strong_stable,260914,rcwe,74,0.75,0.5142956441704475,0.09824931071562291,-2.3202470438744456,0.23570435582955251
strong_stable,260914,rcwe,75,0.5,0.5142956440321269,0.849664377689008,-0.1629138572491119,0.014295644032126908
strong_stable,260914,rcwe,76,0.5,0.5142956441024922,0.8496643776342231,-0.16291385731359026,0.014295644102492178
strong_stable,260914,rcwe,77,0.5,0.5142956442216666,0.8496643775414364,-0.16291385742279418,0.014295644221666626
strong_stable,260914,rcwe,78,0.5,0.5142956442537447,0.8496643775164611,-0.1629138574521885,0.014295644253744744
strong_stable,260914,rcwe,79,0.5,0.5142956442065222,0.8496643775532275,-0.16291385740891676,0.014295644206522184
strong_stable,260914,persistence,60,0.5,0.5,0.6006315482812228,-0.5097735968716872,0.0
strong_stable,260914,persistence,61,0.5,0.5,0.6006315482812228,-0.5097735968716872,0.0
strong_stable,260914,persistence,62,0.5,0.5,0.6006315482812228,-0.5097735968716872,0.0
strong_stable,260914,persistence,63,0.5,0.5,0.6006315482812228,-0.5097735968716872,0.0
strong_stable,260914,persistence,64,0.5,0.5,0.6006315482812228,-0.5097735968716872,0.0
strong_stable,260914,persistence,65,0.5,0.5,0.6006315482812228,-0.5097735968716872,0.0
strong_stable,260914,persistence,66,0.5,0.5,0.6006315482812228,-0.5097735968716872,0.0
strong_stable,260914,persistence,67,0.5,0.5,0.6006315482812228,-0.5097735968716872,0.0
strong_stable,260914,persistence,68,0.5,0.5,0.6006315482812228,-0.5097735968716872,0.0
strong_stable,260914,persistence,69,0.5,0.5,0.6006315482812228,-0.5097735968716872,0.0
strong_stable,260914,persistence,70,0.5,0.5,0.6006315482812228,-0.5097735968716872,0.0
strong_stable,260914,persistence,71,0.5,0.5,0.6006315482812228,-0.5097735968716872,0.0
strong_stable,260914,persistence,72,0.5,0.5,0.6006315482812228,-0.5097735968716872,0.0
strong_stable,260914,persistence,73,0.5,0.5,0.6006315482812228,-0.5097735968716872,0.0
strong_stable,260914,persistence,74,0.75,0.5,0.1939525758920343,-1.6401416039673702,0.25
strong_stable,260914,persistence,75,0.5,0.5,0.6006315482812228,-0.5097735968716872,0.0
strong_stable,260914,persistence,76,0.5,0.5,0.6006315482812228,-0.5097735968716872,0.0
strong_stable,260914,persistence,77,0.5,0.5,0.6006315482812228,-0.5097735968716872,0.0
strong_stable,260914,persistence,78,0.5,0.5,0.6006315482812228,-0.5097735968716872,0.0
strong_stable,260914,persistence,79,0.5,0.5,0.6006315482812228,-0.5097735968716872,0.0
strong_stable,260914,ar1,60,0.5,0.513189047697925,0.7823845563541094,-0.24540889926755222,0.01318904769792495
strong_stable,260914,ar1,61,0.5,0.5140561372443259,0.7818516216209924,-0.24609029861279338,0.014056137244325861
strong_stable,260914,ar1,62,0.5,0.5141131424427827,0.7818154074221604,-0.24613661819127888,0.014113142442782722
strong_stable,260914,ar1,63,0.5,0.5141168901441183,0.7818130215009379,-0.24613966996646836,0.014116890144118321
strong_stable,260914,ar1,64,0.5,0.5141171365298108,0.7818128646209798,-0.24613987062822457,0.014117136529810836
strong_stable,260914,ar1,65,0.5,0.5141171527279825,0.7818128543071021,-0.24613988382048338,0.01411715272798253
strong_stable,260914,ar1,66,0.5,0.5141171537929013,0.7818128536290349,-0.24613988468778464,0.014117153792901349
strong_stable,260914,ar1,67,0.5,0.5141171538629125,0.7818128535844566,-0.24613988474480378,0.014117153862912457
strong_stable,260914,ar1,68,0.5,0.5141171538675152,0.7818128535815257,-0.24613988474855247,0.01411715386751522
strong_stable,260914,ar1,69,0.5,0.5141171538678178,0.7818128535813332,-0.24613988474879878,0.014117153867817755
strong_stable,260914,ar1,70,0.5,0.5141171538678377,0.7818128535813205,-0.24613988474881507,0.01411715386783774
strong_stable,260914,ar1,71,0.5,0.514117153867839,0.7818128535813197,-0.24613988474881604,0.01411715386783896
strong_stable,260914,ar1,72,0.5,0.5141171538678391,0.7818128535813196,-0.24613988474881626,0.014117153867839072
strong_stable,260914,ar1,73,0.5,0.5141171538678391,0.7818128535813196,-0.24613988474881626,0.014117153867839072
strong_stable,260914,ar1,74,0.75,0.5141171538678391,0.13483382953445736,-2.003712151051248,0.23588284613216093
strong_stable,260914,ar1,75,0.5,0.5141171538678391,0.7818128535813196,-0.24613988474881626,0.014117153867839072
strong_stable,260914,ar1,76,0.5,0.5141171538678391,0.7818128535813196,-0.24613988474881626,0.014117153867839072
strong_stable,260914,ar1,77,0.5,0.5141171538678391,0.7818128535813196,-0.24613988474881626,0.014117153867839072
strong_stable,260914,ar1,78,0.5,0.5141171538678391,0.7818128535813196,-0.24613988474881626,0.014117153867839072
strong_stable,260914,ar1,79,0.5,0.5141171538678391,0.7818128535813196,-0.24613988474881626,0.014117153867839072
strong_stable,260914,quadratic_narrative_position,60,0.5,0.5102203932430479,0.7728116424252559,-0.25771993094723616,0.01022039324304791
strong_stable,260914,quadratic_narrative_position,61,0.5,0.508848283533562,0.7733821246549307,-0.2569820127539184,0.00884828353356204
strong_stable,260914,quadratic_narrative_position,62,0.5,0.5074088211382303,0.773892670400417,-0.256322083741119,0.0074088211382302704
strong_stable,260914,quadratic_narrative_position,63,0.5,0.5059020060570529,0.7743304773603579,-0.25575652318578973,0.005902006057052933
strong_stable,260914,quadratic_narrative_position,64,0.5,0.5043278382900299,0.7746821399318657,-0.25530247578343346,0.004327838290029917
strong_stable,260914,quadratic_narrative_position,65,0.5,0.5026863178371613,0.7749336594772164,-0.25497785396729644,0.002686317837161334
strong_stable,260914,quadratic_narrative_position,66,0.5,0.5009774446984471,0.7750704574819324,-0.25480134088120276,0.000977444698447072
strong_stable,260914,quadratic_narrative_position,67,0.5,0.49920121887388713,0.7750773919170276,-0.2547923940764215,0.0007987811261128686
strong_stable,260914,quadratic_narrative_position,68,0.5,0.49735764036348157,0.774938777127022,-0.2549712500046932,0.002642359636518432
strong_stable,260914,quadratic_narrative_position,69,0.5,0.4954467091672304,0.7746384075726412,-0.25535892938085913,0.004553290832769619
strong_stable,260914,quadratic_narrative_position,70,0.5,0.4934684252851335,0.7741595857626374,-0.25597724348937323,0.006531574714866484
strong_stable,260914,quadratic_narrative_position,71,0.5,0.49142278871719103,0.7734851547125922,-0.25684880150924594,0.008577211282808972
strong_stable,260914,quadratic_narrative_position,72,0.5,0.4893097994634029,0.7725975352695706,-0.2579970189316295,0.010690200536597083
strong_stable,260914,quadratic_narrative_position,73,0.5,0.4871294575237691,0.7714787686397122,-0.25944612714318893,0.012870542476230873
strong_stable,260914,quadratic_narrative_position,74,0.75,0.4848817628982898,0.08678256580413207,-2.4443495322809627,0.2651182371017102
strong_stable,260914,quadratic_narrative_position,75,0.5,0.4825667155869648,0.768474354673572,-0.26334808718674985,0.01743328441303521
strong_stable,260914,quadratic_narrative_position,76,0.5,0.48018431558979413,0.7665513537114467,-0.26585358524791464,0.01981568441020587
strong_stable,260914,quadratic_narrative_position,77,0.5,0.47773456290677774,0.764322624953366,-0.26876529498202484,0.022265437093222262
strong_stable,260914,quadratic_narrative_position,78,0.5,0.4752174575379158,0.7617691540584112,-0.27211171662323996,0.024782542462084223
strong_stable,260914,quadratic_narrative_position,79,0.5,0.4726329994832082,0.7588719292145792,-0.27592225203673904,0.027367000516791806
strong_stable,260915,rcwe,60,0.5,0.37676458140870095,0.4557208902395812,-0.785874739674842,0.12323541859129905
strong_stable,260915,rcwe,61,0.5,0.37676252611368316,0.4557168142319499,-0.7858836838025894,0.12323747388631684
strong_stable,260915,rcwe,62,0.5,0.376764668964395,0.4557210638770372,-0.7858743586578057,0.12323533103560502
strong_stable,260915,rcwe,63,0.5,0.37676557912231334,0.4557228688675908,-0.785870397930242,0.12323442087768666
strong_stable,260915,rcwe,64,0.5,0.3767639681863812,0.4557196741164145,-0.7858774082485576,0.12323603181361881
strong_stable,260915,rcwe,65,0.5,0.37676370451821795,0.45571915121714135,-0.7858785556635208,0.12323629548178205
strong_stable,260915,rcwe,66,0.5,0.3767648270266746,0.4557213773405918,-0.7858736708172128,0.12323517297332542
strong_stable,260915,rcwe,67,0.5,0.37676476533147824,0.4557212549888707,-0.7858739392964713,0.12323523466852176
strong_stable,260915,rcwe,68,0.5,0.37676403483219423,0.4557198062864289,-0.7858771182237841,0.12323596516780577
strong_stable,260915,rcwe,69,0.5,0.37676422949658045,0.45572019233891387,-0.7858762710972907,0.12323577050341955
strong_stable,260915,rcwe,70,0.25,0.37676467235441363,0.4486752783482792,-0.801455863688588,0.12676467235441363
strong_stable,260915,rcwe,71,0.75,0.37676445017919064,0.048524458215008795,-3.0256873150587635,0.37323554982080936
strong_stable,260915,rcwe,72,0.5,0.37676420363151614,0.4557201410441224,-0.7858763836549417,0.12323579636848386
strong_stable,260915,rcwe,73,0.5,0.3767644026968711,0.4557205358242136,-0.7858755173778461,0.12323559730312889
strong_stable,260915,rcwe,74,0.5,0.37676452408502775,0.45572077655720233,-0.7858749891310233,0.12323547591497225
strong_stable,260915,rcwe,75,0.5,0.37676436667767155,0.45572046439210323,-0.7858756741232863,0.12323563332232845
strong_stable,260915,rcwe,76,0.5,0.376764319417635,0.4557203706675138,-0.7858758797857622,0.123235680582365
strong_stable,260915,rcwe,77,0.5,0.37676443362589696,0.4557205971616482,-0.7858753827834497,0.12323556637410304
strong_stable,260915,rcwe,78,0.5,0.37676444088274647,0.4557206115531944,-0.7858753512036921,0.12323555911725353
strong_stable,260915,rcwe,79,0.5,0.37676436370954436,0.4557204585058091,-0.7858756870397441,0.12323563629045564
strong_stable,260915,persistence,60,0.5,0.5,0.5277074754640756,-0.6392131725460181,0.0
strong_stable,260915,persistence,61,0.5,0.5,0.5277074754640756,-0.6392131725460181,0.0
strong_stable,260915,persistence,62,0.5,0.5,0.5277074754640756,-0.6392131725460181,0.0
strong_stable,260915,persistence,63,0.5,0.5,0.5277074754640756,-0.6392131725460181,0.0
strong_stable,260915,persistence,64,0.5,0.5,0.5277074754640756,-0.6392131725460181,0.0
strong_stable,260915,persistence,65,0.5,0.5,0.5277074754640756,-0.6392131725460181,0.0
strong_stable,260915,persistence,66,0.5,0.5,0.5277074754640756,-0.6392131725460181,0.0
strong_stable,260915,persistence,67,0.5,0.5,0.5277074754640756,-0.6392131725460181,0.0
strong_stable,260915,persistence,68,0.5,0.5,0.5277074754640756,-0.6392131725460181,0.0
strong_stable,260915,persistence,69,0.5,0.5,0.5277074754640756,-0.6392131725460181,0.0
strong_stable,260915,persistence,70,0.25,0.5,0.22061465218996143,-1.5113377546496534,0.25
strong_stable,260915,persistence,71,0.75,0.5,0.22061465218996143,-1.5113377546496534,0.25
strong_stable,260915,persistence,72,0.5,0.5,0.5277074754640756,-0.6392131725460181,0.0
strong_stable,260915,persistence,73,0.5,0.5,0.5277074754640756,-0.6392131725460181,0.0
strong_stable,260915,persistence,74,0.5,0.5,0.5277074754640756,-0.6392131725460181,0.0
strong_stable,260915,persistence,75,0.5,0.5,0.5277074754640756,-0.6392131725460181,0.0
strong_stable,260915,persistence,76,0.5,0.5,0.5277074754640756,-0.6392131725460181,0.0
strong_stable,260915,persistence,77,0.5,0.5,0.5277074754640756,-0.6392131725460181,0.0
strong_stable,260915,persistence,78,0.5,0.5,0.5277074754640756,-0.6392131725460181,0.0
strong_stable,260915,persistence,79,0.5,0.5,0.5277074754640756,-0.6392131725460181,0.0
strong_stable,260915,ar1,60,0.5,0.5042986567443271,0.7180368175183345,-0.3312344333678897,0.004298656744327056
strong_stable,260915,ar1,61,0.5,0.5045320925781739,0.7180000402428638,-0.3312856538853576,0.004532092578173885
strong_stable,260915,ar1,62,0.5,0.5045447691633875,0.7179979874661393,-0.3312885129097921,0.00454476916338753
strong_stable,260915,ar1,63,0.5,0.5045454575573245,0.7179978758274147,-0.33128866839592885,0.004545457557324495
strong_stable,260915,ar1,64,0.5,0.5045454949401216,0.7179978697644609,-0.3312886768401792,0.004545494940121575
strong_stable,260915,ar1,65,0.5,0.5045454969701707,0.7179978694352146,-0.3312886772987409,0.004545496970170704
strong_stable,260915,ar1,66,0.5,0.5045454970804112,0.7179978694173351,-0.3312886773236427,0.004545497080411187
strong_stable,260915,ar1,67,0.5,0.5045454970863977,0.7179978694163641,-0.331288677324995,0.004545497086397732
strong_stable,260915,ar1,68,0.5,0.5045454970867228,0.7179978694163114,-0.3312886773250685,0.004545497086722805
strong_stable,260915,ar1,69,0.5,0.5045454970867405,0.7179978694163086,-0.33128867732507233,0.004545497086740458
strong_stable,260915,ar1,70,0.25,0.5045454970867415,0.1317125974024545,-2.027133022548711,0.25454549708674146
strong_stable,260915,ar1,71,0.75,0.5045454970867415,0.1490407785871959,-1.9035353286874472,0.24545450291325854
strong_stable,260915,ar1,72,0.5,0.5045454970867415,0.7179978694163086,-0.33128867732507244,0.004545497086741457
strong_stable,260915,ar1,73,0.5,0.5045454970867415,0.7179978694163086,-0.33128867732507244,0.004545497086741457
strong_stable,260915,ar1,74,0.5,0.5045454970867415,0.7179978694163086,-0.33128867732507244,0.004545497086741457
strong_stable,260915,ar1,75,0.5,0.5045454970867415,0.7179978694163086,-0.33128867732507244,0.004545497086741457
strong_stable,260915,ar1,76,0.5,0.5045454970867415,0.7179978694163086,-0.33128867732507244,0.004545497086741457
strong_stable,260915,ar1,77,0.5,0.5045454970867415,0.7179978694163086,-0.33128867732507244,0.004545497086741457
strong_stable,260915,ar1,78,0.5,0.5045454970867415,0.7179978694163086,-0.33128867732507244,0.004545497086741457
strong_stable,260915,ar1,79,0.5,0.5045454970867415,0.7179978694163086,-0.33128867732507244,0.004545497086741457
strong_stable,260915,quadratic_narrative_position,60,0.5,0.4883949934648631,0.705257621738881,-0.34919212201361294,0.011605006535136908
strong_stable,260915,quadratic_narrative_position,61,0.5,0.4881931955100297,0.7051770001518191,-0.34930644363603824,0.01180680448997029
strong_stable,260915,quadratic_narrative_position,62,0.5,0.4879994461267539,0.7050982945311652,-0.3494180610217108,0.012000553873246111
strong_stable,260915,quadratic_narrative_position,63,0.5,0.48781374531503574,0.705021663909723,-0.3495267476920313,0.01218625468496426
strong_stable,260915,quadratic_narrative_position,64,0.5,0.4876360930748751,0.7049472606418911,-0.34963228656825096,0.012363906925124901
strong_stable,260915,quadratic_narrative_position,65,0.5,0.487466489406272,0.7048752304112966,-0.3497344699723522,0.012533510593727981
strong_stable,260915,quadratic_narrative_position,66,0.5,0.4873049343092265,0.7048057122384251,-0.3498330996279353,0.0126950656907735
strong_stable,260915,quadratic_narrative_position,67,0.5,0.48715142778373866,0.704738838488215,-0.34992798666109204,0.012848572216261345
strong_stable,260915,quadratic_narrative_position,68,0.5,0.4870059698298083,0.7046747348775607,-0.35001895160127683,0.012994030170191684
strong_stable,260915,quadratic_narrative_position,69,0.5,0.48686856044743554,0.7046135204826952,-0.3501058243821592,0.013131439552564461
strong_stable,260915,quadratic_narrative_position,70,0.25,0.4867391996366204,0.1721706387014791,-1.7592692084865225,0.23673919963662038
strong_stable,260915,quadratic_narrative_position,71,0.75,0.48661788739736284,0.12137453905778861,-2.108874150047984,0.26338211260263716
strong_stable,260915,quadratic_narrative_position,72,0.5,0.4865046237296628,0.7044483038953586,-0.35034033018628424,0.0134953762703372
strong_stable,260915,quadratic_narrative_position,73,0.5,0.4863994086335203,0.7043997045609064,-0.35040932177967077,0.013600591366479675
strong_stable,260915,quadratic_narrative_position,74,0.5,0.4863022421089354,0.7043544904583848,-0.35047351197366916,0.013697757891064588
strong_stable,260915,quadratic_narrative_position,75,0.5,0.48621312415590817,0.704312740963471,-0.35053278714383673,0.013786875844091828
strong_stable,260915,quadratic_narrative_position,76,0.5,0.48613205477443844,0.7042745288563816,-0.3505870430751766,0.013867945225561562
strong_stable,260915,quadratic_narrative_position,77,0.5,0.4860590339645263,0.7042399203270443,-0.35063618496273663,0.013940966035473679
strong_stable,260915,quadratic_narrative_position,78,0.5,0.48599406172617177,0.7042089749798727,-0.3506801274121642,0.014005938273828233
strong_stable,260915,quadratic_narrative_position,79,0.5,0.4859371380593748,0.7041817458381265,-0.35071879444020837,0.014062861940625226
strong_stable,260916,rcwe,60,0.75,0.37676458140870095,0.048524545557733174,-3.0256855150871824,0.37323541859129905
strong_stable,260916,rcwe,61,0.5,0.37676252611368316,0.4557168142319499,-0.7858836838025894,0.12323747388631684
strong_stable,260916,rcwe,62,0.5,0.376764668964395,0.4557210638770372,-0.7858743586578057,0.12323533103560502
strong_stable,260916,rcwe,63,0.5,0.37676557912231334,0.4557228688675908,-0.785870397930242,0.12323442087768666
strong_stable,260916,rcwe,64,0.5,0.3767639681863812,0.4557196741164145,-0.7858774082485576,0.12323603181361881
strong_stable,260916,rcwe,65,0.5,0.37676370451821795,0.45571915121714135,-0.7858785556635208,0.12323629548178205
strong_stable,260916,rcwe,66,0.5,0.3767648270266746,0.4557213773405918,-0.7858736708172128,0.12323517297332542
strong_stable,260916,rcwe,67,0.5,0.37676476533147824,0.4557212549888707,-0.7858739392964713,0.12323523466852176
strong_stable,260916,rcwe,68,0.5,0.37676403483219423,0.4557198062864289,-0.7858771182237841,0.12323596516780577
strong_stable,260916,rcwe,69,0.5,0.37676422949658045,0.45572019233891387,-0.7858762710972907,0.12323577050341955
strong_stable,260916,rcwe,70,0.5,0.37676467235441363,0.455721070600005,-0.7858743439054314,0.12323532764558637
strong_stable,260916,rcwe,71,0.5,0.37676445017919064,0.4557206299895972,-0.7858753107481982,0.12323554982080936
strong_stable,260916,rcwe,72,0.5,0.37676420363151614,0.4557201410441224,-0.7858763836549417,0.12323579636848386
strong_stable,260916,rcwe,73,0.5,0.3767644026968711,0.4557205358242136,-0.7858755173778461,0.12323559730312889
strong_stable,260916,rcwe,74,0.5,0.37676452408502775,0.45572077655720233,-0.7858749891310233,0.12323547591497225
strong_stable,260916,rcwe,75,0.5,0.37676436667767155,0.45572046439210323,-0.7858756741232863,0.12323563332232845
strong_stable,260916,rcwe,76,0.5,0.376764319417635,0.4557203706675138,-0.7858758797857622,0.123235680582365
strong_stable,260916,rcwe,77,0.5,0.37676443362589696,0.4557205971616482,-0.7858753827834497,0.12323556637410304
strong_stable,260916,rcwe,78,0.5,0.37676444088274647,0.4557206115531944,-0.7858753512036921,0.12323555911725353
strong_stable,260916,rcwe,79,0.5,0.37676436370954436,0.4557204585058091,-0.7858756870397441,0.12323563629045564
strong_stable,260916,persistence,60,0.75,0.5,0.14810799388592316,-1.9098135828927807,0.25
strong_stable,260916,persistence,61,0.5,0.5,0.7019884823870873,-0.35383828194692074,0.0
strong_stable,260916,persistence,62,0.5,0.5,0.7019884823870873,-0.35383828194692074,0.0
strong_stable,260916,persistence,63,0.5,0.5,0.7019884823870873,-0.35383828194692074,0.0
strong_stable,260916,persistence,64,0.5,0.5,0.7019884823870873,-0.35383828194692074,0.0
strong_stable,260916,persistence,65,0.5,0.5,0.7019884823870873,-0.35383828194692074,0.0
strong_stable,260916,persistence,66,0.5,0.5,0.7019884823870873,-0.35383828194692074,0.0
strong_stable,260916,persistence,67,0.5,0.5,0.7019884823870873,-0.35383828194692074,0.0
strong_stable,260916,persistence,68,0.5,0.5,0.7019884823870873,-0.35383828194692074,0.0
strong_stable,260916,persistence,69,0.5,0.5,0.7019884823870873,-0.35383828194692074,0.0
strong_stable,260916,persistence,70,0.5,0.5,0.7019884823870873,-0.35383828194692074,0.0
strong_stable,260916,persistence,71,0.5,0.5,0.7019884823870873,-0.35383828194692074,0.0
strong_stable,260916,persistence,72,0.5,0.5,0.7019884823870873,-0.35383828194692074,0.0
strong_stable,260916,persistence,73,0.5,0.5,0.7019884823870873,-0.35383828194692074,0.0
strong_stable,260916,persistence,74,0.5,0.5,0.7019884823870873,-0.35383828194692074,0.0
strong_stable,260916,persistence,75,0.5,0.5,0.7019884823870873,-0.35383828194692074,0.0
strong_stable,260916,persistence,76,0.5,0.5,0.7019884823870873,-0.35383828194692074,0.0
strong_stable,260916,persistence,77,0.5,0.5,0.7019884823870873,-0.35383828194692074,0.0
strong_stable,260916,persistence,78,0.5,0.5,0.7019884823870873,-0.35383828194692074,0.0
strong_stable,260916,persistence,79,0.5,0.5,0.7019884823870873,-0.35383828194692074,0.0
strong_stable,260916,ar1,60,0.75,0.5277666655468928,0.1240723694030486,-2.086890259401345,0.22223333445310722
strong_stable,260916,ar1,61,0.5,0.531786757016153,0.8345622573387177,-0.18084793430265747,0.03178675701615297
strong_stable,260916,ar1,62,0.5,0.5323687907282646,0.8335462880191604,-0.18206604381718328,0.032368790728264596
strong_stable,260916,ar1,63,0.5,0.5324530582740716,0.833397730036437,-0.18224428373586987,0.03245305827407163
strong_stable,260916,ar1,64,0.5,0.5324652586314196,0.8333761909573725,-0.18227012896754102,0.03246525863141958
strong_stable,260916,ar1,65,0.5,0.5324670250139336,0.8333730718605192,-0.18227387169828377,0.032467025013933615
strong_stable,260916,ar1,66,0.5,0.5324672807529335,0.8333726202604231,-0.18227441359270508,0.03246728075293348
strong_stable,260916,ar1,67,0.5,0.5324673177791357,0.8333725548769316,-0.1822744920491991,0.032467317779135696
strong_stable,260916,ar1,68,0.5,0.532467323139834,0.8333725454106248,-0.18227450340823287,0.032467323139834026
strong_stable,260916,ar1,69,0.5,0.5324673239159625,0.8333725440400811,-0.1822745050528079,0.03246732391596252
strong_stable,260916,ar1,70,0.5,0.5324673240283313,0.833372543841652,-0.18227450529091152,0.0324673240283313
strong_stable,260916,ar1,71,0.5,0.5324673240446002,0.8333725438129234,-0.18227450532538433,0.032467324044600177
strong_stable,260916,ar1,72,0.5,0.5324673240469556,0.8333725438087639,-0.18227450533037537,0.032467324046955626
strong_stable,260916,ar1,73,0.5,0.5324673240472966,0.833372543808162,-0.18227450533109776,0.032467324047296575
strong_stable,260916,ar1,74,0.5,0.532467324047346,0.8333725438080747,-0.18227450533120243,0.03246732404734598
strong_stable,260916,ar1,75,0.5,0.5324673240473532,0.8333725438080619,-0.18227450533121775,0.0324673240473532
strong_stable,260916,ar1,76,0.5,0.5324673240473542,0.8333725438080601,-0.18227450533121992,0.032467324047354196
strong_stable,260916,ar1,77,0.5,0.5324673240473543,0.8333725438080599,-0.18227450533122014,0.03246732404735431
strong_stable,260916,ar1,78,0.5,0.5324673240473543,0.8333725438080599,-0.18227450533122014,0.03246732404735431
strong_stable,260916,ar1,79,0.5,0.5324673240473543,0.8333725438080599,-0.18227450533122014,0.03246732404735431
strong_stable,260916,quadratic_narrative_position,60,0.75,0.5615965936713749,0.24018471476043662,-1.4263470068296997,0.18840340632862507
strong_stable,260916,quadratic_narrative_position,61,0.5,0.5650671600718069,0.7301062820478059,-0.31456516359085507,0.0650671600718069
strong_stable,260916,quadratic_narrative_position,62,0.5,0.5686445782213823,0.71886296835302,-0.330084525860292,0.06864457822138226
strong_stable,260916,quadratic_narrative_position,63,0.5,0.5723288481201011,0.7068045878366297,-0.3470010475607328,0.0723288481201011
strong_stable,260916,quadratic_narrative_position,64,0.5,0.5761199697679633,0.6939139546347523,-0.3654073108382173,0.07611996976796331
strong_stable,260916,quadratic_narrative_position,65,0.5,0.580017943164969,0.6801782573764159,-0.38540037196489835,0.08001794316496902
strong_stable,260916,quadratic_narrative_position,66,0.5,0.584022768311118,0.665589648531981,-0.4070819416814382,0.08402276831111799
strong_stable,260916,quadratic_narrative_position,67,0.5,0.5881344452064103,0.6501458441573645,-0.43055856563418576,0.08813444520641034
strong_stable,260916,quadratic_narrative_position,68,0.5,0.5923529738508462,0.6338507241221566,-0.45594180317925365,0.09235297385084618
strong_stable,260916,quadratic_narrative_position,69,0.5,0.5966783542444254,0.6167149207585549,-0.4833484027605006,0.09667835424442539
strong_stable,260916,quadratic_narrative_position,70,0.5,0.6011105863871481,0.5987563816421577,-0.5129004720388086,0.1011105863871481
strong_stable,260916,quadratic_narrative_position,71,0.5,0.605649670279014,0.5800008900006234,-0.5447256409590159,0.10564967027901395
strong_stable,260916,quadratic_narrative_position,72,0.5,0.6102956059200234,0.5604825241512459,-0.5789572159903503,0.11029560592002341
strong_stable,260916,quadratic_narrative_position,73,0.5,0.6150483933101762,0.5402440355262526,-0.6157343238666313,0.11504839331017624
strong_stable,260916,quadratic_narrative_position,74,0.5,0.6199080324494725,0.5193371234088386,-0.6552020432830793,0.11990803244947246
strong_stable,260916,quadratic_narrative_position,75,0.5,0.6248745233379119,0.4978225836443447,-0.6975115231746294,0.12487452333791194
strong_stable,260916,quadratic_narrative_position,76,0.5,0.629947865975495,0.4757703084898848,-0.7428200864024317,0.129947865975495
strong_stable,260916,quadratic_narrative_position,77,0.5,0.6351280603622214,0.4532591156026846,-0.7912913179053213,0.13512806036222136
strong_stable,260916,quadratic_narrative_position,78,0.5,0.6404151064980912,0.43037638611027373,-0.8430951366251243,0.1404151064980912
strong_stable,260916,quadratic_narrative_position,79,0.5,0.6458090043831044,0.40721749489498077,-0.8984078507812681,0.1458090043831044
strong_stable,260917,rcwe,60,0.5,0.37676458140870095,0.4557208902395812,-0.785874739674842,0.12323541859129905
strong_stable,260917,rcwe,61,0.5,0.37676252611368316,0.4557168142319499,-0.7858836838025894,0.12323747388631684
strong_stable,260917,rcwe,62,0.5,0.376764668964395,0.4557210638770372,-0.7858743586578057,0.12323533103560502
strong_stable,260917,rcwe,63,0.5,0.37676557912231334,0.4557228688675908,-0.785870397930242,0.12323442087768666
strong_stable,260917,rcwe,64,0.25,0.3767639681863812,0.44867669314113906,-0.8014527104267581,0.1267639681863812
strong_stable,260917,rcwe,65,0.5,0.37676370451821795,0.45571915121714135,-0.7858785556635208,0.12323629548178205
strong_stable,260917,rcwe,66,0.5,0.3767648270266746,0.4557213773405918,-0.7858736708172128,0.12323517297332542
strong_stable,260917,rcwe,67,0.5,0.37676476533147824,0.4557212549888707,-0.7858739392964713,0.12323523466852176
strong_stable,260917,rcwe,68,0.5,0.37676403483219423,0.4557198062864289,-0.7858771182237841,0.12323596516780577
strong_stable,260917,rcwe,69,0.5,0.37676422949658045,0.45572019233891387,-0.7858762710972907,0.12323577050341955
strong_stable,260917,rcwe,70,0.5,0.37676467235441363,0.455721070600005,-0.7858743439054314,0.12323532764558637
strong_stable,260917,rcwe,71,0.5,0.37676445017919064,0.4557206299895972,-0.7858753107481982,0.12323554982080936
strong_stable,260917,rcwe,72,0.5,0.37676420363151614,0.4557201410441224,-0.7858763836549417,0.12323579636848386
strong_stable,260917,rcwe,73,0.5,0.3767644026968711,0.4557205358242136,-0.7858755173778461,0.12323559730312889
strong_stable,260917,rcwe,74,0.5,0.37676452408502775,0.45572077655720233,-0.7858749891310233,0.12323547591497225
strong_stable,260917,rcwe,75,0.5,0.37676436667767155,0.45572046439210323,-0.7858756741232863,0.12323563332232845
strong_stable,260917,rcwe,76,0.5,0.376764319417635,0.4557203706675138,-0.7858758797857622,0.123235680582365
strong_stable,260917,rcwe,77,0.5,0.37676443362589696,0.4557205971616482,-0.7858753827834497,0.12323556637410304
strong_stable,260917,rcwe,78,0.5,0.37676444088274647,0.4557206115531944,-0.7858753512036921,0.12323555911725353
strong_stable,260917,rcwe,79,0.5,0.37676436370954436,0.4557204585058091,-0.7858756870397441,0.12323563629045564
strong_stable,260917,persistence,60,0.5,0.5,0.729359088227085,-0.3155890918062424,0.0
strong_stable,260917,persistence,61,0.5,0.5,0.729359088227085,-0.3155890918062424,0.0
strong_stable,260917,persistence,62,0.5,0.5,0.729359088227085,-0.3155890918062424,0.0
strong_stable,260917,persistence,63,0.5,0.5,0.729359088227085,-0.3155890918062424,0.0
strong_stable,260917,persistence,64,0.25,0.5,0.13484517287772474,-2.003628026271991,0.25
strong_stable,260917,persistence,65,0.5,0.5,0.729359088227085,-0.3155890918062424,0.0
strong_stable,260917,persistence,66,0.5,0.5,0.729359088227085,-0.3155890918062424,0.0
strong_stable,260917,persistence,67,0.5,0.5,0.729359088227085,-0.3155890918062424,0.0
strong_stable,260917,persistence,68,0.5,0.5,0.729359088227085,-0.3155890918062424,0.0
strong_stable,260917,persistence,69,0.5,0.5,0.729359088227085,-0.3155890918062424,0.0
strong_stable,260917,persistence,70,0.5,0.5,0.729359088227085,-0.3155890918062424,0.0
strong_stable,260917,persistence,71,0.5,0.5,0.729359088227085,-0.3155890918062424,0.0
strong_stable,260917,persistence,72,0.5,0.5,0.729359088227085,-0.3155890918062424,0.0
strong_stable,260917,persistence,73,0.5,0.5,0.729359088227085,-0.3155890918062424,0.0
strong_stable,260917,persistence,74,0.5,0.5,0.729359088227085,-0.3155890918062424,0.0
strong_stable,260917,persistence,75,0.5,0.5,0.729359088227085,-0.3155890918062424,0.0
strong_stable,260917,persistence,76,0.5,0.5,0.729359088227085,-0.3155890918062424,0.0
strong_stable,260917,persistence,77,0.5,0.5,0.729359088227085,-0.3155890918062424,0.0
strong_stable,260917,persistence,78,0.5,0.5,0.729359088227085,-0.3155890918062424,0.0
strong_stable,260917,persistence,79,0.5,0.5,0.729359088227085,-0.3155890918062424,0.0
strong_stable,260917,ar1,60,0.5,0.5210397020689138,0.8682504484105301,-0.14127507090484182,0.021039702068913813
strong_stable,260917,ar1,61,0.5,0.5230853268501285,0.8656795180752376,-0.14424051041971486,0.02308532685012854
strong_stable,260917,ar1,62,0.5,0.5232842165840141,0.8654170430560798,-0.14454375753725016,0.02328421658401414
strong_stable,260917,ar1,63,0.5,0.5233035540141276,0.8653914053525663,-0.14457338265670103,0.023303554014127648
strong_stable,260917,ar1,64,0.25,0.5233054341323021,0.03221428180536953,-3.4353453904358036,0.2733054341323021
strong_stable,260917,ar1,65,0.5,0.5233056169303435,0.8653886690884284,-0.14457654454211707,0.023305616930343498
strong_stable,260917,ar1,66,0.5,0.5233056347032284,0.8653886455133353,-0.14457657178431974,0.02330563470322844
strong_stable,260917,ar1,67,0.5,0.5233056364312307,0.8653886432212015,-0.14457657443299532,0.023305636431230736
strong_stable,260917,ar1,68,0.5,0.523305636599239,0.8653886429983445,-0.14457657469051777,0.02330563659923901
strong_stable,260917,ar1,69,0.5,0.5233056366155739,0.8653886429766767,-0.14457657471555596,0.023305636615573944
strong_stable,260917,ar1,70,0.5,0.5233056366171621,0.8653886429745701,-0.14457657471799032,0.023305636617162118
strong_stable,260917,ar1,71,0.5,0.5233056366173165,0.8653886429743651,-0.14457657471822705,0.02330563661731655
strong_stable,260917,ar1,72,0.5,0.5233056366173315,0.8653886429743453,-0.14457657471825003,0.023305636617331538
strong_stable,260917,ar1,73,0.5,0.523305636617333,0.8653886429743435,-0.14457657471825217,0.02330563661733298
strong_stable,260917,ar1,74,0.5,0.5233056366173332,0.865388642974343,-0.14457657471825264,0.023305636617333203
strong_stable,260917,ar1,75,0.5,0.5233056366173332,0.865388642974343,-0.14457657471825264,0.023305636617333203
strong_stable,260917,ar1,76,0.5,0.5233056366173332,0.865388642974343,-0.14457657471825264,0.023305636617333203
strong_stable,260917,ar1,77,0.5,0.5233056366173332,0.865388642974343,-0.14457657471825264,0.023305636617333203
strong_stable,260917,ar1,78,0.5,0.5233056366173332,0.865388642974343,-0.14457657471825264,0.023305636617333203
strong_stable,260917,ar1,79,0.5,0.5233056366173332,0.865388642974343,-0.14457657471825264,0.023305636617333203
strong_stable,260917,quadratic_narrative_position,60,0.5,0.5528952982417127,0.7855164265276754,-0.241413909312024,0.052895298241712685
strong_stable,260917,quadratic_narrative_position,61,0.5,0.5558682269216096,0.7770953533261696,-0.2521922162904547,0.05586822692160964
strong_stable,260917,quadratic_narrative_position,62,0.5,0.5589249160454052,0.7680244021007206,-0.2639337727705874,0.058924916045405173
strong_stable,260917,quadratic_narrative_position,63,0.5,0.562065365613099,0.7582813362188923,-0.2767008062395016,0.062065365613099055
strong_stable,260917,quadratic_narrative_position,64,0.25,0.5652895756246914,0.012185691682401266,-4.40749282844413,0.3152895756246914
strong_stable,260917,quadratic_narrative_position,65,0.5,0.5685975460801822,0.7366995242482013,-0.3055751710812778,0.0685975460801822
strong_stable,260917,quadratic_narrative_position,66,0.5,0.5719892769795714,0.7248269763330202,-0.3218223059434661,0.07198927697957136
strong_stable,260917,quadratic_narrative_position,67,0.5,0.5754647683228591,0.7122154687555492,-0.33937478869509624,0.07546476832285909
strong_stable,260917,quadratic_narrative_position,68,0.5,0.5790240201100452,0.6988557075584798,-0.35831098501226766,0.07902402011004517
strong_stable,260917,quadratic_narrative_position,69,0.5,0.5826670323411296,0.6847421862044997,-0.3787128820694466,0.0826670323411296
strong_stable,260917,quadratic_narrative_position,70,0.5,0.5863938050161126,0.6698736167043762,-0.40066621617485115,0.0863938050161126
strong_stable,260917,quadratic_narrative_position,71,0.5,0.590204338134994,0.6542533635344293,-0.42426059653132653,0.09020433813499396
strong_stable,260917,quadratic_narrative_position,72,0.5,0.5940986316977739,0.6378898726343764,-0.44958962396250146,0.09409863169777388
strong_stable,260917,quadratic_narrative_position,73,0.5,0.5980766857044523,0.6207970863659256,-0.47675100347799887,0.09807668570445227
strong_stable,260917,quadratic_narrative_position,74,0.5,0.602138500155029,0.6029948339079618,-0.5058466496084643,0.10213850015502901
strong_stable,260917,quadratic_narrative_position,75,0.5,0.6062840750495042,0.5845091852263941,-0.5369827835204445,0.10628407504950421
strong_stable,260917,quadratic_narrative_position,76,0.5,0.6105134103878779,0.5653727555576998,-0.5702700210214152,0.11051341038787788
strong_stable,260917,quadratic_narrative_position,77,0.5,0.6148265061701499,0.5456249463671363,-0.6058234506844744,0.11482650617014989
strong_stable,260917,quadratic_narrative_position,78,0.5,0.6192233623963205,0.5253121080758419,-0.6437627014575924,0.11922336239632048
strong_stable,260917,quadratic_narrative_position,79,0.5,0.6237039790663894,0.5044876095907249,-0.6842119992705953,0.12370397906638941
strong_stable,260918,rcwe,60,0.5,0.37676458140870095,0.4557208902395812,-0.785874739674842,0.12323541859129905
strong_stable,260918,rcwe,61,0.5,0.37676252611368316,0.4557168142319499,-0.7858836838025894,0.12323747388631684
strong_stable,260918,rcwe,62,0.5,0.376764668964395,0.4557210638770372,-0.7858743586578057,0.12323533103560502
strong_stable,260918,rcwe,63,0.75,0.37676557912231334,0.048525209612325586,-3.02567183025941,0.37323442087768666
strong_stable,260918,rcwe,64,0.5,0.3767639681863812,0.4557196741164145,-0.7858774082485576,0.12323603181361881
strong_stable,260918,rcwe,65,0.5,0.37676370451821795,0.45571915121714135,-0.7858785556635208,0.12323629548178205
strong_stable,260918,rcwe,66,0.5,0.3767648270266746,0.4557213773405918,-0.7858736708172128,0.12323517297332542
strong_stable,260918,rcwe,67,0.5,0.37676476533147824,0.4557212549888707,-0.7858739392964713,0.12323523466852176
strong_stable,260918,rcwe,68,0.5,0.37676403483219423,0.4557198062864289,-0.7858771182237841,0.12323596516780577
strong_stable,260918,rcwe,69,0.5,0.37676422949658045,0.45572019233891387,-0.7858762710972907,0.12323577050341955
strong_stable,260918,rcwe,70,0.5,0.37676467235441363,0.455721070600005,-0.7858743439054314,0.12323532764558637
strong_stable,260918,rcwe,71,0.25,0.37676445017919064,0.44867572473631606,-0.8014548687868488,0.12676445017919064
strong_stable,260918,rcwe,72,0.5,0.37676420363151614,0.4557201410441224,-0.7858763836549417,0.12323579636848386
strong_stable,260918,rcwe,73,0.5,0.3767644026968711,0.4557205358242136,-0.7858755173778461,0.12323559730312889
strong_stable,260918,rcwe,74,0.5,0.37676452408502775,0.45572077655720233,-0.7858749891310233,0.12323547591497225
strong_stable,260918,rcwe,75,0.75,0.37676436667767155,0.048524402638777143,-3.025688460383524,0.37323563332232845
strong_stable,260918,rcwe,76,0.5,0.376764319417635,0.4557203706675138,-0.7858758797857622,0.123235680582365
strong_stable,260918,rcwe,77,0.5,0.37676443362589696,0.4557205971616482,-0.7858753827834497,0.12323556637410304
strong_stable,260918,rcwe,78,0.5,0.37676444088274647,0.4557206115531944,-0.7858753512036921,0.12323555911725353
strong_stable,260918,rcwe,79,0.5,0.37676436370954436,0.4557204585058091,-0.7858756870397441,0.12323563629045564
strong_stable,260918,persistence,60,0.5,0.5,0.6053850162408865,-0.5018906328810433,0.0
strong_stable,260918,persistence,61,0.5,0.5,0.6053850162408865,-0.5018906328810433,0.0
strong_stable,260918,persistence,62,0.5,0.5,0.6053850162408865,-0.5018906328810433,0.0
strong_stable,260918,persistence,63,0.75,0.5,0.19198028658852112,-1.6503625862438125,0.25
strong_stable,260918,persistence,64,0.5,0.5,0.6053850162408865,-0.5018906328810433,0.0
strong_stable,260918,persistence,65,0.5,0.5,0.6053850162408865,-0.5018906328810433,0.0
strong_stable,260918,persistence,66,0.5,0.5,0.6053850162408865,-0.5018906328810433,0.0
strong_stable,260918,persistence,67,0.5,0.5,0.6053850162408865,-0.5018906328810433,0.0
strong_stable,260918,persistence,68,0.5,0.5,0.6053850162408865,-0.5018906328810433,0.0
strong_stable,260918,persistence,69,0.5,0.5,0.6053850162408865,-0.5018906328810433,0.0
strong_stable,260918,persistence,70,0.5,0.5,0.6053850162408865,-0.5018906328810433,0.0
strong_stable,260918,persistence,71,0.25,0.5,0.19198028658852112,-1.6503625862438125,0.25
strong_stable,260918,persistence,72,0.5,0.5,0.6053850162408865,-0.5018906328810433,0.0
strong_stable,260918,persistence,73,0.5,0.5,0.6053850162408865,-0.5018906328810433,0.0
strong_stable,260918,persistence,74,0.5,0.5,0.6053850162408865,-0.5018906328810433,0.0
strong_stable,260918,persistence,75,0.75,0.5,0.19198028658852112,-1.6503625862438125,0.25
strong_stable,260918,persistence,76,0.5,0.5,0.6053850162408865,-0.5018906328810433,0.0
strong_stable,260918,persistence,77,0.5,0.5,0.6053850162408865,-0.5018906328810433,0.0
strong_stable,260918,persistence,78,0.5,0.5,0.6053850162408865,-0.5018906328810433,0.0
strong_stable,260918,persistence,79,0.5,0.5,0.6053850162408865,-0.5018906328810433,0.0
strong_stable,260918,ar1,60,0.5,0.5131603967408912,0.782642141832414,-0.24507972216031315,0.0131603967408912
strong_stable,260918,ar1,61,0.5,0.5140762585518013,0.7820789701454921,-0.24579955869466905,0.01407625855180128
strong_stable,260918,ar1,62,0.5,0.5141399954491911,0.7820383811936328,-0.24585145883097748,0.01413999544919109
strong_stable,260918,ar1,63,0.75,0.5141444310442126,0.13476638573332758,-2.0042124755963875,0.2358555689557874
strong_stable,260918,ar1,64,0.5,0.5141447397273146,0.7820353526785863,-0.24585533142979543,0.01414473972731456
strong_stable,260918,ar1,65,0.5,0.5141447612092707,0.7820353389632682,-0.24585534896777272,0.014144761209270662
strong_stable,260918,ar1,66,0.5,0.5141447627042486,0.7820353380087873,-0.2458553501882813,0.014144762704248581
strong_stable,260918,ar1,67,0.5,0.5141447628082875,0.7820353379423628,-0.2458553502732192,0.01414476280828747
strong_stable,260918,ar1,68,0.5,0.5141447628155278,0.7820353379377403,-0.24585535027913022,0.01414476281552779
strong_stable,260918,ar1,69,0.5,0.5141447628160317,0.7820353379374184,-0.24585535027954164,0.01414476281603172
strong_stable,260918,ar1,70,0.5,0.5141447628160668,0.782035337937396,-0.2458553502795704,0.014144762816066803
strong_stable,260918,ar1,71,0.25,0.5141447628160692,0.08297961605419252,-2.489160291056154,0.26414476281606925
strong_stable,260918,ar1,72,0.5,0.5141447628160694,0.7820353379373944,-0.24585535027957234,0.014144762816069356
strong_stable,260918,ar1,73,0.5,0.5141447628160694,0.7820353379373944,-0.24585535027957234,0.014144762816069356
strong_stable,260918,ar1,74,0.5,0.5141447628160694,0.7820353379373944,-0.24585535027957234,0.014144762816069356
strong_stable,260918,ar1,75,0.75,0.5141447628160694,0.13476710037642098,-2.004207172781485,0.23585523718393064
strong_stable,260918,ar1,76,0.5,0.5141447628160694,0.7820353379373944,-0.24585535027957234,0.014144762816069356
strong_stable,260918,ar1,77,0.5,0.5141447628160694,0.7820353379373944,-0.24585535027957234,0.014144762816069356
strong_stable,260918,ar1,78,0.5,0.5141447628160694,0.7820353379373944,-0.24585535027957234,0.014144762816069356
strong_stable,260918,ar1,79,0.5,0.5141447628160694,0.7820353379373944,-0.24585535027957234,0.014144762816069356
strong_stable,260918,quadratic_narrative_position,60,0.5,0.6083663583531537,0.5582194410252822,-0.5830031304224745,0.10836635835315367
strong_stable,260918,quadratic_narrative_position,61,0.5,0.6157266325536677,0.5302968719100427,-0.6343182935740768,0.11572663255366766
strong_stable,260918,quadratic_narrative_position,62,0.5,0.6232839128822778,0.5011257475295565,-0.6908982163177968,0.1232839128822778
strong_stable,260918,quadratic_narrative_position,63,0.75,0.6310381993389841,0.5178585150553535,-0.6580532109901238,0.11896180066101592
strong_stable,260918,quadratic_narrative_position,64,0.5,0.6389894919237863,0.4398321445106372,-0.8213621146041081,0.1389894919237863
strong_stable,260918,quadratic_narrative_position,65,0.5,0.6471377906366849,0.40817979372525903,-0.8960475307496363,0.14713779063668486
strong_stable,260918,quadratic_narrative_position,66,0.5,0.6554830954776795,0.37621252461093,-0.977601070242673,0.15548309547767947
strong_stable,260918,quadratic_narrative_position,67,0.5,0.6640254064467701,0.34422115839278283,-1.0664709258772913,0.1640254064467701
strong_stable,260918,quadratic_narrative_position,68,0.5,0.6727647235439571,0.31250825906340324,-1.1631243811520304,0.1727647235439571
strong_stable,260918,quadratic_narrative_position,69,0.5,0.68170104676924,0.28138041795093716,-1.2680477246729633,0.18170104676924004
strong_stable,260918,quadratic_narrative_position,70,0.5,0.6908343761226192,0.2511396596334094,-1.3817460817084948,0.19083437612261922
strong_stable,260918,quadratic_narrative_position,71,0.25,0.7001647116040944,0.0004776521845589784,-7.64662773770281,0.45016471160409444
strong_stable,260918,quadratic_narrative_position,72,0.5,0.7096920532136658,0.19444984763168682,-1.6375810019667674,0.2096920532136658
strong_stable,260918,quadratic_narrative_position,73,0.5,0.7194164009513334,0.16850000337941537,-1.7808195091338432,0.2194164009513334
strong_stable,260918,quadratic_narrative_position,74,0.5,0.729337754817097,0.14441904657871676,-1.935036159706992,0.22933775481709695
strong_stable,260918,quadratic_narrative_position,75,0.75,0.7394561148109569,0.7932815382889702,-0.23157709098711815,0.010543885189043145
strong_stable,260918,quadratic_narrative_position,76,0.5,0.7497714809329127,0.10240714228145462,-2.278798819966737,0.24977148093291268
strong_stable,260918,quadratic_narrative_position,77,0.5,0.7602838531829648,0.08462009753393777,-2.4695834810799395,0.26028385318296476
strong_stable,260918,quadratic_narrative_position,78,0.5,0.770993231561113,0.06898800121485818,-2.6738226849432802,0.270993231561113
strong_stable,260918,quadratic_narrative_position,79,0.5,0.7818996160673573,0.05545546995910514,-2.8921749233584175,0.28189961606735725
strong_stable,260919,rcwe,60,0.5,0.47644051442804053,0.7813063908426882,-0.24678790025775593,0.02355948557195947
strong_stable,260919,rcwe,61,0.5,0.4764392802051193,0.7813050583283089,-0.2467896057545126,0.023560719794880725
strong_stable,260919,rcwe,62,0.5,0.4764386550034239,0.7813043833106671,-0.24679046971657997,0.023561344996576083
strong_stable,260919,rcwe,63,0.5,0.47643900184531707,0.7813047577910062,-0.2467899904152253,0.023560998154682933
strong_stable,260919,rcwe,64,0.5,0.47643966587055925,0.7813054747148002,-0.2467890728175044,0.023560334129440752
strong_stable,260919,rcwe,65,0.5,0.4764399277863605,0.7813057574903136,-0.24678871089061222,0.023560072213639482
strong_stable,260919,rcwe,66,0.5,0.47643968639071804,0.7813054968693526,-0.2467890444616911,0.023560313609281958
strong_stable,260919,rcwe,67,0.5,0.47643933749111916,0.7813051201779739,-0.2467895265925234,0.023560662508880836
strong_stable,260919,rcwe,68,0.5,0.4764392385484418,0.7813050133529778,-0.24678966331888136,0.02356076145155822
strong_stable,260919,rcwe,69,0.5,0.47643939384872813,0.7813051810251453,-0.24678944871364164,0.023560606151271868
strong_stable,260919,rcwe,70,0.5,0.47643957283197236,0.7813053742656217,-0.24678920138333188,0.023560427168027642
strong_stable,260919,rcwe,71,0.5,0.47643960301598265,0.7813054068538527,-0.24678915967335335,0.02356039698401735
strong_stable,260919,rcwe,72,0.5,0.4764395082073323,0.7813053044933546,-0.2467892906855082,0.023560491792667726
strong_stable,260919,rcwe,73,0.5,0.47643941869836937,0.7813052078543149,-0.24678941437473073,0.023560581301630634
strong_stable,260919,rcwe,74,0.5,0.4764394148121455,0.7813052036585153,-0.24678941974497465,0.023560585187854477
strong_stable,260919,rcwe,75,0.5,0.47643947047466284,0.7813052637550315,-0.246789342826872,0.02356052952533716
strong_stable,260919,rcwe,76,0.5,0.4764395139801935,0.7813053107260565,-0.24678928270821454,0.02356048601980648
strong_stable,260919,rcwe,77,0.5,0.47643950960478976,0.7813053060021276,-0.24678928875441541,0.023560490395210243
strong_stable,260919,rcwe,78,0.5,0.4764394779400257,0.7813052718150644,-0.24678933251075966,0.023560522059974276
strong_stable,260919,rcwe,79,0.5,0.47643945749716476,0.7813052497437764,-0.24678936076001012,0.023560542502835236
strong_stable,260919,persistence,60,0.5,0.5,0.5850553039605781,-0.5360488995338423,0.0
strong_stable,260919,persistence,61,0.5,0.5,0.5850553039605781,-0.5360488995338423,0.0
strong_stable,260919,persistence,62,0.5,0.5,0.5850553039605781,-0.5360488995338423,0.0
strong_stable,260919,persistence,63,0.5,0.5,0.5850553039605781,-0.5360488995338423,0.0
strong_stable,260919,persistence,64,0.5,0.5,0.5850553039605781,-0.5360488995338423,0.0
strong_stable,260919,persistence,65,0.5,0.5,0.5850553039605781,-0.5360488995338423,0.0
strong_stable,260919,persistence,66,0.5,0.5,0.5850553039605781,-0.5360488995338423,0.0
strong_stable,260919,persistence,67,0.5,0.5,0.5850553039605781,-0.5360488995338423,0.0
strong_stable,260919,persistence,68,0.5,0.5,0.5850553039605781,-0.5360488995338423,0.0
strong_stable,260919,persistence,69,0.5,0.5,0.5850553039605781,-0.5360488995338423,0.0
strong_stable,260919,persistence,70,0.5,0.5,0.5850553039605781,-0.5360488995338423,0.0
strong_stable,260919,persistence,71,0.5,0.5,0.5850553039605781,-0.5360488995338423,0.0
strong_stable,260919,persistence,72,0.5,0.5,0.5850553039605781,-0.5360488995338423,0.0
strong_stable,260919,persistence,73,0.5,0.5,0.5850553039605781,-0.5360488995338423,0.0
strong_stable,260919,persistence,74,0.5,0.5,0.5850553039605781,-0.5360488995338423,0.0
strong_stable,260919,persistence,75,0.5,0.5,0.5850553039605781,-0.5360488995338423,0.0
strong_stable,260919,persistence,76,0.5,0.5,0.5850553039605781,-0.5360488995338423,0.0
strong_stable,260919,persistence,77,0.5,0.5,0.5850553039605781,-0.5360488995338423,0.0
strong_stable,260919,persistence,78,0.5,0.5,0.5850553039605781,-0.5360488995338423,0.0
strong_stable,260919,persistence,79,0.5,0.5,0.5850553039605781,-0.5360488995338423,0.0
strong_stable,260919,ar1,60,0.5,0.49166261045135756,0.7662451984182691,-0.2662530580896606,0.008337389548642438
strong_stable,260919,ar1,61,0.5,0.4911091286709413,0.7660422428778515,-0.26651796340198614,0.008890871329058692
strong_stable,260919,ar1,62,0.5,0.4910723855057737,0.7660283096900651,-0.26653615210454085,0.0089276144942263
strong_stable,260919,ar1,63,0.5,0.4910699462923537,0.766027382702204,-0.26653736222746993,0.008930053707646324
strong_stable,260919,ar1,64,0.5,0.49106978436394927,0.7660273211547213,-0.2665374425737952,0.008930215636050731
strong_stable,260919,ar1,65,0.5,0.491069773614251,0.7660273170688214,-0.26653744790767797,0.008930226385748974
strong_stable,260919,ar1,66,0.5,0.4910697729006269,0.7660273167975767,-0.26653744826177056,0.008930227099373078
strong_stable,260919,ar1,67,0.5,0.49106977285325265,0.7660273167795698,-0.2665374482852775,0.00893022714674735
strong_stable,260919,ar1,68,0.5,0.49106977285010767,0.7660273167783748,-0.2665374482868375,0.008930227149892334
strong_stable,260919,ar1,69,0.5,0.4910697728498989,0.7660273167782953,-0.26653744828694137,0.008930227150101111
strong_stable,260919,ar1,70,0.5,0.491069772849885,0.7660273167782901,-0.2665374482869481,0.008930227150114989
strong_stable,260919,ar1,71,0.5,0.4910697728498841,0.7660273167782896,-0.26653744828694875,0.008930227150115877
strong_stable,260919,ar1,72,0.5,0.49106977284988407,0.7660273167782896,-0.2665374482869487,0.008930227150115932
strong_stable,260919,ar1,73,0.5,0.49106977284988407,0.7660273167782896,-0.2665374482869487,0.008930227150115932
strong_stable,260919,ar1,74,0.5,0.49106977284988407,0.7660273167782896,-0.2665374482869487,0.008930227150115932
strong_stable,260919,ar1,75,0.5,0.49106977284988407,0.7660273167782896,-0.2665374482869487,0.008930227150115932
strong_stable,260919,ar1,76,0.5,0.49106977284988407,0.7660273167782896,-0.2665374482869487,0.008930227150115932
strong_stable,260919,ar1,77,0.5,0.49106977284988407,0.7660273167782896,-0.2665374482869487,0.008930227150115932
strong_stable,260919,ar1,78,0.5,0.49106977284988407,0.7660273167782896,-0.2665374482869487,0.008930227150115932
strong_stable,260919,ar1,79,0.5,0.49106977284988407,0.7660273167782896,-0.2665374482869487,0.008930227150115932
strong_stable,260919,quadratic_narrative_position,60,0.5,0.5278850392552844,0.743708007766322,-0.29610678386235334,0.027885039255284405
strong_stable,260919,quadratic_narrative_position,61,0.5,0.5306541178832297,0.7404134388716286,-0.30054654762144034,0.030654117883229692
strong_stable,260919,quadratic_narrative_position,62,0.5,0.533492746646149,0.7367278456259032,-0.3055367282258179,0.033492746646148985
strong_stable,260919,quadratic_narrative_position,63,0.5,0.5364009255440423,0.732632675585165,-0.31111082741372004,0.036400925544042284
strong_stable,260919,quadratic_narrative_position,64,0.5,0.5393786545769096,0.7281098521884684,-0.31730334630580603,0.03937865457690959
strong_stable,260919,quadratic_narrative_position,65,0.5,0.5424259337447509,0.7231419005649183,-0.32414980973957186,0.0424259337447509
strong_stable,260919,quadratic_narrative_position,66,0.5,0.5455427630475661,0.7177120807314895,-0.3316867921233495,0.045542763047566104
strong_stable,260919,quadratic_narrative_position,67,0.5,0.5487291424853554,0.7118045278614666,-0.3399519447834463,0.048729142485355426
strong_stable,260919,quadratic_narrative_position,68,0.5,0.5519850720581186,0.7054043991817953,-0.3489840247638575,0.05198507205811864
strong_stable,260919,quadratic_narrative_position,69,0.5,0.5553105517658558,0.6984980269232862,-0.3588229250231313,0.05531055176585575
strong_stable,260919,quadratic_narrative_position,70,0.5,0.5587055816085671,0.6910730766003748,-0.36950970595752824,0.05870558160856709
strong_stable,260919,quadratic_narrative_position,71,0.5,0.5621701615862523,0.6831187097371672,-0.38108662816374916,0.062170161586252326
strong_stable,260919,quadratic_narrative_position,72,0.5,0.5657042916989115,0.6746257499843246,-0.39359718633844565,0.06570429169891145
strong_stable,260919,quadratic_narrative_position,73,0.5,0.5693079719465447,0.6655868513879389,-0.4070861441955935,0.0693079719465447
strong_stable,260919,quadratic_narrative_position,74,0.5,0.5729812023291518,0.6559966673783028,-0.42159957026695427,0.07298120232915184
strong_stable,260919,quadratic_narrative_position,75,0.5,0.5767239828467331,0.6458520188454333,-0.43718487443544646,0.0767239828467331
strong_stable,260919,quadratic_narrative_position,76,0.5,0.5805363134992881,0.6351520594620265,-0.4538908450365789,0.08053631349928814
strong_stable,260919,quadratic_narrative_position,77,0.5,0.5844181942868173,0.6238984362065455,-0.4717676863494712,0.0844181942868173
strong_stable,260919,quadratic_narrative_position,78,0.5,0.5883696252093205,0.6120954428335976,-0.4908670562866335,0.08836962520932046
strong_stable,260919,quadratic_narrative_position,79,0.5,0.5923906062667975,0.5997501638405708,-0.5112421040809269,0.09239060626679751
strong_stable,260920,rcwe,60,0.5,0.37676458140870095,0.4557208902395812,-0.785874739674842,0.12323541859129905
strong_stable,260920,rcwe,61,0.5,0.37676252611368316,0.4557168142319499,-0.7858836838025894,0.12323747388631684
strong_stable,260920,rcwe,62,0.5,0.376764668964395,0.4557210638770372,-0.7858743586578057,0.12323533103560502
strong_stable,260920,rcwe,63,0.5,0.37676557912231334,0.4557228688675908,-0.785870397930242,0.12323442087768666
strong_stable,260920,rcwe,64,0.5,0.3767639681863812,0.4557196741164145,-0.7858774082485576,0.12323603181361881
strong_stable,260920,rcwe,65,0.5,0.37676370451821795,0.45571915121714135,-0.7858785556635208,0.12323629548178205
strong_stable,260920,rcwe,66,0.5,0.3767648270266746,0.4557213773405918,-0.7858736708172128,0.12323517297332542
strong_stable,260920,rcwe,67,0.5,0.37676476533147824,0.4557212549888707,-0.7858739392964713,0.12323523466852176
strong_stable,260920,rcwe,68,0.5,0.37676403483219423,0.4557198062864289,-0.7858771182237841,0.12323596516780577
strong_stable,260920,rcwe,69,0.5,0.37676422949658045,0.45572019233891387,-0.7858762710972907,0.12323577050341955
strong_stable,260920,rcwe,70,0.75,0.37676467235441363,0.048524606088751525,-3.0256842676570437,0.37323532764558637
strong_stable,260920,rcwe,71,0.5,0.37676445017919064,0.4557206299895972,-0.7858753107481982,0.12323554982080936
strong_stable,260920,rcwe,72,0.5,0.37676420363151614,0.4557201410441224,-0.7858763836549417,0.12323579636848386
strong_stable,260920,rcwe,73,0.5,0.3767644026968711,0.4557205358242136,-0.7858755173778461,0.12323559730312889
strong_stable,260920,rcwe,74,0.5,0.37676452408502775,0.45572077655720233,-0.7858749891310233,0.12323547591497225
strong_stable,260920,rcwe,75,0.5,0.37676436667767155,0.45572046439210323,-0.7858756741232863,0.12323563332232845
strong_stable,260920,rcwe,76,0.5,0.376764319417635,0.4557203706675138,-0.7858758797857622,0.123235680582365
strong_stable,260920,rcwe,77,0.5,0.37676443362589696,0.4557205971616482,-0.7858753827834497,0.12323556637410304
strong_stable,260920,rcwe,78,0.5,0.37676444088274647,0.4557206115531944,-0.7858753512036921,0.12323555911725353
strong_stable,260920,rcwe,79,0.5,0.37676436370954436,0.4557204585058091,-0.7858756870397441,0.12323563629045564
strong_stable,260920,persistence,60,0.5,0.5,0.7019884823870981,-0.35383828194690553,0.0
strong_stable,260920,persistence,61,0.5,0.5,0.7019884823870981,-0.35383828194690553,0.0
strong_stable,260920,persistence,62,0.5,0.5,0.7019884823870981,-0.35383828194690553,0.0
strong_stable,260920,persistence,63,0.5,0.5,0.7019884823870981,-0.35383828194690553,0.0
strong_stable,260920,persistence,64,0.5,0.5,0.7019884823870981,-0.35383828194690553,0.0
strong_stable,260920,persistence,65,0.5,0.5,0.7019884823870981,-0.35383828194690553,0.0
strong_stable,260920,persistence,66,0.5,0.5,0.7019884823870981,-0.35383828194690553,0.0
strong_stable,260920,persistence,67,0.5,0.5,0.7019884823870981,-0.35383828194690553,0.0
strong_stable,260920,persistence,68,0.5,0.5,0.7019884823870981,-0.35383828194690553,0.0
strong_stable,260920,persistence,69,0.5,0.5,0.7019884823870981,-0.35383828194690553,0.0
strong_stable,260920,persistence,70,0.75,0.5,0.14810799388591797,-1.9098135828928158,0.25
strong_stable,260920,persistence,71,0.5,0.5,0.7019884823870981,-0.35383828194690553,0.0
strong_stable,260920,persistence,72,0.5,0.5,0.7019884823870981,-0.35383828194690553,0.0
strong_stable,260920,persistence,73,0.5,0.5,0.7019884823870981,-0.35383828194690553,0.0
strong_stable,260920,persistence,74,0.5,0.5,0.7019884823870981,-0.35383828194690553,0.0
strong_stable,260920,persistence,75,0.5,0.5,0.7019884823870981,-0.35383828194690553,0.0
strong_stable,260920,persistence,76,0.5,0.5,0.7019884823870981,-0.35383828194690553,0.0
strong_stable,260920,persistence,77,0.5,0.5,0.7019884823870981,-0.35383828194690553,0.0
strong_stable,260920,persistence,78,0.5,0.5,0.7019884823870981,-0.35383828194690553,0.0
strong_stable,260920,persistence,79,0.5,0.5,0.7019884823870981,-0.35383828194690553,0.0
strong_stable,260920,ar1,60,0.5,0.5184814661649453,0.842215432752145,-0.1717194390905132,0.01848146616494528
strong_stable,260920,ar1,61,0.5,0.5217671538783937,0.8386596364375895,-0.17595033249113573,0.021767153878393675
strong_stable,260920,ar1,62,0.5,0.5223512928018943,0.8379678283934635,-0.17677557017559264,0.022351292801894296
strong_stable,260920,ar1,63,0.5,0.5224551426840824,0.8378429582533599,-0.17692459671406557,0.02245514268408244
strong_stable,260920,ar1,64,0.5,0.5224736054120339,0.8378206991495075,-0.17695116422211563,0.022473605412033915
strong_stable,260920,ar1,65,0.5,0.5224768877684144,0.8378167399874561,-0.17695588978142693,0.02247688776841439
strong_stable,260920,ar1,66,0.5,0.522477471315084,0.8378160360570799,-0.1769567299779023,0.02247747131508404
strong_stable,260920,ar1,67,0.5,0.5224775750596736,0.8378159109084586,-0.1769568793527354,0.022477575059673627
strong_stable,260920,ar1,68,0.5,0.5224775935036824,0.8378158886591209,-0.17695690590909186,0.02247759350368239
strong_stable,260920,ar1,69,0.5,0.5224775967827108,0.8378158847035685,-0.17695691063035884,0.022477596782710774
strong_stable,260920,ar1,70,0.75,0.5224775973656658,0.11801066002341228,-2.1369803194153505,0.2275224026343342
strong_stable,260920,ar1,71,0.5,0.5224775974693052,0.837815883875317,-0.176956911618943,0.02247759746930522
strong_stable,260920,ar1,72,0.5,0.5224775974877305,0.8378158838530901,-0.17695691164547248,0.022477597487730483
strong_stable,260920,ar1,73,0.5,0.5224775974910062,0.8378158838491386,-0.1769569116501889,0.022477597491006196
strong_stable,260920,ar1,74,0.5,0.5224775974915886,0.8378158838484361,-0.17695691165102756,0.02247759749158862
strong_stable,260920,ar1,75,0.5,0.5224775974916922,0.8378158838483112,-0.17695691165117655,0.022477597491692203
strong_stable,260920,ar1,76,0.5,0.5224775974917105,0.837815883848289,-0.17695691165120303,0.02247759749171052
strong_stable,260920,ar1,77,0.5,0.5224775974917139,0.837815883848285,-0.1769569116512078,0.022477597491713852
strong_stable,260920,ar1,78,0.5,0.5224775974917144,0.8378158838482842,-0.17695691165120875,0.022477597491714407
strong_stable,260920,ar1,79,0.5,0.5224775974917145,0.8378158838482843,-0.17695691165120864,0.022477597491714518
strong_stable,260920,quadratic_narrative_position,60,0.5,0.49323659485223276,0.8245149905608483,-0.1929599557519494,0.006763405147767243
strong_stable,260920,quadratic_narrative_position,61,0.5,0.4909037492217351,0.823575171040742,-0.19410045114943902,0.009096250778264925
strong_stable,260920,quadratic_narrative_position,62,0.5,0.4884925734501036,0.8223144770446704,-0.19563238160916208,0.011507426549896393
strong_stable,260920,quadratic_narrative_position,63,0.5,0.4860030675373386,0.8207053017401476,-0.1975911843452246,0.013996932462661427
strong_stable,260920,quadratic_narrative_position,64,0.5,0.4834352314834398,0.8187195877114616,-0.20001363750245402,0.01656476851656019
strong_stable,260920,quadratic_narrative_position,65,0.5,0.48078906528840726,0.8163289312260248,-0.2029379032491339,0.019210934711592742
strong_stable,260920,quadratic_narrative_position,66,0.5,0.47806456895224114,0.8135046993902258,-0.20640357558468897,0.021935431047758858
strong_stable,260920,quadratic_narrative_position,67,0.5,0.4752617424749413,0.8102181610277193,-0.21045173297758277,0.024738257525058704
strong_stable,260920,quadratic_narrative_position,68,0.5,0.47238058585650766,0.8064406321001789,-0.21512499590542494,0.027619414143492338
strong_stable,260920,quadratic_narrative_position,69,0.5,0.46942109909694046,0.8021436364609611,-0.22046758932010221,0.030578900903059536
strong_stable,260920,quadratic_narrative_position,70,0.75,0.46638328219623953,0.042369388016027375,-3.1613291582519145,0.28361671780376047
strong_stable,260920,quadratic_narrative_position,71,0.5,0.4632671351544048,0.7918794576103824,-0.2333460987381955,0.03673286484559518
strong_stable,260920,quadratic_narrative_position,72,0.5,0.4600726579714365,0.7858580372228509,-0.24097911708593459,0.03992734202856352
strong_stable,260920,quadratic_narrative_position,73,0.5,0.45679985064733447,0.7792091151527298,-0.24947582863094808,0.04320014935266553
strong_stable,260920,quadratic_narrative_position,74,0.5,0.4534487131820987,0.7719082491230086,-0.25888958430663633,0.04655128681790133
strong_stable,260920,quadratic_narrative_position,75,0.5,0.4500192455757293,0.7639325252255046,-0.2692758114835244,0.04998075442427069
strong_stable,260920,quadratic_narrative_position,76,0.5,0.4465114478282262,0.7552608396976085,-0.280692106355447,0.053488552171773784
strong_stable,260920,quadratic_narrative_position,77,0.5,0.44292531993958933,0.7458741974637034,-0.29319832910667953,0.057074680060410665
strong_stable,260920,quadratic_narrative_position,78,0.5,0.43926086190981883,0.7357560262576696,-0.30685670126985937,0.060739138090181166
strong_stable,260920,quadratic_narrative_position,79,0.5,0.4355180737389147,0.7248925046138663,-0.3217319046185863,0.06448192626108529
strong_oscillatory,260901,rcwe,60,0.25,0.8298196050963105,0.0553495339907629,-2.8940870391806772,0.5798196050963105
strong_oscillatory,260901,rcwe,61,0.5,0.8298196050822534,0.1826366828936967,-1.7002564389179902,0.3298196050822534
strong_oscillatory,260901,rcwe,62,0.5,0.8298196050737195,0.18263668289908966,-1.7002564388884618,0.32981960507371955
strong_oscillatory,260901,rcwe,63,0.25,0.8298196050705289,0.055349533999456746,-2.8940870390236055,0.5798196050705289
strong_oscillatory,260901,rcwe,64,0.25,0.8298196050707998,0.05534953399936538,-2.894087039025256,0.5798196050707998
strong_oscillatory,260901,rcwe,65,0.5,0.8298196050725248,0.18263668289984464,-1.700256438884328,0.32981960507252484
strong_oscillatory,260901,rcwe,66,0.75,0.8298196050743177,0.31246679127742616,-1.1632570833647518,0.07981960507431773
strong_oscillatory,260901,rcwe,67,0.75,0.8298196050755362,0.3124667912771076,-1.1632570833657714,0.0798196050755362
strong_oscillatory,260901,rcwe,68,0.25,0.8298196050760877,0.055349533997582294,-2.8940870390574713,0.5798196050760877
strong_oscillatory,260901,rcwe,69,0.5,0.829819605076155,0.18263668289755045,-1.7002564388968895,0.32981960507615504
strong_oscillatory,260901,rcwe,70,0.5,0.8298196050759837,0.18263668289765875,-1.7002564388962966,0.32981960507598373
strong_oscillatory,260901,rcwe,71,0.75,0.8298196050757635,0.312466791277048,-1.163257083365962,0.07981960507576347
strong_oscillatory,260901,rcwe,72,0.5,0.8298196050755958,0.18263668289790388,-1.7002564388949544,0.3298196050755958
strong_oscillatory,260901,rcwe,73,0.25,0.829819605075508,0.05534953399777773,-2.8940870390539404,0.579819605075508
strong_oscillatory,260901,rcwe,74,0.25,0.8298196050754856,0.0553495339977853,-2.8940870390538036,0.5798196050754856
strong_oscillatory,260901,rcwe,75,0.5,0.8298196050754999,0.18263668289796448,-1.7002564388946226,0.3298196050754999
strong_oscillatory,260901,rcwe,76,0.75,0.8298196050755258,0.3124667912771103,-1.1632570833657627,0.07981960507552577
strong_oscillatory,260901,rcwe,77,0.5,0.8298196050755481,0.18263668289793417,-1.7002564388947885,0.3298196050755481
strong_oscillatory,260901,rcwe,78,0.25,0.8298196050755611,0.05534953399775983,-2.8940870390542637,0.5798196050755611
strong_oscillatory,260901,rcwe,79,0.5,0.8298196050755658,0.18263668289792273,-1.7002564388948511,0.32981960507556585
strong_oscillatory,260901,persistence,60,0.25,0.25,0.3956447097630615,-0.9272386680183203,0.0
strong_oscillatory,260901,persistence,61,0.5,0.25,0.24213823036667645,-1.4182465160356976,0.25
strong_oscillatory,260901,persistence,62,0.5,0.25,0.24213823036667645,-1.4182465160356976,0.25
strong_oscillatory,260901,persistence,63,0.25,0.25,0.3956447097630615,-0.9272386680183203,0.0
strong_oscillatory,260901,persistence,64,0.25,0.25,0.3956447097630615,-0.9272386680183203,0.0
strong_oscillatory,260901,persistence,65,0.5,0.25,0.24213823036667645,-1.4182465160356976,0.25
strong_oscillatory,260901,persistence,66,0.75,0.25,0.055250896212330584,-2.895870717678177,0.5
strong_oscillatory,260901,persistence,67,0.75,0.25,0.055250896212330584,-2.895870717678177,0.5
strong_oscillatory,260901,persistence,68,0.25,0.25,0.3956447097630615,-0.9272386680183203,0.0
strong_oscillatory,260901,persistence,69,0.5,0.25,0.24213823036667645,-1.4182465160356976,0.25
strong_oscillatory,260901,persistence,70,0.5,0.25,0.24213823036667645,-1.4182465160356976,0.25
strong_oscillatory,260901,persistence,71,0.75,0.25,0.055250896212330584,-2.895870717678177,0.5
strong_oscillatory,260901,persistence,72,0.5,0.25,0.24213823036667645,-1.4182465160356976,0.25
strong_oscillatory,260901,persistence,73,0.25,0.25,0.3956447097630615,-0.9272386680183203,0.0
strong_oscillatory,260901,persistence,74,0.25,0.25,0.3956447097630615,-0.9272386680183203,0.0
strong_oscillatory,260901,persistence,75,0.5,0.25,0.24213823036667645,-1.4182465160356976,0.25
strong_oscillatory,260901,persistence,76,0.75,0.25,0.055250896212330584,-2.895870717678177,0.5
strong_oscillatory,260901,persistence,77,0.5,0.25,0.24213823036667645,-1.4182465160356976,0.25
strong_oscillatory,260901,persistence,78,0.25,0.25,0.3956447097630615,-0.9272386680183203,0.0
strong_oscillatory,260901,persistence,79,0.5,0.25,0.24213823036667645,-1.4182465160356976,0.25
strong_oscillatory,260901,ar1,60,0.25,0.4954053370608001,0.22725277777239644,-1.4816923225783678,0.2454053370608001
strong_oscillatory,260901,ar1,61,0.5,0.5253398067103868,0.524745301373546,-0.6448422743499795,0.025339806710386825
strong_oscillatory,260901,ar1,62,0.5,0.5289912043691918,0.5232931401367248,-0.6476134745438529,0.02899120436919178
strong_oscillatory,260901,ar1,63,0.25,0.5294366007640101,0.1765379958867738,-1.7342191516309124,0.2794366007640101
strong_oscillatory,260901,ar1,64,0.25,0.5294909300830967,0.17646211189516975,-1.7346490891357464,0.27949093008309667
strong_oscillatory,260901,ar1,65,0.5,0.5294975571571969,0.5230766931793948,-0.648027184789553,0.02949755715719693
strong_oscillatory,260901,ar1,66,0.75,0.5294983655257144,0.2676595045440277,-1.3180396116803021,0.2205016344742856
strong_oscillatory,260901,ar1,67,0.75,0.5294984641302645,0.2676596685501705,-1.3180389989387788,0.22050153586973553
strong_oscillatory,260901,ar1,68,0.25,0.529498476158018,0.17645157336773007,-1.7347088121098497,0.27949847615801804
strong_oscillatory,260901,ar1,69,0.5,0.5294984776251599,0.5230762963821862,-0.6480279433730728,0.02949847762515989
strong_oscillatory,260901,ar1,70,0.5,0.5294984778041214,0.5230762963050379,-0.6480279435205623,0.029498477804121404
strong_oscillatory,260901,ar1,71,0.75,0.529498477825951,0.2676596913298183,-1.3180389138320199,0.22050152217404895
strong_oscillatory,260901,ar1,72,0.5,0.5294984778286138,0.5230762962944795,-0.6480279435407474,0.02949847782861381
strong_oscillatory,260901,ar1,73,0.25,0.5294984778289387,0.1764515710342308,-1.7347088253344374,0.27949847782893866
strong_oscillatory,260901,ar1,74,0.25,0.5294984778289782,0.17645157103417558,-1.7347088253347502,0.2794984778289782
strong_oscillatory,260901,ar1,75,0.5,0.5294984778289831,0.5230762962943204,-0.6480279435410516,0.029498477828983072
strong_oscillatory,260901,ar1,76,0.75,0.5294984778289836,0.2676596913348623,-1.3180389138131752,0.22050152217101637
strong_oscillatory,260901,ar1,77,0.5,0.5294984778289837,0.5230762962943201,-0.6480279435410523,0.029498477828983738
strong_oscillatory,260901,ar1,78,0.25,0.5294984778289837,0.17645157103416786,-1.734708825334794,0.27949847782898374
strong_oscillatory,260901,ar1,79,0.5,0.5294984778289837,0.5230762962943201,-0.6480279435410523,0.029498477828983738
strong_oscillatory,260901,quadratic_narrative_position,60,0.25,0.5326468140346099,0.1755822941841091,-1.7396474332514684,0.2826468140346099
strong_oscillatory,260901,quadratic_narrative_position,61,0.5,0.5336041460613398,0.5129002725283746,-0.667673853239084,0.03360414606133977
strong_oscillatory,260901,quadratic_narrative_position,62,0.5,0.5345953935357624,0.5124315501940023,-0.6685881374866531,0.03459539353576235
strong_oscillatory,260901,quadratic_narrative_position,63,0.25,0.5356205564578773,0.17156605945410114,-1.7627869002200598,0.2856205564578773
strong_oscillatory,260901,quadratic_narrative_position,64,0.25,0.536679634827685,0.1701478218650836,-1.7710876793802588,0.286679634827685
strong_oscillatory,260901,quadratic_narrative_position,65,0.5,0.5377726286451852,0.5108404932316256,-0.6716978838239929,0.03777262864518516
strong_oscillatory,260901,quadratic_narrative_position,66,0.75,0.5388995379103778,0.284443288604209,-1.257221382353832,0.2111004620896222
strong_oscillatory,260901,quadratic_narrative_position,67,0.75,0.5400603626232631,0.2863431027809699,-1.2505645271061154,0.20993963737673693
strong_oscillatory,260901,quadratic_narrative_position,68,0.25,0.5412551027838408,0.1640949176804243,-1.8073102522345332,0.2912551027838408
strong_oscillatory,260901,quadratic_narrative_position,69,0.5,0.5424837583921112,0.5082347490533263,-0.6768118337053468,0.04248375839211116
strong_oscillatory,260901,quadratic_narrative_position,70,0.5,0.543746329448074,0.5074868733958963,-0.6782844336304665,0.043746329448073995
strong_oscillatory,260901,quadratic_narrative_position,71,0.75,0.5450428159517294,0.2945181555684249,-1.2224146290014855,0.20495718404827057
strong_oscillatory,260901,quadratic_narrative_position,72,0.5,0.5463732179030775,0.5058644156332026,-0.6814865988946357,0.04637321790307747
strong_oscillatory,260901,quadratic_narrative_position,73,0.25,0.5477375353021179,0.15572946889401823,-1.8596349509088936,0.2977375353021179
strong_oscillatory,260901,quadratic_narrative_position,74,0.25,0.549135768148851,0.15395794072461672,-1.871075826048244,0.299135768148851
strong_oscillatory,260901,quadratic_narrative_position,75,0.5,0.5505679164432765,0.5030894580408022,-0.6869872757079758,0.05056791644327652
strong_oscillatory,260901,quadratic_narrative_position,76,0.75,0.5520339801853946,0.3060305609294128,-1.1840703096983218,0.19796601981460538
strong_oscillatory,260901,quadratic_narrative_position,77,0.5,0.5535339593752053,0.5009924088799282,-0.691164329948335,0.05353395937520533
strong_oscillatory,260901,quadratic_narrative_position,78,0.25,0.5550678540127085,0.14657392998277521,-1.9202253362930757,0.30506785401270853
strong_oscillatory,260901,quadratic_narrative_position,79,0.5,0.5566356640979044,0.49868168262536194,-0.695787297352553,0.05663566409790444
strong_oscillatory,260902,rcwe,60,0.25,0.5248355136184026,0.20558161104993336,-1.5819121898197719,0.27483551361840264
strong_oscillatory,260902,rcwe,61,0.75,0.5351824394115826,0.28202136553997686,-1.265772446587836,0.2148175605884174
strong_oscillatory,260902,rcwe,62,0.75,0.5362853383052978,0.28345738065810105,-1.2606934998910924,0.2137146616947022
strong_oscillatory,260902,rcwe,63,0.5,0.5274505800948152,0.4589702672120941,-0.778769848335432,0.027450580094815158
strong_oscillatory,260902,rcwe,64,0.25,0.5230674182319949,0.20773735095815776,-1.5714807329815104,0.2730674182319949
strong_oscillatory,260902,rcwe,65,0.5,0.5293435880074298,0.4584420703512525,-0.7799213412848454,0.029343588007429755
strong_oscillatory,260902,rcwe,66,0.5,0.5356602374808354,0.45643034225624074,-0.7843191814857091,0.035660237480835355
strong_oscillatory,260902,rcwe,67,0.5,0.5324393233456268,0.45750389936681357,-0.7819698710967334,0.032439323345626825
strong_oscillatory,260902,rcwe,68,0.5,0.5255472045267598,0.459466405815684,-0.7776894501622743,0.025547204526759848
strong_oscillatory,260902,rcwe,69,0.25,0.5258009539813437,0.20440809241491745,-1.5876368303652688,0.27580095398134374
strong_oscillatory,260902,rcwe,70,0.75,0.5320951460048063,0.27800125633184725,-1.2801296461224048,0.21790485399519366
strong_oscillatory,260902,rcwe,71,0.75,0.5342556609011525,0.2808145784033151,-1.2700606907874188,0.2157443390988475
strong_oscillatory,260902,rcwe,72,0.5,0.5294414042214954,0.45841383745662734,-0.7799829276135011,0.029441404221495437
strong_oscillatory,260902,rcwe,73,0.25,0.5256594786072399,0.20457989916984012,-1.5867966748176061,0.27565947860723994
strong_oscillatory,260902,rcwe,74,0.5,0.5285420564422088,0.45866994185100735,-0.7794244085189187,0.028542056442208752
strong_oscillatory,260902,rcwe,75,0.5,0.5330353992170357,0.45731269703839994,-0.7823878834763713,0.03303539921703569
strong_oscillatory,260902,rcwe,76,0.75,0.5321592748029137,0.27808475906892416,-1.2798293230234887,0.2178407251970863
strong_oscillatory,260902,rcwe,77,0.5,0.52779706434568,0.45887617776096956,-0.7789748705414217,0.027797064345679967
strong_oscillatory,260902,rcwe,78,0.25,0.5269148993884385,0.20305726566403953,-1.5942672428549998,0.2769148993884385
strong_oscillatory,260902,rcwe,79,0.5,0.5304987921557744,0.4581027582473615,-0.7806617570480572,0.030498792155774446
strong_oscillatory,260902,persistence,60,0.25,0.25,0.35761137813865607,-1.028308418127843,0.0
strong_oscillatory,260902,persistence,61,0.75,0.25,0.07167540283186369,-2.6356076469722893,0.5
strong_oscillatory,260902,persistence,62,0.75,0.25,0.07167540283186369,-2.6356076469722893,0.5
strong_oscillatory,260902,persistence,63,0.5,0.25,0.23939728409566857,-1.4296308305522367,0.25
strong_oscillatory,260902,persistence,64,0.25,0.25,0.35761137813865607,-1.028308418127843,0.0
strong_oscillatory,260902,persistence,65,0.5,0.25,0.23939728409566857,-1.4296308305522367,0.25
strong_oscillatory,260902,persistence,66,0.5,0.25,0.23939728409566857,-1.4296308305522367,0.25
strong_oscillatory,260902,persistence,67,0.5,0.25,0.23939728409566857,-1.4296308305522367,0.25
strong_oscillatory,260902,persistence,68,0.5,0.25,0.23939728409566857,-1.4296308305522367,0.25
strong_oscillatory,260902,persistence,69,0.25,0.25,0.35761137813865607,-1.028308418127843,0.0
strong_oscillatory,260902,persistence,70,0.75,0.25,0.07167540283186369,-2.6356076469722893,0.5
strong_oscillatory,260902,persistence,71,0.75,0.25,0.07167540283186369,-2.6356076469722893,0.5
strong_oscillatory,260902,persistence,72,0.5,0.25,0.23939728409566857,-1.4296308305522367,0.25
strong_oscillatory,260902,persistence,73,0.25,0.25,0.35761137813865607,-1.028308418127843,0.0
strong_oscillatory,260902,persistence,74,0.5,0.25,0.23939728409566857,-1.4296308305522367,0.25
strong_oscillatory,260902,persistence,75,0.5,0.25,0.23939728409566857,-1.4296308305522367,0.25
strong_oscillatory,260902,persistence,76,0.75,0.25,0.07167540283186369,-2.6356076469722893,0.5
strong_oscillatory,260902,persistence,77,0.5,0.25,0.23939728409566857,-1.4296308305522367,0.25
strong_oscillatory,260902,persistence,78,0.25,0.25,0.35761137813865607,-1.028308418127843,0.0
strong_oscillatory,260902,persistence,79,0.5,0.25,0.23939728409566857,-1.4296308305522367,0.25
strong_oscillatory,260902,ar1,60,0.25,0.4574660186147535,0.29205058233838205,-1.230828264529712,0.2074660186147535
strong_oscillatory,260902,ar1,61,0.75,0.486735932876206,0.21649269169310825,-1.5301984887231785,0.263264067123794
strong_oscillatory,260902,ar1,62,0.75,0.4908654182087589,0.22188721170900558,-1.505586081578554,0.2591345817912411
strong_oscillatory,260902,ar1,63,0.5,0.49144801810841854,0.4758950798470231,-0.7425578695363306,0.008551981891581462
strong_oscillatory,260902,ar1,64,0.25,0.4915302130106277,0.24534933360832653,-1.4050722325358047,0.24153021301062771
strong_oscillatory,260902,ar1,65,0.5,0.4915418093084526,0.47590369057828524,-0.7425397759402264,0.008458190691547407
strong_oscillatory,260902,ar1,66,0.5,0.4915434453481537,0.47590383993766044,-0.7425394620965753,0.008456554651846304
strong_oscillatory,260902,ar1,67,0.5,0.4915436761654321,0.4759038610073971,-0.7425394178234797,0.008456323834567903
strong_oscillatory,260902,ar1,68,0.5,0.49154370872981057,0.475903863979931,-0.7425394115773991,0.008456291270189431
strong_oscillatory,260902,ar1,69,0.25,0.4915437133240886,0.2453310936104508,-1.4051465782682706,0.24154371332408858
strong_oscillatory,260902,ar1,70,0.75,0.4915437139722628,0.22277768134473863,-1.5015809494442904,0.2584562860277372
strong_oscillatory,260902,ar1,71,0.75,0.4915437140637091,0.22277768146487104,-1.5015809489050425,0.2584562859362909
strong_oscillatory,260902,ar1,72,0.5,0.4915437140766106,0.47590386446799543,-0.7425394105518466,0.008456285923389373
strong_oscillatory,260902,ar1,73,0.25,0.4915437140784308,0.2453310925912835,-1.405146582422523,0.24154371407843078
strong_oscillatory,260902,ar1,74,0.5,0.4915437140786876,0.4759038644681849,-0.7425394105514485,0.008456285921312423
strong_oscillatory,260902,ar1,75,0.5,0.4915437140787238,0.4759038644681883,-0.7425394105514413,0.008456285921276174
strong_oscillatory,260902,ar1,76,0.75,0.49154371407872893,0.2227776814846024,-1.5015809488164729,0.25845628592127107
strong_oscillatory,260902,ar1,77,0.5,0.49154371407872965,0.4759038644681889,-0.74253941055144,0.008456285921270346
strong_oscillatory,260902,ar1,78,0.25,0.49154371407872977,0.24533109259087968,-1.4051465824241691,0.24154371407872977
strong_oscillatory,260902,ar1,79,0.5,0.49154371407872977,0.47590386446818866,-0.7425394105514405,0.008456285921270235
strong_oscillatory,260902,quadratic_narrative_position,60,0.25,0.4806065806010439,0.26080418977358083,-1.3439853839759326,0.2306065806010439
strong_oscillatory,260902,quadratic_narrative_position,61,0.75,0.48024635764231066,0.209723208993272,-1.5619666700727635,0.26975364235768934
strong_oscillatory,260902,quadratic_narrative_position,62,0.75,0.47987971435572296,0.20926139118612905,-1.5641711329287642,0.27012028564427704
strong_oscillatory,260902,quadratic_narrative_position,63,0.5,0.4795066507412807,0.46834610343325034,-0.7585477191368811,0.020493349258719318
strong_oscillatory,260902,quadratic_narrative_position,64,0.25,0.4791271667989839,0.26278411901394644,-1.336422424129354,0.22912716679898387
strong_oscillatory,260902,quadratic_narrative_position,65,0.5,0.4787412625288324,0.4681804217606882,-0.7589015407742477,0.021258737471167577
strong_oscillatory,260902,quadratic_narrative_position,66,0.5,0.4783489379308265,0.4680931647874798,-0.7590879328175877,0.0216510620691735
strong_oscillatory,260902,quadratic_narrative_position,67,0.5,0.477950193004966,0.46800286190061813,-0.759280867910927,0.022049806995034005
strong_oscillatory,260902,quadratic_narrative_position,68,0.5,0.4775450277512509,0.4679094352776254,-0.759480516154859,0.022454972248749094
strong_oscillatory,260902,quadratic_narrative_position,69,0.25,0.47713344216968134,0.2654555508383539,-1.3263078691205945,0.22713344216968134
strong_oscillatory,260902,quadratic_narrative_position,70,0.75,0.4767154362602571,0.2052919122689054,-1.5833223504292688,0.2732845637397429
strong_oscillatory,260902,quadratic_narrative_position,71,0.75,0.47629101002297836,0.20476173004159337,-1.585908268309512,0.27370898997702164
strong_oscillatory,260902,quadratic_narrative_position,72,0.5,0.47586016345784504,0.4675028946222974,-0.760349738567115,0.024139836542154958
strong_oscillatory,260902,quadratic_narrative_position,73,0.25,0.4754228965648572,0.267750163067665,-1.317700960624903,0.2254228965648572
strong_oscillatory,260902,quadratic_narrative_position,74,0.5,0.4749792093440147,0.46727877410307683,-0.7608292527275082,0.02502079065598528
strong_oscillatory,260902,quadratic_narrative_position,75,0.5,0.47452910179531776,0.46716120598238386,-0.7610808860561734,0.025470898204682235
strong_oscillatory,260902,quadratic_narrative_position,76,0.75,0.47407257391876617,0.2019993764239666,-1.5994906685957635,0.27592742608123383
strong_oscillatory,260902,quadratic_narrative_position,77,0.5,0.4736096257143601,0.4669146196410471,-0.7616088653492901,0.026390374285639895
strong_oscillatory,260902,quadratic_narrative_position,78,0.25,0.47314025718209946,0.2708154700620967,-1.3063176123153892,0.22314025718209946
strong_oscillatory,260902,quadratic_narrative_position,79,0.5,0.4726644683219842,0.46665217458328495,-0.762171106993486,0.02733553167801578
strong_oscillatory,260903,rcwe,60,0.5,0.8298196050963105,0.18263668288481316,-1.7002564389666306,0.3298196050963105
strong_oscillatory,260903,rcwe,61,0.75,0.8298196050822534,0.3124667912753511,-1.1632570833713927,0.07981960508225339
strong_oscillatory,260903,rcwe,62,0.75,0.8298196050737195,0.3124667912775825,-1.1632570833642515,0.07981960507371955
strong_oscillatory,260903,rcwe,63,0.5,0.8298196050705289,0.18263668290110602,-1.7002564388774215,0.3298196050705289
strong_oscillatory,260903,rcwe,64,0.25,0.8298196050707998,0.05534953399936538,-2.894087039025256,0.5798196050707998
strong_oscillatory,260903,rcwe,65,0.25,0.8298196050725248,0.05534953399878367,-2.894087039035766,0.5798196050725248
strong_oscillatory,260903,rcwe,66,0.75,0.8298196050743177,0.31246679127742616,-1.1632570833647518,0.07981960507431773
strong_oscillatory,260903,rcwe,67,0.75,0.8298196050755362,0.3124667912771076,-1.1632570833657714,0.0798196050755362
strong_oscillatory,260903,rcwe,68,0.25,0.8298196050760877,0.055349533997582294,-2.8940870390574713,0.5798196050760877
strong_oscillatory,260903,rcwe,69,0.25,0.829819605076155,0.055349533997559555,-2.894087039057882,0.579819605076155
strong_oscillatory,260903,rcwe,70,0.5,0.8298196050759837,0.18263668289765875,-1.7002564388962966,0.32981960507598373
strong_oscillatory,260903,rcwe,71,0.75,0.8298196050757635,0.312466791277048,-1.163257083365962,0.07981960507576347
strong_oscillatory,260903,rcwe,72,0.5,0.8298196050755958,0.18263668289790388,-1.7002564388949544,0.3298196050755958
strong_oscillatory,260903,rcwe,73,0.5,0.829819605075508,0.18263668289795945,-1.7002564388946502,0.329819605075508
strong_oscillatory,260903,rcwe,74,0.5,0.8298196050754856,0.18263668289797352,-1.7002564388945731,0.3298196050754856
strong_oscillatory,260903,rcwe,75,0.75,0.8298196050754999,0.3124667912771171,-1.163257083365741,0.0798196050754999
strong_oscillatory,260903,rcwe,76,0.5,0.8298196050755258,0.18263668289794815,-1.700256438894712,0.32981960507552577
strong_oscillatory,260903,rcwe,77,0.25,0.8298196050755481,0.05534953399776416,-2.8940870390541855,0.5798196050755481
strong_oscillatory,260903,rcwe,78,0.25,0.8298196050755611,0.05534953399775983,-2.8940870390542637,0.5798196050755611
strong_oscillatory,260903,rcwe,79,0.5,0.8298196050755658,0.18263668289792273,-1.7002564388948511,0.32981960507556585
strong_oscillatory,260903,persistence,60,0.5,0.25,0.2409465560885308,-1.4231801290523898,0.25
strong_oscillatory,260903,persistence,61,0.75,0.25,0.06546846457335759,-2.72618670917382,0.5
strong_oscillatory,260903,persistence,62,0.75,0.25,0.06546846457335759,-2.72618670917382,0.5
strong_oscillatory,260903,persistence,63,0.5,0.25,0.2409465560885308,-1.4231801290523898,0.25
strong_oscillatory,260903,persistence,64,0.25,0.25,0.37166463072848055,-0.9897633616316216,0.0
strong_oscillatory,260903,persistence,65,0.25,0.25,0.37166463072848055,-0.9897633616316216,0.0
strong_oscillatory,260903,persistence,66,0.75,0.25,0.06546846457335759,-2.72618670917382,0.5
strong_oscillatory,260903,persistence,67,0.75,0.25,0.06546846457335759,-2.72618670917382,0.5
strong_oscillatory,260903,persistence,68,0.25,0.25,0.37166463072848055,-0.9897633616316216,0.0
strong_oscillatory,260903,persistence,69,0.25,0.25,0.37166463072848055,-0.9897633616316216,0.0
strong_oscillatory,260903,persistence,70,0.5,0.25,0.2409465560885308,-1.4231801290523898,0.25
strong_oscillatory,260903,persistence,71,0.75,0.25,0.06546846457335759,-2.72618670917382,0.5
strong_oscillatory,260903,persistence,72,0.5,0.25,0.2409465560885308,-1.4231801290523898,0.25
strong_oscillatory,260903,persistence,73,0.5,0.25,0.2409465560885308,-1.4231801290523898,0.25
strong_oscillatory,260903,persistence,74,0.5,0.25,0.2409465560885308,-1.4231801290523898,0.25
strong_oscillatory,260903,persistence,75,0.75,0.25,0.06546846457335759,-2.72618670917382,0.5
strong_oscillatory,260903,persistence,76,0.5,0.25,0.2409465560885308,-1.4231801290523898,0.25
strong_oscillatory,260903,persistence,77,0.25,0.25,0.37166463072848055,-0.9897633616316216,0.0
strong_oscillatory,260903,persistence,78,0.25,0.25,0.37166463072848055,-0.9897633616316216,0.0
strong_oscillatory,260903,persistence,79,0.5,0.25,0.2409465560885308,-1.4231801290523898,0.25
strong_oscillatory,260903,ar1,60,0.5,0.477254704816797,0.48581709377365323,-0.7219230761791489,0.022745295183203007
strong_oscillatory,260903,ar1,61,0.75,0.5139519050330468,0.25085041187693186,-1.3828984861280411,0.23604809496695323
strong_oscillatory,260903,ar1,62,0.75,0.5198777867647238,0.25931002230856953,-1.3497309357823453,0.23012221323527615
strong_oscillatory,260903,ar1,63,0.5,0.5208347010276891,0.4863002500435376,-0.7209290473970457,0.02083470102768914
strong_oscillatory,260903,ar1,64,0.25,0.5209892240080874,0.20274104682571592,-1.595825745651079,0.27098922400808745
strong_oscillatory,260903,ar1,65,0.25,0.5210141764540852,0.2027080668495989,-1.595988429327414,0.2710141764540852
strong_oscillatory,260903,ar1,66,0.75,0.5210182057871958,0.26094497356046675,-1.3434457231573007,0.22898179421280418
strong_oscillatory,260903,ar1,67,0.75,0.5210188564458654,0.26094590695725073,-1.343442146176676,0.22898114355413457
strong_oscillatory,260903,ar1,68,0.25,0.5210189615145437,0.2027017426334619,-1.596019628454764,0.27101896151454374
strong_oscillatory,260903,ar1,69,0.25,0.521018978481085,0.20270172020963684,-1.596019739079498,0.271018978481085
strong_oscillatory,260903,ar1,70,0.5,0.5210189812208503,0.48625547476238634,-0.7210211249614276,0.02101898122085033
strong_oscillatory,260903,ar1,71,0.75,0.521018981663269,0.26094608658687296,-1.3434414577981437,0.228981018336731
strong_oscillatory,260903,ar1,72,0.5,0.521018981734711,0.4862554746369877,-0.7210211252193139,0.02101898173471095
strong_oscillatory,260903,ar1,73,0.5,0.5210189817462474,0.48625547463417246,-0.7210211252251035,0.02101898174624739
strong_oscillatory,260903,ar1,74,0.5,0.5210189817481103,0.4862554746337178,-0.7210211252260386,0.021018981748110344
strong_oscillatory,260903,ar1,75,0.75,0.5210189817484112,0.260946086709013,-1.3434414573300775,0.22898101825158879
strong_oscillatory,260903,ar1,76,0.5,0.5210189817484597,0.4862554746336326,-0.7210211252262138,0.02101898174845973
strong_oscillatory,260903,ar1,77,0.25,0.5210189817484676,0.2027017158913016,-1.5960197603833886,0.2710189817484676
strong_oscillatory,260903,ar1,78,0.25,0.5210189817484688,0.20270171589129987,-1.596019760383397,0.27101898174846883
strong_oscillatory,260903,ar1,79,0.5,0.5210189817484691,0.48625547463363034,-0.7210211252262184,0.021018981748469057
strong_oscillatory,260903,quadratic_narrative_position,60,0.5,0.46592600813338325,0.47491608365492644,-0.7446171565443985,0.03407399186661675
strong_oscillatory,260903,quadratic_narrative_position,61,0.75,0.4622979185770223,0.18388174929925485,-1.6934623948238894,0.2877020814229777
strong_oscillatory,260903,quadratic_narrative_position,62,0.75,0.45857460979664266,0.17931219033919563,-1.7186269121757742,0.29142539020335734
strong_oscillatory,260903,quadratic_narrative_position,63,0.5,0.45475608179224447,0.4700678202185564,-0.7548782963506824,0.04524391820775553
strong_oscillatory,260903,quadratic_narrative_position,64,0.25,0.4508423345638278,0.30143475810440556,-1.199201677260978,0.20084233456382777
strong_oscillatory,260903,quadratic_narrative_position,65,0.25,0.44683336811139235,0.3070731103463636,-1.1806694152961328,0.19683336811139235
strong_oscillatory,260903,quadratic_narrative_position,66,0.75,0.4427291824349383,0.16051079800859783,-1.8293940613629474,0.3072708175650617
strong_oscillatory,260903,quadratic_narrative_position,67,0.75,0.4385297775344658,0.1557118269697565,-1.8597482430414072,0.3114702224655342
strong_oscillatory,260903,quadratic_narrative_position,68,0.25,0.43423515340997454,0.3246913211332484,-1.12488032910876,0.18423515340997454
strong_oscillatory,260903,quadratic_narrative_position,69,0.25,0.4298453100614647,0.3307763384113217,-1.1063128467726135,0.1798453100614647
strong_oscillatory,260903,quadratic_narrative_position,70,0.5,0.4253602474889362,0.4512641947561493,-0.7957023133064698,0.0746397525110638
strong_oscillatory,260903,quadratic_narrative_position,71,0.75,0.42077996569238924,0.13633010336599,-1.9926761035801024,0.32922003430761076
strong_oscillatory,260903,quadratic_narrative_position,72,0.5,0.4161044646718235,0.4436563590347592,-0.8127049823542645,0.08389553532817651
strong_oscillatory,260903,quadratic_narrative_position,73,0.5,0.4113337444272392,0.43944392865506576,-0.822245149847862,0.08866625557276081
strong_oscillatory,260903,quadratic_narrative_position,74,0.5,0.4064678049586364,0.43495182449567654,-0.8325200023122983,0.09353219504136362
strong_oscillatory,260903,quadratic_narrative_position,75,0.75,0.40150664626601484,0.11700871170673965,-2.145506887924354,0.34849335373398516
strong_oscillatory,260903,quadratic_narrative_position,76,0.5,0.3964502683493747,0.42511137815487987,-0.8554040781443046,0.10354973165062531
strong_oscillatory,260903,quadratic_narrative_position,77,0.25,0.391298671208716,0.3818997567263334,-0.9625971217596848,0.14129867120871598
strong_oscillatory,260903,quadratic_narrative_position,78,0.25,0.3860518548440387,0.38840217477681244,-0.9457139432582632,0.1360518548440387
strong_oscillatory,260903,quadratic_narrative_position,79,0.5,0.3807098192553427,0.40816976907761965,-0.8960720904434162,0.1192901807446573
strong_oscillatory,260904,rcwe,60,0.25,0.37676458140870095,0.4486754610738189,-0.8014554564330264,0.12676458140870095
strong_oscillatory,260904,rcwe,61,0.5,0.37676252611368316,0.4557168142319499,-0.7858836838025894,0.12323747388631684
strong_oscillatory,260904,rcwe,62,0.75,0.376764668964395,0.04852460383244526,-3.025684314155233,0.373235331035605
strong_oscillatory,260904,rcwe,63,0.5,0.37676557912231334,0.4557228688675908,-0.785870397930242,0.12323442087768666
strong_oscillatory,260904,rcwe,64,0.25,0.3767639681863812,0.44867669314113906,-0.8014527104267581,0.1267639681863812
strong_oscillatory,260904,rcwe,65,0.25,0.37676370451821795,0.4486772228942413,-0.8014515297262724,0.12676370451821795
strong_oscillatory,260904,rcwe,66,0.5,0.3767648270266746,0.4557213773405918,-0.7858736708172128,0.12323517297332542
strong_oscillatory,260904,rcwe,67,0.75,0.37676476533147824,0.048524667971844786,-3.0256829923647994,0.37323523466852176
strong_oscillatory,260904,rcwe,68,0.5,0.37676403483219423,0.4557198062864289,-0.7858771182237841,0.12323596516780577
strong_oscillatory,260904,rcwe,69,0.25,0.37676422949658045,0.44867616812509314,-0.8014538805707864,0.12676422949658045
strong_oscillatory,260904,rcwe,70,0.5,0.37676467235441363,0.455721070600005,-0.7858743439054314,0.12323532764558637
strong_oscillatory,260904,rcwe,71,0.75,0.37676445017919064,0.048524458215008795,-3.0256873150587635,0.37323554982080936
strong_oscillatory,260904,rcwe,72,0.75,0.37676420363151614,0.048524294120047405,-3.0256906967603814,0.37323579636848386
strong_oscillatory,260904,rcwe,73,0.5,0.3767644026968711,0.4557205358242136,-0.7858755173778461,0.12323559730312889
strong_oscillatory,260904,rcwe,74,0.25,0.37676452408502775,0.4486755762468828,-0.801455199737354,0.12676452408502775
strong_oscillatory,260904,rcwe,75,0.75,0.37676436667767155,0.048524402638777143,-3.025688460383524,0.37323563332232845
strong_oscillatory,260904,rcwe,76,0.5,0.376764319417635,0.4557203706675138,-0.7858758797857622,0.123235680582365
strong_oscillatory,260904,rcwe,77,0.5,0.37676443362589696,0.4557205971616482,-0.7858753827834497,0.12323556637410304
strong_oscillatory,260904,rcwe,78,0.25,0.37676444088274647,0.44867574341445543,-0.8014548271573646,0.12676444088274647
strong_oscillatory,260904,rcwe,79,0.5,0.37676436370954436,0.4557204585058091,-0.7858756870397441,0.12323563629045564
strong_oscillatory,260904,persistence,60,0.25,0.25,0.38769509041732264,-0.9475360977402898,0.0
strong_oscillatory,260904,persistence,61,0.5,0.25,0.2419419807649004,-1.4190573304751841,0.25
strong_oscillatory,260904,persistence,62,0.75,0.25,0.058570919129226816,-2.8375169661706114,0.5
strong_oscillatory,260904,persistence,63,0.5,0.25,0.2419419807649004,-1.4190573304751841,0.25
strong_oscillatory,260904,persistence,64,0.25,0.25,0.38769509041732264,-0.9475360977402898,0.0
strong_oscillatory,260904,persistence,65,0.25,0.25,0.38769509041732264,-0.9475360977402898,0.0
strong_oscillatory,260904,persistence,66,0.5,0.25,0.2419419807649004,-1.4190573304751841,0.25
strong_oscillatory,260904,persistence,67,0.75,0.25,0.058570919129226816,-2.8375169661706114,0.5
strong_oscillatory,260904,persistence,68,0.5,0.25,0.2419419807649004,-1.4190573304751841,0.25
strong_oscillatory,260904,persistence,69,0.25,0.25,0.38769509041732264,-0.9475360977402898,0.0
strong_oscillatory,260904,persistence,70,0.5,0.25,0.2419419807649004,-1.4190573304751841,0.25
strong_oscillatory,260904,persistence,71,0.75,0.25,0.058570919129226816,-2.8375169661706114,0.5
strong_oscillatory,260904,persistence,72,0.75,0.25,0.058570919129226816,-2.8375169661706114,0.5
strong_oscillatory,260904,persistence,73,0.5,0.25,0.2419419807649004,-1.4190573304751841,0.25
strong_oscillatory,260904,persistence,74,0.25,0.25,0.38769509041732264,-0.9475360977402898,0.0
strong_oscillatory,260904,persistence,75,0.75,0.25,0.058570919129226816,-2.8375169661706114,0.5
strong_oscillatory,260904,persistence,76,0.5,0.25,0.2419419807649004,-1.4190573304751841,0.25
strong_oscillatory,260904,persistence,77,0.5,0.25,0.2419419807649004,-1.4190573304751841,0.25
strong_oscillatory,260904,persistence,78,0.25,0.25,0.38769509041732264,-0.9475360977402898,0.0
strong_oscillatory,260904,persistence,79,0.5,0.25,0.2419419807649004,-1.4190573304751841,0.25
strong_oscillatory,260904,ar1,60,0.25,0.47272898656853235,0.266437866237273,-1.322614209886607,0.22272898656853235
strong_oscillatory,260904,ar1,61,0.5,0.5032623015530817,0.5154095495752383,-0.6627934524620294,0.0032623015530817145
strong_oscillatory,260904,ar1,62,0.75,0.507448031207353,0.2355463769474546,-1.4458474552005922,0.24255196879264695
strong_oscillatory,260904,ar1,63,0.5,0.5080218415763718,0.5150428341316645,-0.6635052087058957,0.008021841576371758
strong_oscillatory,260904,ar1,64,0.25,0.5081005036895011,0.21225244142715202,-1.5499789512554119,0.2581005036895011
strong_oscillatory,260904,ar1,65,0.25,0.5081112872660554,0.2122366284013198,-1.5500534550622869,0.25811128726605537
strong_oscillatory,260904,ar1,66,0.5,0.5081127655574295,0.515032820868685,-0.6635246505069542,0.008112765557429458
strong_oscillatory,260904,ar1,67,0.75,0.5081129682123998,0.23656296560558746,-1.4415408671384622,0.24188703178760018
strong_oscillatory,260904,ar1,68,0.5,0.5081129959938221,0.5150327953480918,-0.6635247000583475,0.008112995993822092
strong_oscillatory,260904,ar1,69,0.25,0.5081129998023023,0.21223411718640164,-1.5500652872789675,0.2581129998023023
strong_oscillatory,260904,ar1,70,0.5,0.5081130003243965,0.5150327948684784,-0.6635247009895763,0.008113000324396547
strong_oscillatory,260904,ar1,71,0.75,0.508113000395969,0.23656301484666928,-1.441540658986368,0.24188699960403104
strong_oscillatory,260904,ar1,72,0.75,0.5081130004057807,0.23656301486168121,-1.4415406589229094,0.24188699959421933
strong_oscillatory,260904,ar1,73,0.5,0.5081130004071257,0.5150327948593161,-0.663524701007366,0.008113000407125703
strong_oscillatory,260904,ar1,74,0.25,0.5081130004073101,0.21223411629923755,-1.5500652914590876,0.2581130004073101
strong_oscillatory,260904,ar1,75,0.75,0.5081130004073354,0.2365630148640601,-1.4415406589128534,0.24188699959266458
strong_oscillatory,260904,ar1,76,0.5,0.5081130004073389,0.5150327948592923,-0.6635247010074121,0.008113000407338866
strong_oscillatory,260904,ar1,77,0.5,0.5081130004073393,0.5150327948592923,-0.6635247010074121,0.00811300040733931
strong_oscillatory,260904,ar1,78,0.25,0.5081130004073394,0.21223411629919467,-1.5500652914592896,0.2581130004073394
strong_oscillatory,260904,ar1,79,0.5,0.5081130004073394,0.5150327948592922,-0.6635247010074123,0.008113000407339421
strong_oscillatory,260904,quadratic_narrative_position,60,0.25,0.49171382244399575,0.23867092011328855,-1.4326695791446828,0.24171382244399575
strong_oscillatory,260904,quadratic_narrative_position,61,0.5,0.49128388511771215,0.5074753451940476,-0.6783071501447131,0.008716114882287851
strong_oscillatory,260904,quadratic_narrative_position,62,0.75,0.4908524804133724,0.2130864153048702,-1.5460574898923316,0.2591475195866276
strong_oscillatory,260904,quadratic_narrative_position,63,0.5,0.4904196083309766,0.5073720287221242,-0.6785107600173615,0.009580391669023414
strong_oscillatory,260904,quadratic_narrative_position,64,0.25,0.4899852688705246,0.24126393784851627,-1.4218637669665117,0.23998526887052463
strong_oscillatory,260904,quadratic_narrative_position,65,0.25,0.48954946203201655,0.24191912541823488,-1.419151801166837,0.23954946203201655
strong_oscillatory,260904,quadratic_narrative_position,66,0.5,0.48911218781545235,0.5071972349762053,-0.6788553274193173,0.010887812184547652
strong_oscillatory,260904,quadratic_narrative_position,67,0.75,0.488673446220832,0.20996932383074984,-1.5607938359313813,0.261326553779168
strong_oscillatory,260904,quadratic_narrative_position,68,0.5,0.48823323724815554,0.5070672113681908,-0.6791117173759906,0.011766762751844462
strong_oscillatory,260904,quadratic_narrative_position,69,0.25,0.487791560897423,0.2445676327557795,-1.4082633917304697,0.23779156089742298
strong_oscillatory,260904,quadratic_narrative_position,70,0.5,0.4873484171686343,0.5069261661772199,-0.6793899148376388,0.012651582831365693
strong_oscillatory,260904,quadratic_narrative_position,71,0.75,0.48690380606178946,0.20745229520210665,-1.5728538683834972,0.26309619393821054
strong_oscillatory,260904,quadratic_narrative_position,72,0.75,0.48645772757688854,0.20681989436756393,-1.5759069399711887,0.26354227242311146
strong_oscillatory,260904,quadratic_narrative_position,73,0.5,0.48601018171393146,0.5066935079601824,-0.6798489789759138,0.013989818286068545
strong_oscillatory,260904,quadratic_narrative_position,74,0.25,0.4855611684729183,0.2479407542072076,-1.3945654556827256,0.2355611684729183
strong_oscillatory,260904,quadratic_narrative_position,75,0.75,0.485110687853849,0.20491534355244503,-1.5851583434152374,0.264889312146151
strong_oscillatory,260904,quadratic_narrative_position,76,0.5,0.4846587398567236,0.5064349570491697,-0.6803593800268273,0.015341260143276414
strong_oscillatory,260904,quadratic_narrative_position,77,0.5,0.484205324481542,0.5063429056836589,-0.6805411599988261,0.01579467551845798
strong_oscillatory,260904,quadratic_narrative_position,78,0.25,0.4837504417283044,0.2506892464313968,-1.3835411689086055,0.2337504417283044
strong_oscillatory,260904,quadratic_narrative_position,79,0.5,0.4832940915970106,0.5061498548288156,-0.6809224977519673,0.01670590840298941
strong_oscillatory,260905,rcwe,60,0.25,0.8298196050963105,0.0553495339907629,-2.8940870391806772,0.5798196050963105
strong_oscillatory,260905,rcwe,61,0.75,0.8298196050822534,0.3124667912753511,-1.1632570833713927,0.07981960508225339
strong_oscillatory,260905,rcwe,62,0.75,0.8298196050737195,0.3124667912775825,-1.1632570833642515,0.07981960507371955
strong_oscillatory,260905,rcwe,63,0.25,0.8298196050705289,0.055349533999456746,-2.8940870390236055,0.5798196050705289
strong_oscillatory,260905,rcwe,64,0.25,0.8298196050707998,0.05534953399936538,-2.894087039025256,0.5798196050707998
strong_oscillatory,260905,rcwe,65,0.5,0.8298196050725248,0.18263668289984464,-1.700256438884328,0.32981960507252484
strong_oscillatory,260905,rcwe,66,0.75,0.8298196050743177,0.31246679127742616,-1.1632570833647518,0.07981960507431773
strong_oscillatory,260905,rcwe,67,0.5,0.8298196050755362,0.18263668289794163,-1.7002564388947476,0.3298196050755362
strong_oscillatory,260905,rcwe,68,0.25,0.8298196050760877,0.055349533997582294,-2.8940870390574713,0.5798196050760877
strong_oscillatory,260905,rcwe,69,0.25,0.829819605076155,0.055349533997559555,-2.894087039057882,0.579819605076155
strong_oscillatory,260905,rcwe,70,0.75,0.8298196050759837,0.31246679127699045,-1.1632570833661462,0.07981960507598373
strong_oscillatory,260905,rcwe,71,0.75,0.8298196050757635,0.312466791277048,-1.163257083365962,0.07981960507576347
strong_oscillatory,260905,rcwe,72,0.5,0.8298196050755958,0.18263668289790388,-1.7002564388949544,0.3298196050755958
strong_oscillatory,260905,rcwe,73,0.25,0.829819605075508,0.05534953399777773,-2.8940870390539404,0.579819605075508
strong_oscillatory,260905,rcwe,74,0.5,0.8298196050754856,0.18263668289797352,-1.7002564388945731,0.3298196050754856
strong_oscillatory,260905,rcwe,75,0.5,0.8298196050754999,0.18263668289796448,-1.7002564388946226,0.3298196050754999
strong_oscillatory,260905,rcwe,76,0.75,0.8298196050755258,0.3124667912771103,-1.1632570833657627,0.07981960507552577
strong_oscillatory,260905,rcwe,77,0.5,0.8298196050755481,0.18263668289793417,-1.7002564388947885,0.3298196050755481
strong_oscillatory,260905,rcwe,78,0.25,0.8298196050755611,0.05534953399775983,-2.8940870390542637,0.5798196050755611
strong_oscillatory,260905,rcwe,79,0.25,0.8298196050755658,0.05534953399775826,-2.894087039054292,0.5798196050755658
strong_oscillatory,260905,persistence,60,0.25,0.25,0.3162147989458457,-1.151333552816687,0.0
strong_oscillatory,260905,persistence,61,0.75,0.25,0.09002157512436948,-2.4077059137768786,0.5
strong_oscillatory,260905,persistence,62,0.75,0.25,0.09002157512436948,-2.4077059137768786,0.5
strong_oscillatory,260905,persistence,63,0.25,0.25,0.3162147989458457,-1.151333552816687,0.0
strong_oscillatory,260905,persistence,64,0.25,0.25,0.3162147989458457,-1.151333552816687,0.0
strong_oscillatory,260905,persistence,65,0.5,0.25,0.23102177950345598,-1.465243289340015,0.25
strong_oscillatory,260905,persistence,66,0.75,0.25,0.09002157512436948,-2.4077059137768786,0.5
strong_oscillatory,260905,persistence,67,0.5,0.25,0.23102177950345598,-1.465243289340015,0.25
strong_oscillatory,260905,persistence,68,0.25,0.25,0.3162147989458457,-1.151333552816687,0.0
strong_oscillatory,260905,persistence,69,0.25,0.25,0.3162147989458457,-1.151333552816687,0.0
strong_oscillatory,260905,persistence,70,0.75,0.25,0.09002157512436948,-2.4077059137768786,0.5
strong_oscillatory,260905,persistence,71,0.75,0.25,0.09002157512436948,-2.4077059137768786,0.5
strong_oscillatory,260905,persistence,72,0.5,0.25,0.23102177950345598,-1.465243289340015,0.25
strong_oscillatory,260905,persistence,73,0.25,0.25,0.3162147989458457,-1.151333552816687,0.0
strong_oscillatory,260905,persistence,74,0.5,0.25,0.23102177950345598,-1.465243289340015,0.25
strong_oscillatory,260905,persistence,75,0.5,0.25,0.23102177950345598,-1.465243289340015,0.25
strong_oscillatory,260905,persistence,76,0.75,0.25,0.09002157512436948,-2.4077059137768786,0.5
strong_oscillatory,260905,persistence,77,0.5,0.25,0.23102177950345598,-1.465243289340015,0.25
strong_oscillatory,260905,persistence,78,0.25,0.25,0.3162147989458457,-1.151333552816687,0.0
strong_oscillatory,260905,persistence,79,0.25,0.25,0.3162147989458457,-1.151333552816687,0.0
strong_oscillatory,260905,ar1,60,0.25,0.4809422360906923,0.26223376513415575,-1.3385189396881265,0.2309422360906923
strong_oscillatory,260905,ar1,61,0.75,0.49906756754450476,0.23949520392939588,-1.429221887678667,0.25093243245549524
strong_oscillatory,260905,ar1,62,0.75,0.5004901208455889,0.2411063502432232,-1.4225171555138159,0.24950987915441114
strong_oscillatory,260905,ar1,63,0.25,0.500601768894596,0.239869561988321,-1.427659995100632,0.25060176889459596
strong_oscillatory,260905,ar1,64,0.25,0.5006105315095627,0.23985964032968068,-1.4277013586807257,0.2506105315095627
strong_oscillatory,260905,ar1,65,0.5,0.5006112192369502,0.4329800863903359,-0.8370635418978694,0.0006112192369501779
strong_oscillatory,260905,ar1,66,0.75,0.500611273212728,0.2412436366939356,-1.4219479155090995,0.24938872678727197
strong_oscillatory,260905,ar1,67,0.5,0.5006112774489773,0.4329800861010023,-0.837063542566107,0.0006112774489772654
strong_oscillatory,260905,ar1,68,0.25,0.5006112777814562,0.23985879535017318,-1.4277048814951296,0.2506112777814562
strong_oscillatory,260905,ar1,69,0.25,0.5006112778075505,0.23985879532062737,-1.4277048816183096,0.25061127780755055
strong_oscillatory,260905,ar1,70,0.75,0.5006112778095986,0.24124364190319011,-1.4219478939157653,0.24938872219040142
strong_oscillatory,260905,ar1,71,0.75,0.5006112778097593,0.24124364190337225,-1.4219478939150103,0.24938872219024066
strong_oscillatory,260905,ar1,72,0.5,0.5006112778097719,0.43298008609920885,-0.8370635425702492,0.0006112778097718818
strong_oscillatory,260905,ar1,73,0.25,0.5006112778097729,0.23985879531811113,-1.4277048816288,0.2506112778097729
strong_oscillatory,260905,ar1,74,0.5,0.500611277809773,0.43298008609920896,-0.8370635425702488,0.0006112778097729921
strong_oscillatory,260905,ar1,75,0.5,0.500611277809773,0.43298008609920896,-0.8370635425702488,0.0006112778097729921
strong_oscillatory,260905,ar1,76,0.75,0.500611277809773,0.24124364190338785,-1.4219478939149457,0.249388722190227
strong_oscillatory,260905,ar1,77,0.5,0.500611277809773,0.43298008609920896,-0.8370635425702488,0.0006112778097729921
strong_oscillatory,260905,ar1,78,0.25,0.500611277809773,0.23985879531811094,-1.427704881628801,0.250611277809773
strong_oscillatory,260905,ar1,79,0.25,0.500611277809773,0.23985879531811094,-1.427704881628801,0.250611277809773
strong_oscillatory,260905,quadratic_narrative_position,60,0.25,0.5220148973609648,0.21552742409750938,-1.534667119541863,0.27201489736096485
strong_oscillatory,260905,quadratic_narrative_position,61,0.75,0.5267844340338302,0.27110922258028997,-1.3052335039477438,0.22321556596616976
strong_oscillatory,260905,quadratic_narrative_position,62,0.75,0.5317442744849783,0.2768003706047186,-1.2844587163496395,0.2182557255150217
strong_oscillatory,260905,quadratic_narrative_position,63,0.25,0.536894418714409,0.19915354114177053,-1.6136791882332793,0.286894418714409
strong_oscillatory,260905,quadratic_narrative_position,64,0.25,0.5422348667221226,0.19338520033291415,-1.6430712225057391,0.2922348667221226
strong_oscillatory,260905,quadratic_narrative_position,65,0.5,0.5477656185081188,0.42543470736176997,-0.8546437919517738,0.04776561850811878
strong_oscillatory,260905,quadratic_narrative_position,66,0.75,0.5534866740723977,0.30151975305024775,-1.1989197490397514,0.1965133259276023
strong_oscillatory,260905,quadratic_narrative_position,67,0.5,0.5593980334149593,0.4204437665813417,-0.8664445384015671,0.059398033414959306
strong_oscillatory,260905,quadratic_narrative_position,68,0.25,0.5654996965358037,0.16906197716610238,-1.7774899024941264,0.3154996965358037
strong_oscillatory,260905,quadratic_narrative_position,69,0.25,0.5717916634349308,0.16273584817605272,-1.8156269560456209,0.3217916634349308
strong_oscillatory,260905,quadratic_narrative_position,70,0.75,0.5782739341123406,0.3287757746213975,-1.1123792966732478,0.17172606588765937
strong_oscillatory,260905,quadratic_narrative_position,71,0.75,0.5849465085680331,0.3358538112073329,-1.0910792993886371,0.1650534914319669
strong_oscillatory,260905,quadratic_narrative_position,72,0.5,0.5918093868020083,0.40138036236525787,-0.9128457666735176,0.09180938680200834
strong_oscillatory,260905,quadratic_narrative_position,73,0.25,0.5988625688142662,0.13691643383343288,-1.9883845112813665,0.34886256881426625
strong_oscillatory,260905,quadratic_narrative_position,74,0.5,0.6061060546048068,0.39076809005767066,-0.9396410150191631,0.10610605460480682
strong_oscillatory,260905,quadratic_narrative_position,75,0.5,0.6135398441736302,0.3847716925958782,-0.9551051268365706,0.11353984417363017
strong_oscillatory,260905,quadratic_narrative_position,76,0.75,0.6211639375207363,0.37149400142102224,-0.9902225618698348,0.1288360624792637
strong_oscillatory,260905,quadratic_narrative_position,77,0.5,0.6289783346461251,0.3713649410051184,-0.9905700313820973,0.12897833464612507
strong_oscillatory,260905,quadratic_narrative_position,78,0.25,0.6369830355497965,0.10481360165010709,-2.255571728779102,0.3869830355497965
strong_oscillatory,260905,quadratic_narrative_position,79,0.25,0.6451780402317507,0.098601310631456,-2.3166707250536147,0.39517804023175074
strong_oscillatory,260906,rcwe,60,0.25,0.5208342949958892,0.17798173768025957,-1.7260743312554276,0.2708342949958892
strong_oscillatory,260906,rcwe,61,0.75,0.5207579192192155,0.24641987374392202,-1.4007183941470722,0.22924208078078445
strong_oscillatory,260906,rcwe,62,0.75,0.5206461716814996,0.2462228728389006,-1.4015181660584162,0.22935382831850037
strong_oscillatory,260906,rcwe,63,0.5,0.5206715465060878,0.552979812287382,-0.5924337839355913,0.020671546506087823
strong_oscillatory,260906,rcwe,64,0.25,0.5207645128223587,0.17808723100758592,-1.7254817868907686,0.2707645128223587
strong_oscillatory,260906,rcwe,65,0.5,0.5207725891867839,0.5529441492702438,-0.5924982784549077,0.02077258918678393
strong_oscillatory,260906,rcwe,66,0.75,0.5207038780272135,0.24632459656523395,-1.4011051145898838,0.22929612197278648
strong_oscillatory,260906,rcwe,67,0.75,0.5206773872480737,0.24627789712617715,-1.4012947175244803,0.22932261275192634
strong_oscillatory,260906,rcwe,68,0.25,0.5207221060333918,0.17815135638471694,-1.7251217732364756,0.27072210603339175
strong_oscillatory,260906,rcwe,69,0.25,0.5207555859594388,0.1781007286955151,-1.725405997198456,0.2707555859594388
strong_oscillatory,260906,rcwe,70,0.5,0.5207312833576576,0.5529587489046004,-0.5924718753513776,0.020731283357657615
strong_oscillatory,260906,rcwe,71,0.75,0.5206984935123202,0.24631510416925487,-1.4011436514595925,0.22930150648767977
strong_oscillatory,260906,rcwe,72,0.5,0.520707386161714,0.5529671823229152,-0.5924566240256298,0.02070738616171397
strong_oscillatory,260906,rcwe,73,0.25,0.5207350926070579,0.1781317174003847,-1.7252320169488333,0.27073509260705786
strong_oscillatory,260906,rcwe,74,0.25,0.5207364824251444,0.17812961571457983,-1.7252438155113463,0.27073648242514436
strong_oscillatory,260906,rcwe,75,0.5,0.5207157037351794,0.5529642481064324,-0.5924619303518668,0.02071570373517939
strong_oscillatory,260906,rcwe,76,0.75,0.5207084978843145,0.2463327410506664,-1.4010720511000652,0.2292915021156855
strong_oscillatory,260906,rcwe,77,0.5,0.5207222590237648,0.5529619347571841,-0.5924661139027838,0.02072225902376479
strong_oscillatory,260906,rcwe,78,0.25,0.5207318382087045,0.17813663876183047,-1.7252043896765203,0.2707318382087045
strong_oscillatory,260906,rcwe,79,0.25,0.5207241457436672,0.1781482717478349,-1.7251390880840844,0.2707241457436672
strong_oscillatory,260906,persistence,60,0.25,0.25,0.3599453096279391,-1.0218031767728133,0.0
strong_oscillatory,260906,persistence,61,0.75,0.25,0.07063752317260184,-2.6501937859766542,0.5
strong_oscillatory,260906,persistence,62,0.75,0.25,0.07063752317260184,-2.6501937859766542,0.5
strong_oscillatory,260906,persistence,63,0.5,0.25,0.2396990940418758,-1.4283709170988959,0.25
strong_oscillatory,260906,persistence,64,0.25,0.25,0.3599453096279391,-1.0218031767728133,0.0
strong_oscillatory,260906,persistence,65,0.5,0.25,0.2396990940418758,-1.4283709170988959,0.25
strong_oscillatory,260906,persistence,66,0.75,0.25,0.07063752317260184,-2.6501937859766542,0.5
strong_oscillatory,260906,persistence,67,0.75,0.25,0.07063752317260184,-2.6501937859766542,0.5
strong_oscillatory,260906,persistence,68,0.25,0.25,0.3599453096279391,-1.0218031767728133,0.0
strong_oscillatory,260906,persistence,69,0.25,0.25,0.3599453096279391,-1.0218031767728133,0.0
strong_oscillatory,260906,persistence,70,0.5,0.25,0.2396990940418758,-1.4283709170988959,0.25
strong_oscillatory,260906,persistence,71,0.75,0.25,0.07063752317260184,-2.6501937859766542,0.5
strong_oscillatory,260906,persistence,72,0.5,0.25,0.2396990940418758,-1.4283709170988959,0.25
strong_oscillatory,260906,persistence,73,0.25,0.25,0.3599453096279391,-1.0218031767728133,0.0
strong_oscillatory,260906,persistence,74,0.25,0.25,0.3599453096279391,-1.0218031767728133,0.0
strong_oscillatory,260906,persistence,75,0.5,0.25,0.2396990940418758,-1.4283709170988959,0.25
strong_oscillatory,260906,persistence,76,0.75,0.25,0.07063752317260184,-2.6501937859766542,0.5
strong_oscillatory,260906,persistence,77,0.5,0.25,0.2396990940418758,-1.4283709170988959,0.25
strong_oscillatory,260906,persistence,78,0.25,0.25,0.3599453096279391,-1.0218031767728133,0.0
strong_oscillatory,260906,persistence,79,0.25,0.25,0.3599453096279391,-1.0218031767728133,0.0
strong_oscillatory,260906,ar1,60,0.25,0.5132373264731451,0.21207998281020837,-1.5507917980547068,0.26323732647314513
strong_oscillatory,260906,ar1,61,0.75,0.5324329429616642,0.27713948635207264,-1.2832343387012026,0.2175670570383358
strong_oscillatory,260906,ar1,62,0.75,0.5338327128852958,0.27919484272724027,-1.2758453798718274,0.21616728711470423
strong_oscillatory,260906,ar1,63,0.5,0.5339347859726736,0.4855056894341913,-0.7225642726084194,0.03393478597267363
strong_oscillatory,260906,ar1,64,0.25,0.5339422292781705,0.1846910662834843,-1.6890707617421794,0.2839422292781705
strong_oscillatory,260906,ar1,65,0.5,0.533942772053922,0.48550250280149343,-0.7225708361631316,0.03394277205392204
strong_oscillatory,260906,ar1,66,0.75,0.5339428116338528,0.2793565809152768,-1.2752662453975034,0.21605718836614718
strong_oscillatory,260906,ar1,67,0.75,0.5339428145200741,0.27935658515535466,-1.2752662302194904,0.21605718547992592
strong_oscillatory,260906,ar1,68,0.25,0.5339428147305412,0.1846903163969643,-1.6890748219712823,0.28394281473054117
strong_oscillatory,260906,ar1,69,0.25,0.5339428147458888,0.18469031637730624,-1.6890748220777203,0.2839428147458888
strong_oscillatory,260906,ar1,70,0.5,0.5339428147470079,0.4855024857639972,-0.7225708712556316,0.03394281474700789
strong_oscillatory,260906,ar1,71,0.75,0.5339428147470895,0.27935658548885756,-1.2752662290256653,0.2160571852529105
strong_oscillatory,260906,ar1,72,0.5,0.5339428147470955,0.4855024857639621,-0.7225708712557037,0.033942814747095484
strong_oscillatory,260906,ar1,73,0.25,0.5339428147470959,0.18469031637575997,-1.6890748220860925,0.28394281474709593
strong_oscillatory,260906,ar1,74,0.25,0.5339428147470959,0.18469031637575997,-1.6890748220860925,0.28394281474709593
strong_oscillatory,260906,ar1,75,0.5,0.5339428147470959,0.4855024857639618,-0.7225708712557044,0.03394281474709593
strong_oscillatory,260906,ar1,76,0.75,0.5339428147470959,0.279356585488867,-1.2752662290256316,0.21605718525290407
strong_oscillatory,260906,ar1,77,0.5,0.5339428147470959,0.4855024857639618,-0.7225708712557044,0.03394281474709593
strong_oscillatory,260906,ar1,78,0.25,0.5339428147470959,0.18469031637575997,-1.6890748220860925,0.28394281474709593
strong_oscillatory,260906,ar1,79,0.25,0.5339428147470959,0.18469031637575997,-1.6890748220860925,0.28394281474709593
strong_oscillatory,260906,quadratic_narrative_position,60,0.25,0.5690552212985407,0.14423631093691586,-1.9363022762813378,0.3190552212985407
strong_oscillatory,260906,quadratic_narrative_position,61,0.75,0.5717546323430505,0.33424609694920215,-1.0958777401087938,0.17824536765694954
strong_oscillatory,260906,quadratic_narrative_position,62,0.75,0.5745214890754368,0.33818137112456736,-1.0841729264576727,0.17547851092456324
strong_oscillatory,260906,quadratic_narrative_position,63,0.5,0.5773557914957002,0.45480915013703044,-0.7878773982733337,0.07735579149570015
strong_oscillatory,260906,quadratic_narrative_position,64,0.25,0.5802575396038403,0.13213648804267175,-2.0239198902826123,0.3302575396038403
strong_oscillatory,260906,quadratic_narrative_position,65,0.5,0.5832267333998574,0.4497233934254733,-0.7991225664884849,0.08322673339985742
strong_oscillatory,260906,quadratic_narrative_position,66,0.75,0.5862633728837512,0.35467611881605077,-1.0365502473066477,0.1637366271162488
strong_oscillatory,260906,quadratic_narrative_position,67,0.75,0.589367458055522,0.3589705761142704,-1.0245148545373022,0.16063254194447796
strong_oscillatory,260906,quadratic_narrative_position,68,0.25,0.5925389889151695,0.11960974807997549,-2.1235209351016,0.34253898891516954
strong_oscillatory,260906,quadratic_narrative_position,69,0.25,0.5957779654626941,0.11643675462169596,-2.150407032172148,0.3457779654626941
strong_oscillatory,260906,quadratic_narrative_position,70,0.5,0.5990843876980954,0.4344765252568158,-0.8336133627630938,0.09908438769809536
strong_oscillatory,260906,quadratic_narrative_position,71,0.75,0.6024582556213736,0.3767003598156544,-0.9763052091063276,0.14754174437862644
strong_oscillatory,260906,quadratic_narrative_position,72,0.5,0.6058995692325285,0.4272935984538579,-0.8502839178301559,0.10589956923252852
strong_oscillatory,260906,quadratic_narrative_position,73,0.25,0.6094083285315604,0.10368657152575889,-2.2663826656151813,0.35940832853156035
strong_oscillatory,260906,quadratic_narrative_position,74,0.25,0.6129845335184692,0.10050275713276391,-2.2975701177024614,0.36298453351846915
strong_oscillatory,260906,quadratic_narrative_position,75,0.5,0.6166281841932546,0.41528967166308906,-0.8787789982354937,0.1166281841932546
strong_oscillatory,260906,quadratic_narrative_position,76,0.75,0.6203392805559171,0.3996760589589602,-0.9171009125845314,0.12966071944408286
strong_oscillatory,260906,quadratic_narrative_position,77,0.5,0.6241178226064564,0.40644573355946034,-0.9003048556844552,0.12411782260645643
strong_oscillatory,260906,quadratic_narrative_position,78,0.25,0.6279638103448726,0.08789299384652723,-2.431635183423016,0.3779638103448726
strong_oscillatory,260906,quadratic_narrative_position,79,0.25,0.6318772437711655,0.08479023303523753,-2.4675749192888543,0.3818772437711655
strong_oscillatory,260907,rcwe,60,0.25,0.4480247144761226,0.3044312162114357,-1.18931010828063,0.19802471447612258
strong_oscillatory,260907,rcwe,61,0.5,0.44814577084371593,0.5243651129612183,-0.6455670568395553,0.05185422915628407
strong_oscillatory,260907,rcwe,62,0.5,0.448174155184997,0.5243879896549488,-0.6455234303774701,0.05182584481500302
strong_oscillatory,260907,rcwe,63,0.5,0.44809265317263525,0.5243222711374683,-0.6456487624544478,0.05190734682736475
strong_oscillatory,260907,rcwe,64,0.25,0.44804177911311543,0.3044004632020957,-1.189411131306882,0.19804177911311543
strong_oscillatory,260907,rcwe,65,0.5,0.4480851992950167,0.5243162560115104,-0.645660234712623,0.05191480070498328
strong_oscillatory,260907,rcwe,66,0.75,0.44813939438196,0.1395684824470295,-1.9691998845805982,0.30186060561804
strong_oscillatory,260907,rcwe,67,0.5,0.4481260243161023,0.5243491912063958,-0.6455974211718822,0.05187397568389768
strong_oscillatory,260907,rcwe,68,0.5,0.44808014143084524,0.5243121739659236,-0.6456680202074089,0.051919858569154764
strong_oscillatory,260907,rcwe,69,0.25,0.4480737384703754,0.3043428688068761,-1.1896003552124692,0.1980737384703754
strong_oscillatory,260907,rcwe,70,0.5,0.44810619634587656,0.5243331981631498,-0.6456279223863763,0.05189380365412344
strong_oscillatory,260907,rcwe,71,0.75,0.44812274489127135,0.1395473010088872,-1.969351659861241,0.30187725510872865
strong_oscillatory,260907,rcwe,72,0.5,0.4481041143187882,0.5243315184941065,-0.6456311258297964,0.051895885681211784
strong_oscillatory,260907,rcwe,73,0.25,0.44808486174788553,0.3043228237366079,-1.189666220828097,0.19808486174788553
strong_oscillatory,260907,rcwe,74,0.25,0.44809204046568907,0.304309887184106,-1.1897087310391707,0.19809204046568907
strong_oscillatory,260907,rcwe,75,0.75,0.4481092151863033,0.13953009003302536,-1.9694750018189642,0.3018907848136967
strong_oscillatory,260907,rcwe,76,0.75,0.4481099649436984,0.13953104375572922,-1.96946816659479,0.3018900350563016
strong_oscillatory,260907,rcwe,77,0.5,0.4480972215688338,0.5243259573459093,-0.6456417320540888,0.0519027784311662
strong_oscillatory,260907,rcwe,78,0.25,0.4480920613522084,0.3043098495452415,-1.1897088547251515,0.19809206135220842
strong_oscillatory,260907,rcwe,79,0.5,0.44809985755630527,0.5243280841706175,-0.6456376757597839,0.05190014244369473
strong_oscillatory,260907,persistence,60,0.25,0.25,0.3466479912694668,-1.0594454483040174,0.0
strong_oscillatory,260907,persistence,61,0.5,0.25,0.23773921693578845,-1.4365809332190975,0.25
strong_oscillatory,260907,persistence,62,0.5,0.25,0.23773921693578845,-1.4365809332190975,0.25
strong_oscillatory,260907,persistence,63,0.5,0.25,0.23773921693578845,-1.4365809332190975,0.25
strong_oscillatory,260907,persistence,64,0.25,0.25,0.3466479912694668,-1.0594454483040174,0.0
strong_oscillatory,260907,persistence,65,0.5,0.25,0.23773921693578845,-1.4365809332190975,0.25
strong_oscillatory,260907,persistence,66,0.75,0.25,0.07657043061970185,-2.569544300003233,0.5
strong_oscillatory,260907,persistence,67,0.5,0.25,0.23773921693578845,-1.4365809332190975,0.25
strong_oscillatory,260907,persistence,68,0.5,0.25,0.23773921693578845,-1.4365809332190975,0.25
strong_oscillatory,260907,persistence,69,0.25,0.25,0.3466479912694668,-1.0594454483040174,0.0
strong_oscillatory,260907,persistence,70,0.5,0.25,0.23773921693578845,-1.4365809332190975,0.25
strong_oscillatory,260907,persistence,71,0.75,0.25,0.07657043061970185,-2.569544300003233,0.5
strong_oscillatory,260907,persistence,72,0.5,0.25,0.23773921693578845,-1.4365809332190975,0.25
strong_oscillatory,260907,persistence,73,0.25,0.25,0.3466479912694668,-1.0594454483040174,0.0
strong_oscillatory,260907,persistence,74,0.25,0.25,0.3466479912694668,-1.0594454483040174,0.0
strong_oscillatory,260907,persistence,75,0.75,0.25,0.07657043061970185,-2.569544300003233,0.5
strong_oscillatory,260907,persistence,76,0.75,0.25,0.07657043061970185,-2.569544300003233,0.5
strong_oscillatory,260907,persistence,77,0.5,0.25,0.23773921693578845,-1.4365809332190975,0.25
strong_oscillatory,260907,persistence,78,0.25,0.25,0.3466479912694668,-1.0594454483040174,0.0
strong_oscillatory,260907,persistence,79,0.5,0.25,0.23773921693578845,-1.4365809332190975,0.25
strong_oscillatory,260907,ar1,60,0.25,0.46539180460440477,0.2812799950144749,-1.268404682209746,0.21539180460440477
strong_oscillatory,260907,ar1,61,0.5,0.4952090888102397,0.46454838105342383,-0.7666895688789878,0.004790911189760327
strong_oscillatory,260907,ar1,62,0.5,0.4993367780649187,0.464661348435891,-0.7664464216551939,0.0006632219350812818
strong_oscillatory,260907,ar1,63,0.5,0.49990818552327665,0.46466351358371555,-0.7664417620406436,9.181447672335086e-05
strong_oscillatory,260907,ar1,64,0.25,0.49998728704069273,0.23621638892264687,-1.4430069918399842,0.24998728704069273
strong_oscillatory,260907,ar1,65,0.5,0.49999823728288156,0.46466355587364855,-0.7664416710286965,1.762717118436452e-06
strong_oscillatory,260907,ar1,66,0.75,0.4999997531552429,0.23619978052962054,-1.443077304391108,0.2500002468447571
strong_oscillatory,260907,ar1,67,0.5,0.4999999630016533,0.46466355588923514,-0.7664416709951528,3.699834671966329e-08
strong_oscillatory,260907,ar1,68,0.5,0.4999999920512732,0.46466355588924174,-0.7664416709951385,7.948726787887495e-09
strong_oscillatory,260907,ar1,69,0.25,0.4999999960726926,0.23620010189900276,-1.4430759438091343,0.24999999607269258
strong_oscillatory,260907,ar1,70,0.5,0.4999999966293888,0.464663555889242,-0.7664416709951379,3.3706111790543503e-09
strong_oscillatory,260907,ar1,71,0.75,0.4999999967064538,0.2362000926453338,-1.4430759829863788,0.2500000032935462
strong_oscillatory,260907,ar1,72,0.5,0.49999999671712214,0.46466355588924185,-0.7664416709951383,3.282877858445943e-09
strong_oscillatory,260907,ar1,73,0.25,0.49999999671859896,0.2362001010712608,-1.4430759473135442,0.24999999671859896
strong_oscillatory,260907,ar1,74,0.25,0.4999999967188034,0.23620010107099862,-1.4430759473146542,0.2499999967188034
strong_oscillatory,260907,ar1,75,0.75,0.4999999967188317,0.23620009266119632,-1.4430759829192217,0.2500000032811683
strong_oscillatory,260907,ar1,76,0.75,0.49999999671883566,0.23620009266120134,-1.4430759829192004,0.25000000328116434
strong_oscillatory,260907,ar1,77,0.5,0.4999999967188362,0.46466355588924185,-0.7664416709951383,3.281163785118224e-09
strong_oscillatory,260907,ar1,78,0.25,0.49999999671883627,0.2362001010709566,-1.443075947314832,0.24999999671883627
strong_oscillatory,260907,ar1,79,0.5,0.49999999671883627,0.464663555889242,-0.7664416709951379,3.281163729607073e-09
strong_oscillatory,260907,quadratic_narrative_position,60,0.25,0.486968141709516,0.25361575835891587,-1.3719349197103332,0.23696814170951602
strong_oscillatory,260907,quadratic_narrative_position,61,0.5,0.4866609320303346,0.45842189531342686,-0.779965350076955,0.013339067969665386
strong_oscillatory,260907,quadratic_narrative_position,62,0.5,0.486352937924541,0.458381682532091,-0.7800530739522396,0.013647062075459016
strong_oscillatory,260907,quadratic_narrative_position,63,0.5,0.48604415939213497,0.4583404495604307,-0.7801430313564401,0.013955840607865033
strong_oscillatory,260907,quadratic_narrative_position,64,0.25,0.4857345964331166,0.25518752541503575,-1.3657566103087713,0.23573459643311662
strong_oscillatory,260907,quadratic_narrative_position,65,0.5,0.485424249047486,0.45825489601518876,-0.7803297081618664,0.01457575095251401
strong_oscillatory,260907,quadratic_narrative_position,66,0.75,0.4851131172352429,0.21861046161104203,-1.5204638470607525,0.2648868827647571
strong_oscillatory,260907,quadratic_narrative_position,67,0.5,0.4848012009963876,0.4581651805322063,-0.7805255037049041,0.015198799003612373
strong_oscillatory,260907,quadratic_narrative_position,68,0.5,0.48448850033091995,0.4581187451078793,-0.7806268596778014,0.015511499669080053
strong_oscillatory,260907,quadratic_narrative_position,69,0.25,0.48417501523883993,0.25717671539357695,-1.3579918218460347,0.23417501523883993
strong_oscillatory,260907,quadratic_narrative_position,70,0.5,0.4838607457201476,0.4580226849123649,-0.780836565718198,0.01613925427985241
strong_oscillatory,260907,quadratic_narrative_position,71,0.75,0.48354569177484297,0.21668797213038035,-1.5292968766854798,0.26645430822515703
strong_oscillatory,260907,quadratic_narrative_position,72,0.5,0.4832298534029259,0.45792232685789275,-0.7810557012636383,0.016770146597074098
strong_oscillatory,260907,quadratic_narrative_position,73,0.25,0.4829132306043966,0.2587875853826999,-1.351747687433729,0.23291323060439661
strong_oscillatory,260907,quadratic_narrative_position,74,0.25,0.4825958233792549,0.25919300585862404,-1.350182298438204,0.23259582337925488
strong_oscillatory,260907,quadratic_narrative_position,75,0.75,0.4822776317275009,0.2151367602207574,-1.5364813590265098,0.2677223682724991
strong_oscillatory,260907,quadratic_narrative_position,76,0.75,0.4819586556491346,0.21474714559520994,-1.538294009962989,0.2680413443508654
strong_oscillatory,260907,quadratic_narrative_position,77,0.5,0.48163889514415587,0.45765227015316856,-0.7816456187066025,0.018361104855844135
strong_oscillatory,260907,quadratic_narrative_position,78,0.25,0.4813183502125649,0.26082546877680085,-1.3439037973449464,0.23131835021256492
strong_oscillatory,260907,quadratic_narrative_position,79,0.5,0.4809970208543616,0.4575364390810949,-0.7818987491736273,0.01900297914563842
strong_oscillatory,260908,rcwe,60,0.25,0.8298196050963105,0.0553495339907629,-2.8940870391806772,0.5798196050963105
strong_oscillatory,260908,rcwe,61,0.75,0.8298196050822534,0.3124667912753511,-1.1632570833713927,0.07981960508225339
strong_oscillatory,260908,rcwe,62,0.75,0.8298196050737195,0.3124667912775825,-1.1632570833642515,0.07981960507371955
strong_oscillatory,260908,rcwe,63,0.5,0.8298196050705289,0.18263668290110602,-1.7002564388774215,0.3298196050705289
strong_oscillatory,260908,rcwe,64,0.25,0.8298196050707998,0.05534953399936538,-2.894087039025256,0.5798196050707998
strong_oscillatory,260908,rcwe,65,0.5,0.8298196050725248,0.18263668289984464,-1.700256438884328,0.32981960507252484
strong_oscillatory,260908,rcwe,66,0.75,0.8298196050743177,0.31246679127742616,-1.1632570833647518,0.07981960507431773
strong_oscillatory,260908,rcwe,67,1.0,0.8298196050755362,0.44014511144445434,-0.8206508077040834,0.1701803949244638
strong_oscillatory,260908,rcwe,68,0.25,0.8298196050760877,0.055349533997582294,-2.8940870390574713,0.5798196050760877
strong_oscillatory,260908,rcwe,69,0.25,0.829819605076155,0.055349533997559555,-2.894087039057882,0.579819605076155
strong_oscillatory,260908,rcwe,70,0.5,0.8298196050759837,0.18263668289765875,-1.7002564388962966,0.32981960507598373
strong_oscillatory,260908,rcwe,71,0.75,0.8298196050757635,0.312466791277048,-1.163257083365962,0.07981960507576347
strong_oscillatory,260908,rcwe,72,0.5,0.8298196050755958,0.18263668289790388,-1.7002564388949544,0.3298196050755958
strong_oscillatory,260908,rcwe,73,0.25,0.829819605075508,0.05534953399777773,-2.8940870390539404,0.579819605075508
strong_oscillatory,260908,rcwe,74,0.5,0.8298196050754856,0.18263668289797352,-1.7002564388945731,0.3298196050754856
strong_oscillatory,260908,rcwe,75,0.75,0.8298196050754999,0.3124667912771171,-1.163257083365741,0.0798196050754999
strong_oscillatory,260908,rcwe,76,0.75,0.8298196050755258,0.3124667912771103,-1.1632570833657627,0.07981960507552577
strong_oscillatory,260908,rcwe,77,0.5,0.8298196050755481,0.18263668289793417,-1.7002564388947885,0.3298196050755481
strong_oscillatory,260908,rcwe,78,0.5,0.8298196050755611,0.18263668289792587,-1.700256438894834,0.3298196050755611
strong_oscillatory,260908,rcwe,79,0.5,0.8298196050755658,0.18263668289792273,-1.7002564388948511,0.32981960507556585
strong_oscillatory,260908,persistence,60,0.25,0.25,0.3662290224732505,-1.0044963968147709,0.0
strong_oscillatory,260908,persistence,61,0.75,0.25,0.06785579090849038,-2.69037054765511,0.5
strong_oscillatory,260908,persistence,62,0.75,0.25,0.06785579090849038,-2.69037054765511,0.5
strong_oscillatory,260908,persistence,63,0.5,0.25,0.24042327775991273,-1.4253542517245743,0.25
strong_oscillatory,260908,persistence,64,0.25,0.25,0.3662290224732505,-1.0044963968147709,0.0
strong_oscillatory,260908,persistence,65,0.5,0.25,0.24042327775991273,-1.4253542517245743,0.25
strong_oscillatory,260908,persistence,66,0.75,0.25,0.06785579090849038,-2.69037054765511,0.5
strong_oscillatory,260908,persistence,67,1.0,0.25,0.00860642009497164,-4.755246831561003,0.75
strong_oscillatory,260908,persistence,68,0.25,0.25,0.3662290224732505,-1.0044963968147709,0.0
strong_oscillatory,260908,persistence,69,0.25,0.25,0.3662290224732505,-1.0044963968147709,0.0
strong_oscillatory,260908,persistence,70,0.5,0.25,0.24042327775991273,-1.4253542517245743,0.25
strong_oscillatory,260908,persistence,71,0.75,0.25,0.06785579090849038,-2.69037054765511,0.5
strong_oscillatory,260908,persistence,72,0.5,0.25,0.24042327775991273,-1.4253542517245743,0.25
strong_oscillatory,260908,persistence,73,0.25,0.25,0.3662290224732505,-1.0044963968147709,0.0
strong_oscillatory,260908,persistence,74,0.5,0.25,0.24042327775991273,-1.4253542517245743,0.25
strong_oscillatory,260908,persistence,75,0.75,0.25,0.06785579090849038,-2.69037054765511,0.5
strong_oscillatory,260908,persistence,76,0.75,0.25,0.06785579090849038,-2.69037054765511,0.5
strong_oscillatory,260908,persistence,77,0.5,0.25,0.24042327775991273,-1.4253542517245743,0.25
strong_oscillatory,260908,persistence,78,0.5,0.25,0.24042327775991273,-1.4253542517245743,0.25
strong_oscillatory,260908,persistence,79,0.5,0.25,0.24042327775991273,-1.4253542517245743,0.25
strong_oscillatory,260908,ar1,60,0.25,0.47399414921824956,0.268798324059201,-1.3137939052513854,0.22399414921824956
strong_oscillatory,260908,ar1,61,0.75,0.5099390939760038,0.24640155665108093,-1.4007927297652893,0.2400609060239962
strong_oscillatory,260908,ar1,62,0.75,0.515707276127847,0.2543970744631858,-1.3688589473339208,0.23429272387215305
strong_oscillatory,260908,ar1,63,0.5,0.5166329118621922,0.48039368455415205,-0.7331493350863845,0.01663291186219218
strong_oscillatory,260908,ar1,64,0.25,0.5167814511229406,0.2103524983925482,-1.5589705917042893,0.2667814511229406
strong_oscillatory,260908,ar1,65,0.5,0.5168052876184053,0.4803615423374034,-0.7332162453999814,0.016805287618405274
strong_oscillatory,260908,ar1,66,0.75,0.5168091127250685,0.2559307958898075,-1.3628481996033643,0.23319088727493154
strong_oscillatory,260908,ar1,67,1.0,0.5168097265502428,0.03200621248600356,-3.4418252548375667,0.4831902734497572
strong_oscillatory,260908,ar1,68,0.25,0.5168098250524228,0.21031528259826954,-1.5591475284513256,0.2668098250524228
strong_oscillatory,260908,ar1,69,0.25,0.516809840859333,0.21031526186633878,-1.5591476270268143,0.266809840859333
strong_oscillatory,260908,ar1,70,0.5,0.5168098433959105,0.48036068837394824,-0.7332180231530674,0.016809843395910518
strong_oscillatory,260908,ar1,71,0.75,0.5168098438029619,0.25593181415913885,-1.3628442209211502,0.2331901561970381
strong_oscillatory,260908,ar1,72,0.5,0.5168098438682825,0.4803606882853921,-0.7332180233374208,0.016809843868282548
strong_oscillatory,260908,ar1,73,0.25,0.5168098438787647,0.21031525790613112,-1.559147645856678,0.2668098438787647
strong_oscillatory,260908,ar1,74,0.5,0.5168098438804468,0.4803606882831114,-0.7332180233421687,0.016809843880446818
strong_oscillatory,260908,ar1,75,0.75,0.5168098438807168,0.2559318142674386,-1.3628442204979916,0.23319015611928318
strong_oscillatory,260908,ar1,76,0.75,0.5168098438807601,0.2559318142674989,-1.362844220497756,0.23319015611923988
strong_oscillatory,260908,ar1,77,0.5,0.5168098438807671,0.48036068828305145,-0.7332180233422935,0.016809843880767117
strong_oscillatory,260908,ar1,78,0.5,0.5168098438807682,0.4803606882830512,-0.733218023342294,0.016809843880768227
strong_oscillatory,260908,ar1,79,0.5,0.5168098438807683,0.4803606882830512,-0.733218023342294,0.016809843880768338
strong_oscillatory,260908,quadratic_narrative_position,60,0.25,0.552111862501764,0.16800438018013036,-1.7837652274179838,0.30211186250176403
strong_oscillatory,260908,quadratic_narrative_position,61,0.75,0.5528518132350759,0.30635686568197973,-1.1830046288261526,0.19714818676492407
strong_oscillatory,260908,quadratic_narrative_position,62,0.75,0.553564627719841,0.3073415402944173,-1.179795640672262,0.19643537228015895
strong_oscillatory,260908,quadratic_narrative_position,63,0.5,0.5542503059560598,0.461736747922341,-0.7727603599955388,0.05425030595605984
strong_oscillatory,260908,quadratic_narrative_position,64,0.25,0.5549088479437321,0.16475878227382884,-1.8032728003505962,0.3049088479437321
strong_oscillatory,260908,quadratic_narrative_position,65,0.5,0.5555402536828579,0.46099181827773617,-0.7743749839136195,0.055540253682857865
strong_oscillatory,260908,quadratic_narrative_position,66,0.75,0.556144523173437,0.31090149770123987,-1.1682791446204446,0.193855476826563
strong_oscillatory,260908,quadratic_narrative_position,67,1.0,0.5567216564154696,0.051734400291386505,-2.961632335924632,0.44327834358453044
strong_oscillatory,260908,quadratic_narrative_position,68,0.25,0.5572716534089557,0.16204286842144122,-1.8198943588699799,0.3072716534089557
strong_oscillatory,260908,quadratic_narrative_position,69,0.25,0.5577945141538952,0.16144510334985765,-1.8235901114427622,0.30779451415389525
strong_oscillatory,260908,quadratic_narrative_position,70,0.5,0.5582902386502883,0.4593495237993726,-0.7779438689488332,0.05829023865028826
strong_oscillatory,260908,quadratic_narrative_position,71,0.75,0.5587588268981348,0.3145018274321972,-1.1567653922633017,0.19124117310186517
strong_oscillatory,260908,quadratic_narrative_position,72,0.5,0.5592002788974348,0.4587899024629902,-0.7791629025502163,0.059200278897434844
strong_oscillatory,260908,quadratic_narrative_position,73,0.25,0.5596145946481883,0.15937349704327058,-1.8365047934306458,0.3096145946481883
strong_oscillatory,260908,quadratic_narrative_position,74,0.5,0.5600017741503952,0.458290422064683,-0.7802521865187764,0.060001774150395204
strong_oscillatory,260908,quadratic_narrative_position,75,0.75,0.5603618174040556,0.3167053548359829,-1.149783417351932,0.18963818259594445
strong_oscillatory,260908,quadratic_narrative_position,76,0.75,0.5606947244091695,0.3171625606223055,-1.1483408270126443,0.18930527559083055
strong_oscillatory,260908,quadratic_narrative_position,77,0.5,0.5610004951657368,0.45765940632164326,-0.781630025835544,0.0610004951657368
strong_oscillatory,260908,quadratic_narrative_position,78,0.5,0.5612791296737576,0.4574816557143184,-0.7820184918697632,0.06127912967375759
strong_oscillatory,260908,quadratic_narrative_position,79,0.5,0.5615306279332319,0.45732057985286084,-0.7823706463723641,0.06153062793323194
strong_oscillatory,260909,rcwe,60,0.5,0.8298196050963105,0.18263668288481316,-1.7002564389666306,0.3298196050963105
strong_oscillatory,260909,rcwe,61,0.5,0.8298196050822534,0.1826366828936967,-1.7002564389179902,0.3298196050822534
strong_oscillatory,260909,rcwe,62,0.5,0.8298196050737195,0.18263668289908966,-1.7002564388884618,0.32981960507371955
strong_oscillatory,260909,rcwe,63,0.5,0.8298196050705289,0.18263668290110602,-1.7002564388774215,0.3298196050705289
strong_oscillatory,260909,rcwe,64,0.25,0.8298196050707998,0.05534953399936538,-2.894087039025256,0.5798196050707998
strong_oscillatory,260909,rcwe,65,0.5,0.8298196050725248,0.18263668289984464,-1.700256438884328,0.32981960507252484
strong_oscillatory,260909,rcwe,66,0.75,0.8298196050743177,0.31246679127742616,-1.1632570833647518,0.07981960507431773
strong_oscillatory,260909,rcwe,67,0.75,0.8298196050755362,0.3124667912771076,-1.1632570833657714,0.0798196050755362
strong_oscillatory,260909,rcwe,68,0.25,0.8298196050760877,0.055349533997582294,-2.8940870390574713,0.5798196050760877
strong_oscillatory,260909,rcwe,69,0.25,0.829819605076155,0.055349533997559555,-2.894087039057882,0.579819605076155
strong_oscillatory,260909,rcwe,70,0.75,0.8298196050759837,0.31246679127699045,-1.1632570833661462,0.07981960507598373
strong_oscillatory,260909,rcwe,71,0.75,0.8298196050757635,0.312466791277048,-1.163257083365962,0.07981960507576347
strong_oscillatory,260909,rcwe,72,0.5,0.8298196050755958,0.18263668289790388,-1.7002564388949544,0.3298196050755958
strong_oscillatory,260909,rcwe,73,0.25,0.829819605075508,0.05534953399777773,-2.8940870390539404,0.579819605075508
strong_oscillatory,260909,rcwe,74,0.25,0.8298196050754856,0.0553495339977853,-2.8940870390538036,0.5798196050754856
strong_oscillatory,260909,rcwe,75,0.5,0.8298196050754999,0.18263668289796448,-1.7002564388946226,0.3298196050754999
strong_oscillatory,260909,rcwe,76,0.75,0.8298196050755258,0.3124667912771103,-1.1632570833657627,0.07981960507552577
strong_oscillatory,260909,rcwe,77,0.5,0.8298196050755481,0.18263668289793417,-1.7002564388947885,0.3298196050755481
strong_oscillatory,260909,rcwe,78,0.25,0.8298196050755611,0.05534953399775983,-2.8940870390542637,0.5798196050755611
strong_oscillatory,260909,rcwe,79,0.5,0.8298196050755658,0.18263668289792273,-1.7002564388948511,0.32981960507556585
strong_oscillatory,260909,persistence,60,0.5,0.25,0.23925408252789504,-1.4302291849372089,0.25
strong_oscillatory,260909,persistence,61,0.5,0.25,0.23925408252789504,-1.4302291849372089,0.25
strong_oscillatory,260909,persistence,62,0.5,0.25,0.23925408252789504,-1.4302291849372089,0.25
strong_oscillatory,260909,persistence,63,0.5,0.25,0.23925408252789504,-1.4302291849372089,0.25
strong_oscillatory,260909,persistence,64,0.25,0.25,0.35654972089596454,-1.0312815792988628,0.0
strong_oscillatory,260909,persistence,65,0.5,0.25,0.23925408252789504,-1.4302291849372089,0.25
strong_oscillatory,260909,persistence,66,0.75,0.25,0.07214818162483805,-2.629033196784798,0.5
strong_oscillatory,260909,persistence,67,0.75,0.25,0.07214818162483805,-2.629033196784798,0.5
strong_oscillatory,260909,persistence,68,0.25,0.25,0.35654972089596454,-1.0312815792988628,0.0
strong_oscillatory,260909,persistence,69,0.25,0.25,0.35654972089596454,-1.0312815792988628,0.0
strong_oscillatory,260909,persistence,70,0.75,0.25,0.07214818162483805,-2.629033196784798,0.5
strong_oscillatory,260909,persistence,71,0.75,0.25,0.07214818162483805,-2.629033196784798,0.5
strong_oscillatory,260909,persistence,72,0.5,0.25,0.23925408252789504,-1.4302291849372089,0.25
strong_oscillatory,260909,persistence,73,0.25,0.25,0.35654972089596454,-1.0312815792988628,0.0
strong_oscillatory,260909,persistence,74,0.25,0.25,0.35654972089596454,-1.0312815792988628,0.0
strong_oscillatory,260909,persistence,75,0.5,0.25,0.23925408252789504,-1.4302291849372089,0.25
strong_oscillatory,260909,persistence,76,0.75,0.25,0.07214818162483805,-2.629033196784798,0.5
strong_oscillatory,260909,persistence,77,0.5,0.25,0.23925408252789504,-1.4302291849372089,0.25
strong_oscillatory,260909,persistence,78,0.25,0.25,0.35654972089596454,-1.0312815792988628,0.0
strong_oscillatory,260909,persistence,79,0.5,0.25,0.23925408252789504,-1.4302291849372089,0.25
strong_oscillatory,260909,ar1,60,0.5,0.45527712032190626,0.46170320909098517,-0.7728329988955904,0.04472287967809374
strong_oscillatory,260909,ar1,61,0.5,0.4891252387599278,0.4714901826341679,-0.7518569986860161,0.010874761240072195
strong_oscillatory,260909,ar1,62,0.5,0.49470645073327246,0.47196461933499584,-0.7508512552421764,0.0052935492667275375
strong_oscillatory,260909,ar1,63,0.5,0.49562673607050456,0.47201141751412595,-0.7507521040405746,0.004373263929495441
strong_oscillatory,260909,ar1,64,0.25,0.4957784818035047,0.24038208586727527,-1.4255255971206717,0.2457784818035047
strong_oscillatory,260909,ar1,65,0.5,0.4958035031382496,0.4720193867775197,-0.7507352205588964,0.004196496861750387
strong_oscillatory,260909,ar1,66,0.75,0.49580762890297486,0.22931572584804455,-1.4726555094897815,0.25419237109702514
strong_oscillatory,260909,ar1,67,0.75,0.49580830919979924,0.22931661454179486,-1.4726516340816516,0.25419169080020076
strong_oscillatory,260909,ar1,68,0.25,0.49580842137385667,0.2403424584778196,-1.4256904623850382,0.24580842137385667
strong_oscillatory,260909,ar1,69,0.25,0.49580843987022283,0.24034243399692926,-1.4256905642434103,0.24580843987022283
strong_oscillatory,260909,ar1,70,0.75,0.4958084429200863,0.22931678922505438,-1.4726508723261489,0.2541915570799137
strong_oscillatory,260909,ar1,71,0.75,0.4958084434229779,0.2293167898819985,-1.4726508694613603,0.2541915565770221
strong_oscillatory,260909,ar1,72,0.5,0.49580844350589964,0.4720196047854611,-0.7507347586967417,0.004191556494100357
strong_oscillatory,260909,ar1,73,0.25,0.4958084435195726,0.24034242916682744,-1.4256905843401606,0.2458084435195726
strong_oscillatory,260909,ar1,74,0.25,0.4958084435218271,0.24034242916384344,-1.4256905843525762,0.24580844352182712
strong_oscillatory,260909,ar1,75,0.5,0.4958084435221989,0.47201960478618,-0.7507347586952187,0.004191556477801117
strong_oscillatory,260909,ar1,76,0.75,0.49580844352226017,0.22931679001169422,-1.4726508688957858,0.25419155647773983
strong_oscillatory,260909,ar1,77,0.5,0.49580844352227027,0.47201960478618304,-0.7507347586952122,0.00419155647772973
strong_oscillatory,260909,ar1,78,0.25,0.49580844352227194,0.24034242916325468,-1.4256905843550258,0.24580844352227194
strong_oscillatory,260909,ar1,79,0.5,0.4958084435222722,0.47201960478618327,-0.7507347586952117,0.004191556477727787
strong_oscillatory,260909,quadratic_narrative_position,60,0.5,0.5005864912144733,0.46718815731393304,-0.7610231960044318,0.0005864912144732948
strong_oscillatory,260909,quadratic_narrative_position,61,0.5,0.5033561575791219,0.4671324675858071,-0.7611424050354811,0.003356157579121888
strong_oscillatory,260909,quadratic_narrative_position,62,0.5,0.5062457347779143,0.4669909990963056,-0.7614452953826973,0.006245734777914347
strong_oscillatory,260909,quadratic_narrative_position,63,0.5,0.5092552228108506,0.46675323586054734,-0.7619545638354401,0.00925522281085056
strong_oscillatory,260909,quadratic_narrative_position,64,0.25,0.5123846216779305,0.21988796968040208,-1.5146370910562015,0.26238462167793053
strong_oscillatory,260909,quadratic_narrative_position,65,0.5,0.5156339313791545,0.4659449718802245,-0.7636877379231417,0.015633931379154475
strong_oscillatory,260909,quadratic_narrative_position,66,0.75,0.5190031519145221,0.26059914596983696,-1.3447718914654616,0.23099684808547793
strong_oscillatory,260909,quadratic_narrative_position,67,0.75,0.5224922832840335,0.2652094842816722,-1.327235258558498,0.22750771671596648
strong_oscillatory,260909,quadratic_narrative_position,68,0.25,0.5261013254876887,0.20276172554989091,-1.5957237551069858,0.27610132548768873
strong_oscillatory,260909,quadratic_narrative_position,69,0.25,0.5298302785254878,0.19819784798214374,-1.6184895149547633,0.2798302785254878
strong_oscillatory,260909,quadratic_narrative_position,70,0.75,0.5336791423974308,0.2800401139387572,-1.2728224220072137,0.21632085760256925
strong_oscillatory,260909,quadratic_narrative_position,71,0.75,0.5376479171035173,0.28530907756785717,-1.254182203645799,0.21235208289648266
strong_oscillatory,260909,quadratic_narrative_position,72,0.5,0.541736602643748,0.45838897314022536,-0.7800371689751563,0.04173660264374801
strong_oscillatory,260909,quadratic_narrative_position,73,0.25,0.5459451990181222,0.1789897962869855,-1.720426478749492,0.2959451990181222
strong_oscillatory,260909,quadratic_narrative_position,74,0.25,0.5502737062266403,0.17398414311520022,-1.7487911154421754,0.3002737062266403
strong_oscillatory,260909,quadratic_narrative_position,75,0.5,0.5547221242693022,0.45216243944338214,-0.7937137844116607,0.05472212426930223
strong_oscillatory,260909,quadratic_narrative_position,76,0.75,0.5592904531461079,0.3139114433895702,-1.158644360272847,0.19070954685389208
strong_oscillatory,260909,quadratic_narrative_position,77,0.5,0.5639786928570575,0.4467696329507373,-0.8057121797397939,0.06397869285705748
strong_oscillatory,260909,quadratic_narrative_position,78,0.25,0.5687868434021508,0.1533830032380679,-1.8748171964611364,0.3187868434021508
strong_oscillatory,260909,quadratic_narrative_position,79,0.5,0.573714904781388,0.4402761949421845,-0.82035303322328,0.07371490478138798
strong_oscillatory,260910,rcwe,60,0.5,0.5185242739412579,0.4587471469628844,-0.7792560987871715,0.018524273941257885
strong_oscillatory,260910,rcwe,61,0.5,0.5201152101219041,0.45844814046594284,-0.7799081006271988,0.020115210121904092
strong_oscillatory,260910,rcwe,62,0.75,0.519555713955399,0.26186465963700656,-1.3399274749583285,0.230444286044601
strong_oscillatory,260910,rcwe,63,0.5,0.5180314866620148,0.4588348053830986,-0.7790650348276924,0.018031486662014817
strong_oscillatory,260910,rcwe,64,0.25,0.5179731497459155,0.2145544338362483,-1.5391918020100674,0.26797314974591546
strong_oscillatory,260910,rcwe,65,0.5,0.5192288003002927,0.4586177494680562,-0.7795382057136295,0.019228800300292725
strong_oscillatory,260910,rcwe,66,0.5,0.5197108605501924,0.4585264504668493,-0.7797372998179481,0.019710860550192444
strong_oscillatory,260910,rcwe,67,0.5,0.5188267934137724,0.4586921716591225,-0.779375943888012,0.018826793413772358
strong_oscillatory,260910,rcwe,68,0.5,0.5181180482564276,0.458819577472124,-0.779098223599545,0.0181180482564276
strong_oscillatory,260910,rcwe,69,0.25,0.5186132105472888,0.21377037012428685,-1.5428528768788392,0.2686132105472888
strong_oscillatory,260910,rcwe,70,0.5,0.5193772425031259,0.45858987445744276,-0.7795989880488281,0.01937724250312589
strong_oscillatory,260910,rcwe,71,0.5,0.5192266392860092,0.4586181537004159,-0.7795373242994628,0.019226639286009206
strong_oscillatory,260910,rcwe,72,0.5,0.5185353705281575,0.45874514605611116,-0.7792604604734515,0.018535370528157458
strong_oscillatory,260910,rcwe,73,0.25,0.5184226647365603,0.21400368279431103,-1.5417620547891537,0.2684226647365603
strong_oscillatory,260910,rcwe,74,0.25,0.518962274937624,0.21334318746807207,-1.5448532011067246,0.26896227493762404
strong_oscillatory,260910,rcwe,75,0.75,0.5192428359186433,0.26146267679428103,-1.341463733027805,0.2307571640813567
strong_oscillatory,260910,rcwe,76,0.5,0.5188881935417406,0.45868090582411086,-0.7794005049641733,0.01888819354174065
strong_oscillatory,260910,rcwe,77,0.25,0.51853096173816,0.21387106846681145,-1.5423819293265275,0.26853096173816005
strong_oscillatory,260910,rcwe,78,0.25,0.5187043970970641,0.21365874823903663,-1.5433751711400028,0.26870439709706406
strong_oscillatory,260910,rcwe,79,0.5,0.5190632145114668,0.4586485927972874,-0.7794709551718367,0.019063214511466753
strong_oscillatory,260910,persistence,60,0.5,0.25,0.23755628814387705,-1.4373506808770857,0.25
strong_oscillatory,260910,persistence,61,0.5,0.25,0.23755628814387705,-1.4373506808770857,0.25
strong_oscillatory,260910,persistence,62,0.75,0.25,0.07704825968077664,-2.563323304352649,0.5
strong_oscillatory,260910,persistence,63,0.5,0.25,0.23755628814387705,-1.4373506808770857,0.25
strong_oscillatory,260910,persistence,64,0.25,0.25,0.3455795286993479,-1.0625324778941794,0.0
strong_oscillatory,260910,persistence,65,0.5,0.25,0.23755628814387705,-1.4373506808770857,0.25
strong_oscillatory,260910,persistence,66,0.5,0.25,0.23755628814387705,-1.4373506808770857,0.25
strong_oscillatory,260910,persistence,67,0.5,0.25,0.23755628814387705,-1.4373506808770857,0.25
strong_oscillatory,260910,persistence,68,0.5,0.25,0.23755628814387705,-1.4373506808770857,0.25
strong_oscillatory,260910,persistence,69,0.25,0.25,0.3455795286993479,-1.0625324778941794,0.0
strong_oscillatory,260910,persistence,70,0.5,0.25,0.23755628814387705,-1.4373506808770857,0.25
strong_oscillatory,260910,persistence,71,0.5,0.25,0.23755628814387705,-1.4373506808770857,0.25
strong_oscillatory,260910,persistence,72,0.5,0.25,0.23755628814387705,-1.4373506808770857,0.25
strong_oscillatory,260910,persistence,73,0.25,0.25,0.3455795286993479,-1.0625324778941794,0.0
strong_oscillatory,260910,persistence,74,0.25,0.25,0.3455795286993479,-1.0625324778941794,0.0
strong_oscillatory,260910,persistence,75,0.75,0.25,0.07704825968077664,-2.563323304352649,0.5
strong_oscillatory,260910,persistence,76,0.5,0.25,0.23755628814387705,-1.4373506808770857,0.25
strong_oscillatory,260910,persistence,77,0.25,0.25,0.3455795286993479,-1.0625324778941794,0.0
strong_oscillatory,260910,persistence,78,0.25,0.25,0.3455795286993479,-1.0625324778941794,0.0
strong_oscillatory,260910,persistence,79,0.5,0.25,0.23755628814387705,-1.4373506808770857,0.25
strong_oscillatory,260910,ar1,60,0.5,0.46767515787350533,0.4621776605451654,-0.7718059151849485,0.03232484212649467
strong_oscillatory,260910,ar1,61,0.5,0.49318540221108287,0.46724953789418394,-0.7608918216374645,0.006814597788917132
strong_oscillatory,260910,ar1,62,0.75,0.4961750523508617,0.23075260033551437,-1.4664091366030203,0.2538249476491383
strong_oscillatory,260910,ar1,63,0.5,0.49652542170993186,0.46742508756082757,-0.7605161836048766,0.003474578290068142
strong_oscillatory,260910,ar1,64,0.25,0.4965664829318259,0.2401445860521325,-1.4265140951515223,0.24656648293182593
strong_oscillatory,260910,ar1,65,0.5,0.49657129506479303,0.46742670552275695,-0.7605127221750727,0.003428704935206972
strong_oscillatory,260910,ar1,66,0.5,0.4965718590183878,0.4674267252797396,-0.7605126799075215,0.0034281409816122044
strong_oscillatory,260910,ar1,67,0.5,0.4965719251104221,0.46742672759492887,-0.7605126749544686,0.0034280748895779145
strong_oscillatory,260910,ar1,68,0.5,0.4965719328560186,0.4674267278662524,-0.7605126743740065,0.003428067143981417
strong_oscillatory,260910,ar1,69,0.25,0.4965719337637568,0.24013749674367804,-1.4265436165878154,0.2465719337637568
strong_oscillatory,260910,ar1,70,0.5,0.49657193387013837,0.46742672790177625,-0.7605126742980077,0.003428066129861629
strong_oscillatory,260910,ar1,71,0.5,0.4965719338826057,0.467426727902213,-0.7605126742970734,0.003428066117394324
strong_oscillatory,260910,ar1,72,0.5,0.4965719338840668,0.46742672790226425,-0.7605126742969637,0.003428066115933215
strong_oscillatory,260910,ar1,73,0.25,0.496571933884238,0.24013749658698175,-1.4265436172403427,0.24657193388423798
strong_oscillatory,260910,ar1,74,0.25,0.4965719338842581,0.24013749658695557,-1.4265436172404518,0.24657193388425808
strong_oscillatory,260910,ar1,75,0.75,0.4965719338842604,0.23126349559621612,-1.4641975449574536,0.2534280661157396
strong_oscillatory,260910,ar1,76,0.5,0.4965719338842607,0.4674267279022712,-0.7605126742969489,0.0034280661157393144
strong_oscillatory,260910,ar1,77,0.25,0.49657193388426074,0.24013749658695221,-1.4265436172404657,0.24657193388426074
strong_oscillatory,260910,ar1,78,0.25,0.49657193388426074,0.24013749658695221,-1.4265436172404657,0.24657193388426074
strong_oscillatory,260910,ar1,79,0.5,0.49657193388426074,0.4674267279022709,-0.7605126742969495,0.003428066115739259
strong_oscillatory,260910,quadratic_narrative_position,60,0.5,0.4290151836954745,0.44162641418660487,-0.8172909710739218,0.07098481630452552
strong_oscillatory,260910,quadratic_narrative_position,61,0.5,0.4255746650972288,0.4392266768165506,-0.8227396510672936,0.0744253349027712
strong_oscillatory,260910,quadratic_narrative_position,62,0.75,0.42206813872271476,0.14399442186802497,-1.9379807171840389,0.32793186127728524
strong_oscillatory,260910,quadratic_narrative_position,63,0.5,0.41849560457193247,0.43397756423901257,-0.8347624415197947,0.08150439542806753
strong_oscillatory,260910,quadratic_narrative_position,64,0.25,0.41485706264488187,0.3469351536395957,-1.0586173936183032,0.16485706264488187
strong_oscillatory,260910,quadratic_narrative_position,65,0.5,0.4111525129415629,0.42810430024737395,-0.8483884209216918,0.08884748705843709
strong_oscillatory,260910,quadratic_narrative_position,66,0.5,0.40738195546197575,0.42492517733757235,-0.8558421788802849,0.09261804453802425
strong_oscillatory,260910,quadratic_narrative_position,67,0.5,0.4035453902061203,0.42158038638318307,-0.8637448046986801,0.09645460979387971
strong_oscillatory,260910,quadratic_narrative_position,68,0.5,0.3996428171739965,0.4180672680915224,-0.8721129309563563,0.10035718282600348
strong_oscillatory,260910,quadratic_narrative_position,69,0.25,0.39567423636560445,0.370225477578878,-0.9936430600901184,0.14567423636560445
strong_oscillatory,260910,quadratic_narrative_position,70,0.5,0.3916396477809441,0.4105269574056863,-0.8903136825608287,0.10836035221905588
strong_oscillatory,260910,quadratic_narrative_position,71,0.5,0.3875390514200155,0.4064960600414759,-0.9001810424361365,0.11246094857998451
strong_oscillatory,260910,quadratic_narrative_position,72,0.5,0.3833724472828185,0.40228947068829674,-0.910583373154648,0.1166275527171815
strong_oscillatory,260910,quadratic_narrative_position,73,0.25,0.3791398353693533,0.38902908780619605,-0.9441011623078617,0.1291398353693533
strong_oscillatory,260910,quadratic_narrative_position,74,0.25,0.37484121567961975,0.3936865345988612,-0.9322002838046503,0.12484121567961975
strong_oscillatory,260910,quadratic_narrative_position,75,0.75,0.37047658821361795,0.09642398665827091,-2.3390002840613358,0.37952341178638205
strong_oscillatory,260910,quadratic_narrative_position,76,0.5,0.36604595297134784,0.3836943598802412,-0.9579089811329626,0.13395404702865216
strong_oscillatory,260910,quadratic_narrative_position,77,0.25,0.36154930995280943,0.40740169965950124,-0.8979556032307773,0.11154930995280943
strong_oscillatory,260910,quadratic_narrative_position,78,0.25,0.3569866591580027,0.411852405059261,-0.8870902339633662,0.1069866591580027
strong_oscillatory,260910,quadratic_narrative_position,79,0.5,0.35235800058692773,0.3679025174783323,-0.9999372740616258,0.14764199941307227
strong_oscillatory,260911,rcwe,60,0.5,0.37676458140870095,0.4557208902395812,-0.785874739674842,0.12323541859129905
strong_oscillatory,260911,rcwe,61,0.5,0.37676252611368316,0.4557168142319499,-0.7858836838025894,0.12323747388631684
strong_oscillatory,260911,rcwe,62,0.5,0.376764668964395,0.4557210638770372,-0.7858743586578057,0.12323533103560502
strong_oscillatory,260911,rcwe,63,0.5,0.37676557912231334,0.4557228688675908,-0.785870397930242,0.12323442087768666
strong_oscillatory,260911,rcwe,64,0.25,0.3767639681863812,0.44867669314113906,-0.8014527104267581,0.1267639681863812
strong_oscillatory,260911,rcwe,65,0.5,0.37676370451821795,0.45571915121714135,-0.7858785556635208,0.12323629548178205
strong_oscillatory,260911,rcwe,66,0.75,0.3767648270266746,0.048524709034582225,-3.025682146141182,0.3732351729733254
strong_oscillatory,260911,rcwe,67,0.5,0.37676476533147824,0.4557212549888707,-0.7858739392964713,0.12323523466852176
strong_oscillatory,260911,rcwe,68,0.25,0.37676403483219423,0.4486765592385614,-0.8014530088657001,0.12676403483219423
strong_oscillatory,260911,rcwe,69,0.25,0.37676422949658045,0.44867616812509314,-0.8014538805707864,0.12676422949658045
strong_oscillatory,260911,rcwe,70,0.5,0.37676467235441363,0.455721070600005,-0.7858743439054314,0.12323532764558637
strong_oscillatory,260911,rcwe,71,0.75,0.37676445017919064,0.048524458215008795,-3.0256873150587635,0.37323554982080936
strong_oscillatory,260911,rcwe,72,0.75,0.37676420363151614,0.048524294120047405,-3.0256906967603814,0.37323579636848386
strong_oscillatory,260911,rcwe,73,0.5,0.3767644026968711,0.4557205358242136,-0.7858755173778461,0.12323559730312889
strong_oscillatory,260911,rcwe,74,0.5,0.37676452408502775,0.45572077655720233,-0.7858749891310233,0.12323547591497225
strong_oscillatory,260911,rcwe,75,0.75,0.37676436667767155,0.048524402638777143,-3.025688460383524,0.37323563332232845
strong_oscillatory,260911,rcwe,76,0.75,0.376764319417635,0.048524371183865815,-3.025689108612452,0.373235680582365
strong_oscillatory,260911,rcwe,77,0.5,0.37676443362589696,0.4557205971616482,-0.7858753827834497,0.12323556637410304
strong_oscillatory,260911,rcwe,78,0.25,0.37676444088274647,0.44867574341445543,-0.8014548271573646,0.12676444088274647
strong_oscillatory,260911,rcwe,79,0.5,0.37676436370954436,0.4557204585058091,-0.7858756870397441,0.12323563629045564
strong_oscillatory,260911,persistence,60,0.5,0.25,0.24083522503199034,-1.4236422928903962,0.25
strong_oscillatory,260911,persistence,61,0.5,0.25,0.24083522503199034,-1.4236422928903962,0.25
strong_oscillatory,260911,persistence,62,0.5,0.25,0.24083522503199034,-1.4236422928903962,0.25
strong_oscillatory,260911,persistence,63,0.5,0.25,0.24083522503199034,-1.4236422928903962,0.25
strong_oscillatory,260911,persistence,64,0.25,0.25,0.3704210042216278,-0.9931150709560399,0.0
strong_oscillatory,260911,persistence,65,0.5,0.25,0.24083522503199034,-1.4236422928903962,0.25
strong_oscillatory,260911,persistence,66,0.75,0.25,0.06601287074188703,-2.7179055447272193,0.5
strong_oscillatory,260911,persistence,67,0.5,0.25,0.24083522503199034,-1.4236422928903962,0.25
strong_oscillatory,260911,persistence,68,0.25,0.25,0.3704210042216278,-0.9931150709560399,0.0
strong_oscillatory,260911,persistence,69,0.25,0.25,0.3704210042216278,-0.9931150709560399,0.0
strong_oscillatory,260911,persistence,70,0.5,0.25,0.24083522503199034,-1.4236422928903962,0.25
strong_oscillatory,260911,persistence,71,0.75,0.25,0.06601287074188703,-2.7179055447272193,0.5
strong_oscillatory,260911,persistence,72,0.75,0.25,0.06601287074188703,-2.7179055447272193,0.5
strong_oscillatory,260911,persistence,73,0.5,0.25,0.24083522503199034,-1.4236422928903962,0.25
strong_oscillatory,260911,persistence,74,0.5,0.25,0.24083522503199034,-1.4236422928903962,0.25
strong_oscillatory,260911,persistence,75,0.75,0.25,0.06601287074188703,-2.7179055447272193,0.5
strong_oscillatory,260911,persistence,76,0.75,0.25,0.06601287074188703,-2.7179055447272193,0.5
strong_oscillatory,260911,persistence,77,0.5,0.25,0.24083522503199034,-1.4236422928903962,0.25
strong_oscillatory,260911,persistence,78,0.25,0.25,0.3704210042216278,-0.9931150709560399,0.0
strong_oscillatory,260911,persistence,79,0.5,0.25,0.24083522503199034,-1.4236422928903962,0.25
strong_oscillatory,260911,ar1,60,0.5,0.4650917031060218,0.48711815212068155,-0.7192485731676606,0.034908296893978175
strong_oscillatory,260911,ar1,61,0.5,0.4921548037200428,0.4940483717100668,-0.7051218481464814,0.007845196279957223
strong_oscillatory,260911,ar1,62,0.5,0.49555991607104594,0.4943007533285169,-0.7046111346393977,0.004440083928954064
strong_oscillatory,260911,ar1,63,0.5,0.4959883514631439,0.4943226053484929,-0.7045669276726337,0.004011648536856094
strong_oscillatory,260911,ar1,64,0.25,0.4960422577271026,0.23550461603081713,-1.446024764737646,0.2460422577271026
strong_oscillatory,260911,ar1,65,0.5,0.4960490402790289,0.4943255216692853,-0.7045610280593888,0.003950959720971092
strong_oscillatory,260911,ar1,66,0.75,0.4960498936679907,0.2243299067298494,-1.494637512729089,0.2539501063320093
strong_oscillatory,260911,ar1,67,0.5,0.49605000104243147,0.4943255674801838,-0.704560935385848,0.003949998957568535
strong_oscillatory,260911,ar1,68,0.25,0.49605001455241465,0.2354935661508644,-1.446071685852728,0.24605001455241465
strong_oscillatory,260911,ar1,69,0.25,0.49605001625225725,0.23549356372939498,-1.446071696135257,0.24605001625225725
strong_oscillatory,260911,ar1,70,0.5,0.4960500164661335,0.4943255682155225,-0.7045609338982886,0.003949983533866497
strong_oscillatory,260911,ar1,71,0.75,0.4960500164930437,0.2243300788261594,-1.4946367455721525,0.2539499835069563
strong_oscillatory,260911,ar1,72,0.75,0.49605001649642955,0.22433007883090358,-1.4946367455510043,0.25394998350357045
strong_oscillatory,260911,ar1,73,0.5,0.49605001649685554,0.494325568216987,-0.7045609338953259,0.003949983503144461
strong_oscillatory,260911,ar1,74,0.5,0.49605001649690916,0.4943255682169896,-0.7045609338953206,0.003949983503090837
strong_oscillatory,260911,ar1,75,0.75,0.49605001649691594,0.2243300788315851,-1.4946367455479663,0.25394998350308406
strong_oscillatory,260911,ar1,76,0.75,0.49605001649691677,0.2243300788315863,-1.494636745547961,0.25394998350308323
strong_oscillatory,260911,ar1,77,0.5,0.4960500164969169,0.4943255682169899,-0.7045609338953199,0.003949983503083121
strong_oscillatory,260911,ar1,78,0.25,0.4960500164969169,0.23549356338087096,-1.4460716976152297,0.24605001649691688
strong_oscillatory,260911,ar1,79,0.5,0.4960500164969169,0.4943255682169899,-0.7045609338953199,0.003949983503083121
strong_oscillatory,260911,quadratic_narrative_position,60,0.5,0.4709471118950949,0.48519945147920757,-0.7231952324173996,0.029052888104905084
strong_oscillatory,260911,quadratic_narrative_position,61,0.5,0.4706130434263952,0.4850857744073956,-0.7234295492333198,0.029386956573604794
strong_oscillatory,260911,quadratic_narrative_position,62,0.5,0.47029604573623307,0.48497672925443863,-0.7236543701144582,0.02970395426376693
strong_oscillatory,260911,quadratic_narrative_position,63,0.5,0.4699961188246087,0.4848725018888938,-0.7238693053076803,0.030003881175391323
strong_oscillatory,260911,quadratic_narrative_position,64,0.25,0.46971326269152197,0.27418754974337106,-1.2939429186347184,0.21971326269152197
strong_oscillatory,260911,quadratic_narrative_position,65,0.5,0.46944747733697295,0.4846791930448574,-0.7242680645437438,0.03055252266302705
strong_oscillatory,260911,quadratic_narrative_position,66,0.75,0.46919876276096156,0.18949916202595185,-1.6633706764960725,0.28080123723903844
strong_oscillatory,260911,quadratic_narrative_position,67,0.5,0.4689671189634878,0.48450713141936175,-0.7246231286278318,0.031032881036512194
strong_oscillatory,260911,quadratic_narrative_position,68,0.25,0.4687525459445518,0.27558443657388576,-1.2888612125043621,0.2187525459445518
strong_oscillatory,260911,quadratic_narrative_position,69,0.25,0.4685550437041533,0.27587171770174906,-1.2878193122494672,0.2185550437041533
strong_oscillatory,260911,quadratic_narrative_position,70,0.5,0.4683746122422926,0.4842912872478119,-0.7250687201378142,0.0316253877577074
strong_oscillatory,260911,quadratic_narrative_position,71,0.75,0.46821125155896953,0.18822944698440106,-1.6700935976283664,0.28178874844103047
strong_oscillatory,260911,quadratic_narrative_position,72,0.75,0.46806496165418415,0.1880416930834148,-1.671091569019609,0.28193503834581585
strong_oscillatory,260911,quadratic_narrative_position,73,0.5,0.46793574252793646,0.4841288427172171,-0.7254042037303006,0.03206425747206354
strong_oscillatory,260911,quadratic_narrative_position,74,0.5,0.46782359418022634,0.4840869814097776,-0.7254906747555048,0.03217640581977366
strong_oscillatory,260911,quadratic_narrative_position,75,0.75,0.46772851661105397,0.18761022294819849,-1.673388750567436,0.28227148338894603
strong_oscillatory,260911,quadratic_narrative_position,76,0.75,0.4676505098204192,0.18751025099777052,-1.6739217630780208,0.2823494901795808
strong_oscillatory,260911,quadratic_narrative_position,77,0.5,0.46758957380832217,0.48399917020766925,-0.7256720867139393,0.03241042619167783
strong_oscillatory,260911,quadratic_narrative_position,78,0.25,0.4675457085747628,0.2773404351133463,-1.282509519777047,0.2175457085747628
strong_oscillatory,260911,quadratic_narrative_position,79,0.5,0.46751891411974106,0.48397253469684093,-0.7257271203697788,0.03248108588025894
strong_oscillatory,260912,rcwe,60,0.5,0.8298196050963105,0.18263668288481316,-1.7002564389666306,0.3298196050963105
strong_oscillatory,260912,rcwe,61,0.75,0.8298196050822534,0.3124667912753511,-1.1632570833713927,0.07981960508225339
strong_oscillatory,260912,rcwe,62,0.75,0.8298196050737195,0.3124667912775825,-1.1632570833642515,0.07981960507371955
strong_oscillatory,260912,rcwe,63,0.5,0.8298196050705289,0.18263668290110602,-1.7002564388774215,0.3298196050705289
strong_oscillatory,260912,rcwe,64,0.5,0.8298196050707998,0.18263668290093485,-1.7002564388783588,0.32981960507079977
strong_oscillatory,260912,rcwe,65,0.75,0.8298196050725248,0.3124667912778949,-1.1632570833632516,0.07981960507252484
strong_oscillatory,260912,rcwe,66,0.75,0.8298196050743177,0.31246679127742616,-1.1632570833647518,0.07981960507431773
strong_oscillatory,260912,rcwe,67,0.5,0.8298196050755362,0.18263668289794163,-1.7002564388947476,0.3298196050755362
strong_oscillatory,260912,rcwe,68,0.5,0.8298196050760877,0.18263668289759305,-1.7002564388966563,0.32981960507608765
strong_oscillatory,260912,rcwe,69,0.25,0.829819605076155,0.055349533997559555,-2.894087039057882,0.579819605076155
strong_oscillatory,260912,rcwe,70,0.5,0.8298196050759837,0.18263668289765875,-1.7002564388962966,0.32981960507598373
strong_oscillatory,260912,rcwe,71,0.75,0.8298196050757635,0.312466791277048,-1.163257083365962,0.07981960507576347
strong_oscillatory,260912,rcwe,72,0.75,0.8298196050755958,0.31246679127709187,-1.1632570833658216,0.07981960507559582
strong_oscillatory,260912,rcwe,73,0.25,0.829819605075508,0.05534953399777773,-2.8940870390539404,0.579819605075508
strong_oscillatory,260912,rcwe,74,0.25,0.8298196050754856,0.0553495339977853,-2.8940870390538036,0.5798196050754856
strong_oscillatory,260912,rcwe,75,0.75,0.8298196050754999,0.3124667912771171,-1.163257083365741,0.0798196050754999
strong_oscillatory,260912,rcwe,76,0.75,0.8298196050755258,0.3124667912771103,-1.1632570833657627,0.07981960507552577
strong_oscillatory,260912,rcwe,77,0.5,0.8298196050755481,0.18263668289793417,-1.7002564388947885,0.3298196050755481
strong_oscillatory,260912,rcwe,78,0.25,0.8298196050755611,0.05534953399775983,-2.8940870390542637,0.5798196050755611
strong_oscillatory,260912,rcwe,79,0.5,0.8298196050755658,0.18263668289792273,-1.7002564388948511,0.32981960507556585
strong_oscillatory,260912,persistence,60,0.5,0.25,0.24118567182864165,-1.4221882195890916,0.25
strong_oscillatory,260912,persistence,61,0.75,0.25,0.06421050462377413,-2.7455884582478007,0.5
strong_oscillatory,260912,persistence,62,0.75,0.25,0.06421050462377413,-2.7455884582478007,0.5
strong_oscillatory,260912,persistence,63,0.5,0.25,0.24118567182864165,-1.4221882195890916,0.25
strong_oscillatory,260912,persistence,64,0.5,0.25,0.24118567182864165,-1.4221882195890916,0.25
strong_oscillatory,260912,persistence,65,0.75,0.25,0.06421050462377413,-2.7455884582478007,0.5
strong_oscillatory,260912,persistence,66,0.75,0.25,0.06421050462377413,-2.7455884582478007,0.5
strong_oscillatory,260912,persistence,67,0.5,0.25,0.24118567182864165,-1.4221882195890916,0.25
strong_oscillatory,260912,persistence,68,0.5,0.25,0.24118567182864165,-1.4221882195890916,0.25
strong_oscillatory,260912,persistence,69,0.25,0.25,0.3745486200533574,-0.9820336578738804,0.0
strong_oscillatory,260912,persistence,70,0.5,0.25,0.24118567182864165,-1.4221882195890916,0.25
strong_oscillatory,260912,persistence,71,0.75,0.25,0.06421050462377413,-2.7455884582478007,0.5
strong_oscillatory,260912,persistence,72,0.75,0.25,0.06421050462377413,-2.7455884582478007,0.5
strong_oscillatory,260912,persistence,73,0.25,0.25,0.3745486200533574,-0.9820336578738804,0.0
strong_oscillatory,260912,persistence,74,0.25,0.25,0.3745486200533574,-0.9820336578738804,0.0
strong_oscillatory,260912,persistence,75,0.75,0.25,0.06421050462377413,-2.7455884582478007,0.5
strong_oscillatory,260912,persistence,76,0.75,0.25,0.06421050462377413,-2.7455884582478007,0.5
strong_oscillatory,260912,persistence,77,0.5,0.25,0.24118567182864165,-1.4221882195890916,0.25
strong_oscillatory,260912,persistence,78,0.25,0.25,0.3745486200533574,-0.9820336578738804,0.0
strong_oscillatory,260912,persistence,79,0.5,0.25,0.24118567182864165,-1.4221882195890916,0.25
strong_oscillatory,260912,ar1,60,0.5,0.4939592899616413,0.5023442755860819,-0.6884695864088073,0.00604071003835871
strong_oscillatory,260912,ar1,61,0.75,0.5221206887713957,0.26055204505019014,-1.344952648683661,0.22787931122860428
strong_oscillatory,260912,ar1,62,0.75,0.5253714950147109,0.2654617935377352,-1.3262843524679642,0.22462850498528908
strong_oscillatory,260912,ar1,63,0.5,0.5257467512760553,0.49839231449897764,-0.6963677319749441,0.025746751276055302
strong_oscillatory,260912,ar1,64,0.5,0.5257900689182458,0.4983782851972318,-0.6963958814844722,0.025790068918245757
strong_oscillatory,260912,ar1,65,0.75,0.5257950692828451,0.26610298083476525,-1.3238718991267544,0.22420493071715486
strong_oscillatory,260912,ar1,66,0.75,0.5257956464990753,0.26610385481730875,-1.3238686147550216,0.2242043535009247
strong_oscillatory,260912,ar1,67,0.5,0.5257957131299319,0.4983764554963209,-0.696399552800667,0.025795713129931896
strong_oscillatory,260912,ar1,68,0.5,0.5257957208214534,0.4983764530026687,-0.6963995578042185,0.025795720821453427
strong_oscillatory,260912,ar1,69,0.25,0.5257957217093229,0.1917241066858878,-1.6516978846932866,0.27579572170932287
strong_oscillatory,260912,ar1,70,0.5,0.5257957218118139,0.498376452681586,-0.6963995584484759,0.025795721811813888
strong_oscillatory,260912,ar1,71,0.75,0.525795721823645,0.26610396886882154,-1.3238681861573658,0.22420427817635502
strong_oscillatory,260912,ar1,72,0.75,0.5257957218250107,0.2661039688708892,-1.3238681861495956,0.22420427817498934
strong_oscillatory,260912,ar1,73,0.25,0.5257957218251683,0.19172410652996053,-1.6516978855065765,0.2757957218251683
strong_oscillatory,260912,ar1,74,0.25,0.5257957218251865,0.19172410652993604,-1.6516978855067042,0.2757957218251865
strong_oscillatory,260912,ar1,75,0.75,0.5257957218251886,0.2661039688711587,-1.3238681861485828,0.22420427817481137
strong_oscillatory,260912,ar1,76,0.75,0.5257957218251889,0.26610396887115917,-1.3238681861485813,0.22420427817481114
strong_oscillatory,260912,ar1,77,0.5,0.5257957218251889,0.49837645267724967,-0.6963995584571767,0.025795721825188855
strong_oscillatory,260912,ar1,78,0.25,0.5257957218251889,0.19172410652993285,-1.6516978855067208,0.27579572182518886
strong_oscillatory,260912,ar1,79,0.5,0.5257957218251889,0.49837645267724967,-0.6963995584571767,0.025795721825188855
strong_oscillatory,260912,quadratic_narrative_position,60,0.5,0.5238210138476821,0.49244077990394747,-0.7083810694497176,0.023821013847682093
strong_oscillatory,260912,quadratic_narrative_position,61,0.75,0.5235482684860574,0.2636726051608117,-1.3330470774024268,0.2264517315139426
strong_oscillatory,260912,quadratic_narrative_position,62,0.75,0.5232581602628488,0.2632446997264281,-1.3346712621634194,0.22674183973715123
strong_oscillatory,260912,quadratic_narrative_position,63,0.5,0.5229506891780561,0.492687012511799,-0.7078811696095648,0.022950689178056094
strong_oscillatory,260912,quadratic_narrative_position,64,0.5,0.5226258552316794,0.4927765965074342,-0.7076993587439742,0.02262585523167937
strong_oscillatory,260912,quadratic_narrative_position,65,0.75,0.5222836584237187,0.2618083701582466,-1.3401424544427551,0.2277163415762813
strong_oscillatory,260912,quadratic_narrative_position,66,0.75,0.521924098754174,0.2612788265365287,-1.3421671409805365,0.228075901245826
strong_oscillatory,260912,quadratic_narrative_position,67,0.5,0.5215471762230454,0.49306502750496917,-0.707114212004905,0.02154717622304536
strong_oscillatory,260912,quadratic_narrative_position,68,0.5,0.5211528908303327,0.4931669809649983,-0.7069074585036665,0.02115289083033267
strong_oscillatory,260912,quadratic_narrative_position,69,0.25,0.520741242576036,0.20080907113883936,-1.6054007171907023,0.27074124257603605
strong_oscillatory,260912,quadratic_narrative_position,70,0.5,0.5203122314601553,0.4933781363683847,-0.7064793880527548,0.02031223146015526
strong_oscillatory,260912,quadratic_narrative_position,71,0.75,0.5198658574826907,0.25825202707657674,-1.3538193217331298,0.23013414251730935
strong_oscillatory,260912,quadratic_narrative_position,72,0.75,0.519402120643642,0.25757115656431684,-1.3564592608800496,0.230597879356358
strong_oscillatory,260912,quadratic_narrative_position,73,0.25,0.5189210209430093,0.2032664317322371,-1.5932376888909365,0.2689210209430093
strong_oscillatory,260912,quadratic_narrative_position,74,0.25,0.5184225583807927,0.20394163946073454,-1.5899214071417482,0.26842255838079265
strong_oscillatory,260912,quadratic_narrative_position,75,0.75,0.5179067329569921,0.25537843980637825,-1.3650087563065654,0.23209326704300792
strong_oscillatory,260912,quadratic_narrative_position,76,0.75,0.5173735446716073,0.2545976950361801,-1.368070646174831,0.23262645532839266
strong_oscillatory,260912,quadratic_narrative_position,77,0.5,0.5168229935246387,0.49416382405398507,-0.7048881891308603,0.016822993524638674
strong_oscillatory,260912,quadratic_narrative_position,78,0.25,0.516255079516086,0.2068888164171533,-1.5755737487744346,0.26625507951608596
strong_oscillatory,260912,quadratic_narrative_position,79,0.5,0.5156698026459493,0.49439126178064235,-0.7044280473867546,0.015669802645949304
strong_oscillatory,260913,rcwe,60,0.25,0.8298196050963105,0.0553495339907629,-2.8940870391806772,0.5798196050963105
strong_oscillatory,260913,rcwe,61,0.5,0.8298196050822534,0.1826366828936967,-1.7002564389179902,0.3298196050822534
strong_oscillatory,260913,rcwe,62,0.75,0.8298196050737195,0.3124667912775825,-1.1632570833642515,0.07981960507371955
strong_oscillatory,260913,rcwe,63,0.5,0.8298196050705289,0.18263668290110602,-1.7002564388774215,0.3298196050705289
strong_oscillatory,260913,rcwe,64,0.25,0.8298196050707998,0.05534953399936538,-2.894087039025256,0.5798196050707998
strong_oscillatory,260913,rcwe,65,0.5,0.8298196050725248,0.18263668289984464,-1.700256438884328,0.32981960507252484
strong_oscillatory,260913,rcwe,66,0.75,0.8298196050743177,0.31246679127742616,-1.1632570833647518,0.07981960507431773
strong_oscillatory,260913,rcwe,67,0.5,0.8298196050755362,0.18263668289794163,-1.7002564388947476,0.3298196050755362
strong_oscillatory,260913,rcwe,68,0.25,0.8298196050760877,0.055349533997582294,-2.8940870390574713,0.5798196050760877
strong_oscillatory,260913,rcwe,69,0.25,0.829819605076155,0.055349533997559555,-2.894087039057882,0.579819605076155
strong_oscillatory,260913,rcwe,70,0.5,0.8298196050759837,0.18263668289765875,-1.7002564388962966,0.32981960507598373
strong_oscillatory,260913,rcwe,71,0.75,0.8298196050757635,0.312466791277048,-1.163257083365962,0.07981960507576347
strong_oscillatory,260913,rcwe,72,0.5,0.8298196050755958,0.18263668289790388,-1.7002564388949544,0.3298196050755958
strong_oscillatory,260913,rcwe,73,0.25,0.829819605075508,0.05534953399777773,-2.8940870390539404,0.579819605075508
strong_oscillatory,260913,rcwe,74,0.25,0.8298196050754856,0.0553495339977853,-2.8940870390538036,0.5798196050754856
strong_oscillatory,260913,rcwe,75,0.75,0.8298196050754999,0.3124667912771171,-1.163257083365741,0.0798196050754999
strong_oscillatory,260913,rcwe,76,0.75,0.8298196050755258,0.3124667912771103,-1.1632570833657627,0.07981960507552577
strong_oscillatory,260913,rcwe,77,0.5,0.8298196050755481,0.18263668289793417,-1.7002564388947885,0.3298196050755481
strong_oscillatory,260913,rcwe,78,0.25,0.8298196050755611,0.05534953399775983,-2.8940870390542637,0.5798196050755611
strong_oscillatory,260913,rcwe,79,0.5,0.8298196050755658,0.18263668289792273,-1.7002564388948511,0.32981960507556585
strong_oscillatory,260913,persistence,60,0.25,0.25,0.3568405099268616,-1.030466347930565,0.0
strong_oscillatory,260913,persistence,61,0.5,0.25,0.23929367393922468,-1.4300637201079,0.25
strong_oscillatory,260913,persistence,62,0.75,0.25,0.07201864888439782,-2.630830181220669,0.5
strong_oscillatory,260913,persistence,63,0.5,0.25,0.23929367393922468,-1.4300637201079,0.25
strong_oscillatory,260913,persistence,64,0.25,0.25,0.3568405099268616,-1.030466347930565,0.0
strong_oscillatory,260913,persistence,65,0.5,0.25,0.23929367393922468,-1.4300637201079,0.25
strong_oscillatory,260913,persistence,66,0.75,0.25,0.07201864888439782,-2.630830181220669,0.5
strong_oscillatory,260913,persistence,67,0.5,0.25,0.23929367393922468,-1.4300637201079,0.25
strong_oscillatory,260913,persistence,68,0.25,0.25,0.3568405099268616,-1.030466347930565,0.0
strong_oscillatory,260913,persistence,69,0.25,0.25,0.3568405099268616,-1.030466347930565,0.0
strong_oscillatory,260913,persistence,70,0.5,0.25,0.23929367393922468,-1.4300637201079,0.25
strong_oscillatory,260913,persistence,71,0.75,0.25,0.07201864888439782,-2.630830181220669,0.5
strong_oscillatory,260913,persistence,72,0.5,0.25,0.23929367393922468,-1.4300637201079,0.25
strong_oscillatory,260913,persistence,73,0.25,0.25,0.3568405099268616,-1.030466347930565,0.0
strong_oscillatory,260913,persistence,74,0.25,0.25,0.3568405099268616,-1.030466347930565,0.0
strong_oscillatory,260913,persistence,75,0.75,0.25,0.07201864888439782,-2.630830181220669,0.5
strong_oscillatory,260913,persistence,76,0.75,0.25,0.07201864888439782,-2.630830181220669,0.5
strong_oscillatory,260913,persistence,77,0.5,0.25,0.23929367393922468,-1.4300637201079,0.25
strong_oscillatory,260913,persistence,78,0.25,0.25,0.3568405099268616,-1.030466347930565,0.0
strong_oscillatory,260913,persistence,79,0.5,0.25,0.23929367393922468,-1.4300637201079,0.25
strong_oscillatory,260913,ar1,60,0.25,0.5006694044585517,0.2261830643642969,-1.486410588287393,0.2506694044585517
strong_oscillatory,260913,ar1,61,0.5,0.5125023111842659,0.5040682391890892,-0.6850436248594268,0.012502311184265924
strong_oscillatory,260913,ar1,62,0.75,0.5130608862599992,0.2464719427547706,-1.4005071144735237,0.23693911374000076
strong_oscillatory,260913,ar1,63,0.5,0.5130872539245522,0.5039721846609834,-0.685234201598462,0.013087253924552233
strong_oscillatory,260913,ar1,64,0.25,0.5130884986162046,0.20839038851171102,-1.5683420905517667,0.26308849861620465
strong_oscillatory,260913,ar1,65,0.5,0.5130885573721595,0.503971965736521,-0.6852346359964636,0.013088557372159526
strong_oscillatory,260913,ar1,66,0.75,0.5130885601457479,0.24651339972943892,-1.4003389270196853,0.23691143985425211
strong_oscillatory,260913,ar1,67,0.5,0.5130885602766757,0.5039719652486598,-0.6852346369644959,0.01308856027667571
strong_oscillatory,260913,ar1,68,0.25,0.5130885602828562,0.20839030165008957,-1.5683425073734838,0.2630885602828562
strong_oscillatory,260913,ar1,69,0.25,0.513088560283148,0.20839030164967853,-1.5683425073754562,0.263088560283148
strong_oscillatory,260913,ar1,70,0.5,0.5130885602831617,0.5039719652475706,-0.6852346369666573,0.013088560283161743
strong_oscillatory,260913,ar1,71,0.75,0.5130885602831624,0.24651339993529836,-1.400338926184601,0.2369114397168376
strong_oscillatory,260913,ar1,72,0.5,0.5130885602831624,0.5039719652475705,-0.6852346369666575,0.01308856028316241
strong_oscillatory,260913,ar1,73,0.25,0.5130885602831624,0.20839030164965824,-1.5683425073755535,0.2630885602831624
strong_oscillatory,260913,ar1,74,0.25,0.5130885602831624,0.20839030164965824,-1.5683425073755535,0.2630885602831624
strong_oscillatory,260913,ar1,75,0.75,0.5130885602831624,0.24651339993529836,-1.400338926184601,0.2369114397168376
strong_oscillatory,260913,ar1,76,0.75,0.5130885602831624,0.24651339993529836,-1.400338926184601,0.2369114397168376
strong_oscillatory,260913,ar1,77,0.5,0.5130885602831624,0.5039719652475705,-0.6852346369666575,0.01308856028316241
strong_oscillatory,260913,ar1,78,0.25,0.5130885602831624,0.20839030164965824,-1.5683425073755535,0.2630885602831624
strong_oscillatory,260913,ar1,79,0.5,0.5130885602831624,0.5039719652475705,-0.6852346369666575,0.01308856028316241
strong_oscillatory,260913,quadratic_narrative_position,60,0.25,0.46823663766224594,0.27689724828159695,-1.2841087864436314,0.21823663766224594
strong_oscillatory,260913,quadratic_narrative_position,61,0.5,0.46595544572847847,0.47554770787625,-0.7432880700080564,0.03404455427152153
strong_oscillatory,260913,quadratic_narrative_position,62,0.75,0.4636208438592183,0.18529241817122502,-1.6858200630350766,0.2863791561407817
strong_oscillatory,260913,quadratic_narrative_position,63,0.5,0.4612328320544655,0.47365264497283516,-0.7472810424413386,0.038767167945534475
strong_oscillatory,260913,quadratic_narrative_position,64,0.25,0.45879141031422,0.2902330651223975,-1.2370710059378536,0.20879141031422
strong_oscillatory,260913,quadratic_narrative_position,65,0.5,0.4562965786384819,0.47141876683136713,-0.7520084784295858,0.04370342136151811
strong_oscillatory,260913,quadratic_narrative_position,66,0.75,0.45374833702725104,0.17322965976819105,-1.7531370517399112,0.29625166297274896
strong_oscillatory,260913,quadratic_narrative_position,67,0.5,0.45114668548052755,0.46881644982549786,-0.7575439521167342,0.048853314519472446
strong_oscillatory,260913,quadratic_narrative_position,68,0.25,0.44849162399831133,0.30477912313148564,-1.1881679511785488,0.19849162399831133
strong_oscillatory,260913,quadratic_narrative_position,69,0.25,0.4457831525806025,0.3085960879170783,-1.1757220160061497,0.19578315258060253
strong_oscillatory,260913,quadratic_narrative_position,70,0.5,0.443021271227401,0.4641576231440243,-0.7675310793908025,0.05697872877259902
strong_oscillatory,260913,quadratic_narrative_position,71,0.75,0.4402059799387068,0.15735580069207716,-1.8492457912508198,0.3097940200612932
strong_oscillatory,260913,quadratic_narrative_position,72,0.5,0.4373372787145199,0.46050589618589854,-0.7754296194905718,0.06266272128548012
strong_oscillatory,260913,quadratic_narrative_position,73,0.25,0.4344151675548403,0.3245350272651759,-1.1253618063977744,0.18441516755484028
strong_oscillatory,260913,quadratic_narrative_position,74,0.25,0.43143964645966804,0.3286766682159025,-1.1126807828334269,0.18143964645966804
strong_oscillatory,260913,quadratic_narrative_position,75,0.75,0.4284107154290031,0.14420591610269443,-1.9365130279084202,0.3215892845709969
strong_oscillatory,260913,quadratic_narrative_position,76,0.75,0.42532837446284555,0.1408775384037702,-1.9598642879467685,0.32467162553715445
strong_oscillatory,260913,quadratic_narrative_position,77,0.5,0.4221926235611953,0.44926511879720377,-0.8001421004685858,0.0778073764388047
strong_oscillatory,260913,quadratic_narrative_position,78,0.25,0.4190034627240524,0.3457890730180929,-1.0619263053701717,0.16900346272405242
strong_oscillatory,260913,quadratic_narrative_position,79,0.5,0.41576089195141674,0.4438577540504076,-0.8122511416408923,0.08423910804858326
strong_oscillatory,260914,rcwe,60,0.25,0.8298196050963105,0.0553495339907629,-2.8940870391806772,0.5798196050963105
strong_oscillatory,260914,rcwe,61,0.75,0.8298196050822534,0.3124667912753511,-1.1632570833713927,0.07981960508225339
strong_oscillatory,260914,rcwe,62,0.75,0.8298196050737195,0.3124667912775825,-1.1632570833642515,0.07981960507371955
strong_oscillatory,260914,rcwe,63,0.5,0.8298196050705289,0.18263668290110602,-1.7002564388774215,0.3298196050705289
strong_oscillatory,260914,rcwe,64,0.25,0.8298196050707998,0.05534953399936538,-2.894087039025256,0.5798196050707998
strong_oscillatory,260914,rcwe,65,0.5,0.8298196050725248,0.18263668289984464,-1.700256438884328,0.32981960507252484
strong_oscillatory,260914,rcwe,66,0.75,0.8298196050743177,0.31246679127742616,-1.1632570833647518,0.07981960507431773
strong_oscillatory,260914,rcwe,67,0.5,0.8298196050755362,0.18263668289794163,-1.7002564388947476,0.3298196050755362
strong_oscillatory,260914,rcwe,68,0.25,0.8298196050760877,0.055349533997582294,-2.8940870390574713,0.5798196050760877
strong_oscillatory,260914,rcwe,69,0.25,0.829819605076155,0.055349533997559555,-2.894087039057882,0.579819605076155
strong_oscillatory,260914,rcwe,70,0.75,0.8298196050759837,0.31246679127699045,-1.1632570833661462,0.07981960507598373
strong_oscillatory,260914,rcwe,71,0.75,0.8298196050757635,0.312466791277048,-1.163257083365962,0.07981960507576347
strong_oscillatory,260914,rcwe,72,0.75,0.8298196050755958,0.31246679127709187,-1.1632570833658216,0.07981960507559582
strong_oscillatory,260914,rcwe,73,0.25,0.829819605075508,0.05534953399777773,-2.8940870390539404,0.579819605075508
strong_oscillatory,260914,rcwe,74,0.5,0.8298196050754856,0.18263668289797352,-1.7002564388945731,0.3298196050754856
strong_oscillatory,260914,rcwe,75,0.75,0.8298196050754999,0.3124667912771171,-1.163257083365741,0.0798196050754999
strong_oscillatory,260914,rcwe,76,0.75,0.8298196050755258,0.3124667912771103,-1.1632570833657627,0.07981960507552577
strong_oscillatory,260914,rcwe,77,0.5,0.8298196050755481,0.18263668289793417,-1.7002564388947885,0.3298196050755481
strong_oscillatory,260914,rcwe,78,0.25,0.8298196050755611,0.05534953399775983,-2.8940870390542637,0.5798196050755611
strong_oscillatory,260914,rcwe,79,0.5,0.8298196050755658,0.18263668289792273,-1.7002564388948511,0.32981960507556585
strong_oscillatory,260914,persistence,60,0.25,0.5,0.24108033088883452,-1.4226250778411305,0.25
strong_oscillatory,260914,persistence,61,0.75,0.5,0.24108033088883452,-1.4226250778411305,0.25
strong_oscillatory,260914,persistence,62,0.75,0.5,0.24108033088883452,-1.4226250778411305,0.25
strong_oscillatory,260914,persistence,63,0.5,0.5,0.3732383410849673,-0.9855380792597607,0.0
strong_oscillatory,260914,persistence,64,0.25,0.5,0.24108033088883452,-1.4226250778411305,0.25
strong_oscillatory,260914,persistence,65,0.5,0.5,0.3732383410849673,-0.9855380792597607,0.0
strong_oscillatory,260914,persistence,66,0.75,0.5,0.24108033088883452,-1.4226250778411305,0.25
strong_oscillatory,260914,persistence,67,0.5,0.5,0.3732383410849673,-0.9855380792597607,0.0
strong_oscillatory,260914,persistence,68,0.25,0.5,0.24108033088883452,-1.4226250778411305,0.25
strong_oscillatory,260914,persistence,69,0.25,0.5,0.24108033088883452,-1.4226250778411305,0.25
strong_oscillatory,260914,persistence,70,0.75,0.5,0.24108033088883452,-1.4226250778411305,0.25
strong_oscillatory,260914,persistence,71,0.75,0.5,0.24108033088883452,-1.4226250778411305,0.25
strong_oscillatory,260914,persistence,72,0.75,0.5,0.24108033088883452,-1.4226250778411305,0.25
strong_oscillatory,260914,persistence,73,0.25,0.5,0.24108033088883452,-1.4226250778411305,0.25
strong_oscillatory,260914,persistence,74,0.5,0.5,0.3732383410849673,-0.9855380792597607,0.0
strong_oscillatory,260914,persistence,75,0.75,0.5,0.24108033088883452,-1.4226250778411305,0.25
strong_oscillatory,260914,persistence,76,0.75,0.5,0.24108033088883452,-1.4226250778411305,0.25
strong_oscillatory,260914,persistence,77,0.5,0.5,0.3732383410849673,-0.9855380792597607,0.0
strong_oscillatory,260914,persistence,78,0.25,0.5,0.24108033088883452,-1.4226250778411305,0.25
strong_oscillatory,260914,persistence,79,0.5,0.5,0.3732383410849673,-0.9855380792597607,0.0
strong_oscillatory,260914,ar1,60,0.25,0.5323197892208107,0.1767981352517865,-1.7327466760526185,0.2823197892208107
strong_oscillatory,260914,ar1,61,0.75,0.5340842425317799,0.276849073415617,-1.2842827826011276,0.21591575746822012
strong_oscillatory,260914,ar1,62,0.75,0.5341805703718323,0.277004809634248,-1.2837204096450046,0.2158194296281677
strong_oscillatory,260914,ar1,63,0.5,0.534185829254406,0.5107682766415924,-0.6718392619959178,0.03418582925440605
strong_oscillatory,260914,ar1,64,0.25,0.5341861163556834,0.1742764226148258,-1.747112604597083,0.28418611635568336
strong_oscillatory,260914,ar1,65,0.5,0.5341861320295727,0.5107681346885032,-0.6718395399166801,0.03418613202957266
strong_oscillatory,260914,ar1,66,0.75,0.5341861328852666,0.2770138032454077,-1.283687942825474,0.21581386711473338
strong_oscillatory,260914,ar1,67,0.5,0.534186132931982,0.510768134265416,-0.6718395407450155,0.03418613293198203
strong_oscillatory,260914,ar1,68,0.25,0.5341861329345323,0.17427640029973157,-1.7471127326413436,0.2841861329345323
strong_oscillatory,260914,ar1,69,0.25,0.5341861329346715,0.17427640029954408,-1.7471127326424194,0.28418613293467154
strong_oscillatory,260914,ar1,70,0.75,0.5341861329346792,0.27701380332529946,-1.2836879425370704,0.2158138670653208
strong_oscillatory,260914,ar1,71,0.75,0.5341861329346796,0.2770138033253001,-1.283687942537068,0.21581386706532035
strong_oscillatory,260914,ar1,72,0.75,0.5341861329346796,0.2770138033253001,-1.283687942537068,0.21581386706532035
strong_oscillatory,260914,ar1,73,0.25,0.5341861329346796,0.17427640029953326,-1.7471127326424816,0.28418613293467965
strong_oscillatory,260914,ar1,74,0.5,0.5341861329346796,0.510768134264151,-0.671839540747492,0.03418613293467965
strong_oscillatory,260914,ar1,75,0.75,0.5341861329346796,0.2770138033253001,-1.283687942537068,0.21581386706532035
strong_oscillatory,260914,ar1,76,0.75,0.5341861329346796,0.2770138033253001,-1.283687942537068,0.21581386706532035
strong_oscillatory,260914,ar1,77,0.5,0.5341861329346796,0.510768134264151,-0.671839540747492,0.03418613293467965
strong_oscillatory,260914,ar1,78,0.25,0.5341861329346796,0.17427640029953326,-1.7471127326424816,0.28418613293467965
strong_oscillatory,260914,ar1,79,0.5,0.5341861329346796,0.510768134264151,-0.671839540747492,0.03418613293467965
strong_oscillatory,260914,quadratic_narrative_position,60,0.25,0.5299382416996863,0.182039029505361,-1.7035341670643374,0.2799382416996863
strong_oscillatory,260914,quadratic_narrative_position,61,0.75,0.5293321298636005,0.2699789824035509,-1.3094111659634935,0.22066787013639955
strong_oscillatory,260914,quadratic_narrative_position,62,0.75,0.5286956277874144,0.26897402614253946,-1.3131404611331654,0.2213043722125856
strong_oscillatory,260914,quadratic_narrative_position,63,0.5,0.5280287354711283,0.5083841976482805,-0.6765178226670604,0.028028735471128274
strong_oscillatory,260914,quadratic_narrative_position,64,0.25,0.5273314529147417,0.1855924815928401,-1.6842019681098015,0.2773314529147417
strong_oscillatory,260914,quadratic_narrative_position,65,0.5,0.526603780118255,0.5089054005891658,-0.675493133163908,0.026603780118255038
strong_oscillatory,260914,quadratic_narrative_position,66,0.75,0.5258457170816682,0.2644847330767757,-1.3299717492862184,0.22415428291833184
strong_oscillatory,260914,quadratic_narrative_position,67,0.5,0.5250572638049811,0.5094408488901188,-0.6744415294474482,0.025057263804981078
strong_oscillatory,260914,quadratic_narrative_position,68,0.25,0.5242384202881937,0.18985341534837105,-1.6615030027459858,0.2742384202881937
strong_oscillatory,260914,quadratic_narrative_position,69,0.25,0.5233891865313063,0.19103165830353422,-1.6553161143902833,0.2733891865313063
strong_oscillatory,260914,quadratic_narrative_position,70,0.75,0.5225095625343185,0.25925265244905465,-1.3499522006845126,0.22749043746568154
strong_oscillatory,260914,quadratic_narrative_position,71,0.75,0.5215995482972305,0.2578301339517587,-1.3554543064338613,0.22840045170276946
strong_oscillatory,260914,quadratic_narrative_position,72,0.75,0.5206591438200424,0.25636230839161556,-1.36116356789447,0.2293408561799576
strong_oscillatory,260914,quadratic_narrative_position,73,0.25,0.519688349102754,0.19620742536424435,-1.6285828866738197,0.26968834910275397
strong_oscillatory,260914,quadratic_narrative_position,74,0.5,0.5186871641453654,0.5113127441594009,-0.6707738521933099,0.01868716414536542
strong_oscillatory,260914,quadratic_narrative_position,75,0.75,0.5176555889478766,0.2516898325433765,-1.3795577727963175,0.23234441105212345
strong_oscillatory,260914,quadratic_narrative_position,76,0.75,0.5165936235102876,0.25004371402150893,-1.3861195203193986,0.2334063764897124
strong_oscillatory,260914,quadratic_narrative_position,77,0.5,0.5155012678325984,0.512046273733975,-0.6693402796398397,0.01550126783259842
strong_oscillatory,260914,quadratic_narrative_position,78,0.25,0.5143785219148089,0.20374717436867862,-1.590875395086513,0.26437852191480893
strong_oscillatory,260914,quadratic_narrative_position,79,0.5,0.5132253857569192,0.5124870657767905,-0.6684798057967465,0.013225385756919228
strong_oscillatory,260915,rcwe,60,0.5,0.37676458140870095,0.4557208902395812,-0.785874739674842,0.12323541859129905
strong_oscillatory,260915,rcwe,61,0.75,0.37676252611368316,0.04852317762462626,-3.0257137060238093,0.37323747388631684
strong_oscillatory,260915,rcwe,62,0.75,0.376764668964395,0.04852460383244526,-3.025684314155233,0.373235331035605
strong_oscillatory,260915,rcwe,63,0.5,0.37676557912231334,0.4557228688675908,-0.785870397930242,0.12323442087768666
strong_oscillatory,260915,rcwe,64,0.25,0.3767639681863812,0.44867669314113906,-0.8014527104267581,0.1267639681863812
strong_oscillatory,260915,rcwe,65,0.5,0.37676370451821795,0.45571915121714135,-0.7858785556635208,0.12323629548178205
strong_oscillatory,260915,rcwe,66,0.5,0.3767648270266746,0.4557213773405918,-0.7858736708172128,0.12323517297332542
strong_oscillatory,260915,rcwe,67,0.75,0.37676476533147824,0.048524667971844786,-3.0256829923647994,0.37323523466852176
strong_oscillatory,260915,rcwe,68,0.25,0.37676403483219423,0.4486765592385614,-0.8014530088657001,0.12676403483219423
strong_oscillatory,260915,rcwe,69,0.25,0.37676422949658045,0.44867616812509314,-0.8014538805707864,0.12676422949658045
strong_oscillatory,260915,rcwe,70,0.5,0.37676467235441363,0.455721070600005,-0.7858743439054314,0.12323532764558637
strong_oscillatory,260915,rcwe,71,1.0,0.37676445017919064,0.0004475620971577252,-7.711695265278012,0.6232355498208093
strong_oscillatory,260915,rcwe,72,0.5,0.37676420363151614,0.4557201410441224,-0.7858763836549417,0.12323579636848386
strong_oscillatory,260915,rcwe,73,0.25,0.3767644026968711,0.4486758201363749,-0.801454656161018,0.12676440269687111
strong_oscillatory,260915,rcwe,74,0.25,0.37676452408502775,0.4486755762468828,-0.801455199737354,0.12676452408502775
strong_oscillatory,260915,rcwe,75,0.75,0.37676436667767155,0.048524402638777143,-3.025688460383524,0.37323563332232845
strong_oscillatory,260915,rcwe,76,0.75,0.376764319417635,0.048524371183865815,-3.025689108612452,0.373235680582365
strong_oscillatory,260915,rcwe,77,0.25,0.37676443362589696,0.44867575799470144,-0.801454794661189,0.12676443362589696
strong_oscillatory,260915,rcwe,78,0.25,0.37676444088274647,0.44867574341445543,-0.8014548271573646,0.12676444088274647
strong_oscillatory,260915,rcwe,79,0.5,0.37676436370954436,0.4557204585058091,-0.7858756870397441,0.12323563629045564
strong_oscillatory,260915,persistence,60,0.5,0.25,0.2421152704874283,-1.4183413419036566,0.25
strong_oscillatory,260915,persistence,61,0.75,0.25,0.05589013595594843,-2.8843673731404467,0.5
strong_oscillatory,260915,persistence,62,0.75,0.25,0.05589013595594843,-2.8843673731404467,0.5
strong_oscillatory,260915,persistence,63,0.5,0.25,0.2421152704874283,-1.4183413419036566,0.25
strong_oscillatory,260915,persistence,64,0.25,0.25,0.39409976606202674,-0.9311511883818964,0.0
strong_oscillatory,260915,persistence,65,0.5,0.25,0.2421152704874283,-1.4183413419036566,0.25
strong_oscillatory,260915,persistence,66,0.5,0.25,0.2421152704874283,-1.4183413419036566,0.25
strong_oscillatory,260915,persistence,67,0.75,0.25,0.05589013595594843,-2.8843673731404467,0.5
strong_oscillatory,260915,persistence,68,0.25,0.25,0.39409976606202674,-0.9311511883818964,0.0
strong_oscillatory,260915,persistence,69,0.25,0.25,0.39409976606202674,-0.9311511883818964,0.0
strong_oscillatory,260915,persistence,70,0.5,0.25,0.2421152704874283,-1.4183413419036566,0.25
strong_oscillatory,260915,persistence,71,1.0,0.25,0.0049447105256099026,-5.3094368544257975,0.75
strong_oscillatory,260915,persistence,72,0.5,0.25,0.2421152704874283,-1.4183413419036566,0.25
strong_oscillatory,260915,persistence,73,0.25,0.25,0.39409976606202674,-0.9311511883818964,0.0
strong_oscillatory,260915,persistence,74,0.25,0.25,0.39409976606202674,-0.9311511883818964,0.0
strong_oscillatory,260915,persistence,75,0.75,0.25,0.05589013595594843,-2.8843673731404467,0.5
strong_oscillatory,260915,persistence,76,0.75,0.25,0.05589013595594843,-2.8843673731404467,0.5
strong_oscillatory,260915,persistence,77,0.25,0.25,0.39409976606202674,-0.9311511883818964,0.0
strong_oscillatory,260915,persistence,78,0.25,0.25,0.39409976606202674,-0.9311511883818964,0.0
strong_oscillatory,260915,persistence,79,0.5,0.25,0.2421152704874283,-1.4183413419036566,0.25
strong_oscillatory,260915,ar1,60,0.5,0.47588451333239157,0.5192022907371693,-0.6554617015504312,0.024115486667608432
strong_oscillatory,260915,ar1,61,0.75,0.5072581094109311,0.23317161273708106,-1.455980561173207,0.24274189058906892
strong_oscillatory,260915,ar1,62,0.75,0.5116156570638369,0.2400079898449731,-1.4270830651735582,0.23838434293616306
strong_oscillatory,260915,ar1,63,0.5,0.5122208864261265,0.5222750268340084,-0.6495609585179465,0.01222088642612651
strong_oscillatory,260915,ar1,64,0.25,0.5123049480612835,0.203459444520343,-1.5922885837866678,0.26230494806128346
strong_oscillatory,260915,ar1,65,0.5,0.5123166235663821,0.5222582773394705,-0.6495930292895962,0.012316623566382079
strong_oscillatory,260915,ar1,66,0.5,0.5123182452029236,0.5222579925082758,-0.6495935746735274,0.012318245202923572
strong_oscillatory,260915,ar1,67,0.75,0.5123184704355838,0.24111719675390508,-1.4224721701092198,0.23768152956441624
strong_oscillatory,260915,ar1,68,0.25,0.5123185017186425,0.2034394718791544,-1.5923867538254646,0.26231850171864246
strong_oscillatory,260915,ar1,69,0.25,0.5123185060636153,0.20343946547655706,-1.5923867852972207,0.2623185060636153
strong_oscillatory,260915,ar1,70,0.5,0.5123185066670981,0.522257946580091,-0.6495936626150955,0.012318506667098106
strong_oscillatory,260915,ar1,71,1.0,0.5123185067509171,0.019465106474179813,-3.9391318279023224,0.48768149324908294
strong_oscillatory,260915,ar1,72,0.5,0.5123185067625589,0.5222579465633224,-0.6495936626472034,0.012318506762558856
strong_oscillatory,260915,ar1,73,0.25,0.5123185067641759,0.20343946444423586,-1.5923867903715616,0.2623185067641759
strong_oscillatory,260915,ar1,74,0.25,0.5123185067644005,0.20343946444390487,-1.5923867903731885,0.2623185067644005
strong_oscillatory,260915,ar1,75,0.75,0.5123185067644317,0.2411172541354556,-1.4224719321272572,0.2376814932355683
strong_oscillatory,260915,ar1,76,0.75,0.512318506764436,0.24111725413546245,-1.4224719321272288,0.23768149323556398
strong_oscillatory,260915,ar1,77,0.25,0.5123185067644366,0.20343946444385172,-1.5923867903734499,0.2623185067644366
strong_oscillatory,260915,ar1,78,0.25,0.5123185067644367,0.20343946444385158,-1.5923867903734505,0.2623185067644367
strong_oscillatory,260915,ar1,79,0.5,0.5123185067644367,0.5222579465629925,-0.649593662647835,0.012318506764436687
strong_oscillatory,260915,quadratic_narrative_position,60,0.5,0.433463856386164,0.4896506292708078,-0.7140631436720609,0.06653614361383597
strong_oscillatory,260915,quadratic_narrative_position,61,0.75,0.42722843926410403,0.12630471717195815,-2.069057901376526,0.32277156073589597
strong_oscillatory,260915,quadratic_narrative_position,62,0.75,0.42080965234498535,0.11927538037447273,-2.1263203385305744,0.32919034765501465
strong_oscillatory,260915,quadratic_narrative_position,63,0.5,0.4142074956288079,0.47066458512855347,-0.7536095721382408,0.08579250437119212
strong_oscillatory,260915,quadratic_narrative_position,64,0.25,0.4074219691155718,0.37199343414300434,-0.9888790750179705,0.15742196911557182
strong_oscillatory,260915,quadratic_narrative_position,65,0.5,0.40045307280527687,0.4547561204417161,-0.7879940027592123,0.09954692719472313
strong_oscillatory,260915,quadratic_narrative_position,66,0.5,0.39330080669792333,0.4457944118936642,-0.8078973931164152,0.10669919330207667
strong_oscillatory,260915,quadratic_narrative_position,67,0.75,0.38596517079351106,0.0856540229051024,-2.4574390861953215,0.36403482920648894
strong_oscillatory,260915,quadratic_narrative_position,68,0.25,0.3784461650920401,0.41605722742355633,-0.8769324622601872,0.1284461650920401
strong_oscillatory,260915,quadratic_narrative_position,69,0.25,0.37074378959351045,0.4269816231244224,-0.8510143038589771,0.12074378959351045
strong_oscillatory,260915,quadratic_narrative_position,70,0.5,0.36285804429792207,0.4032777445912054,-0.9081297618855575,0.13714195570207793
strong_oscillatory,260915,quadratic_narrative_position,71,1.0,0.35478892920527494,0.0016532262848718048,-6.4050265760629355,0.6452110707947251
strong_oscillatory,260915,quadratic_narrative_position,72,0.5,0.3465364443155692,0.37823555929906105,-0.9722381047052172,0.15346355568443082
strong_oscillatory,260915,quadratic_narrative_position,73,0.25,0.3381005896288046,0.4681239379427093,-0.7590221934604432,0.08810058962880463
strong_oscillatory,260915,quadratic_narrative_position,74,0.25,0.3294813651449813,0.477331146718377,-0.739544801037403,0.07948136514498128
strong_oscillatory,260915,quadratic_narrative_position,75,0.75,0.32067877086409935,0.041975307684267826,-3.1706737458662957,0.42932122913590065
strong_oscillatory,260915,quadratic_narrative_position,76,0.75,0.31169280678615874,0.037688841790683776,-3.278391202058954,0.43830719321384126
strong_oscillatory,260915,quadratic_narrative_position,77,0.25,0.3025234729111594,0.5007844811727026,-0.6915794477500654,0.052523472911159386
strong_oscillatory,260915,quadratic_narrative_position,78,0.25,0.29317076923910135,0.5068599896808641,-0.6795204680042357,0.04317076923910135
strong_oscillatory,260915,quadratic_narrative_position,79,0.5,0.28363469576998457,0.27599972787304244,-1.2873553992327107,0.21636530423001543
strong_oscillatory,260916,rcwe,60,0.5,0.34924530422018085,0.3900334654819284,-0.9415227346117989,0.15075469577981915
strong_oscillatory,260916,rcwe,61,0.5,0.4046228928961582,0.47871311781246734,-0.7366537799667174,0.09537710710384179
strong_oscillatory,260916,rcwe,62,0.5,0.5702841112580677,0.5095094942744022,-0.6743067919995483,0.07028411125806766
strong_oscillatory,260916,rcwe,63,0.5,0.5909264747080748,0.48470608857200675,-0.7242125746829706,0.0909264747080748
strong_oscillatory,260916,rcwe,64,0.25,0.4303179278474083,0.3365400782813963,-1.0890380336273493,0.1803179278474083
strong_oscillatory,260916,rcwe,65,0.5,0.3454427381995195,0.38327475162755303,-0.9590031798125644,0.15455726180048052
strong_oscillatory,260916,rcwe,66,0.75,0.4600899342766143,0.15399099112319767,-1.870861177479668,0.2899100657233857
strong_oscillatory,260916,rcwe,67,0.75,0.6025147606409241,0.39580057924407547,-0.9268447823380487,0.14748523935907587
strong_oscillatory,260916,rcwe,68,0.25,0.5485326522188375,0.14251988268664903,-1.9482737613808985,0.2985326522188375
strong_oscillatory,260916,rcwe,69,0.25,0.37861761770119273,0.42806327942275535,-0.8484842452103567,0.12861761770119273
strong_oscillatory,260916,rcwe,70,0.5,0.3662179448542957,0.41942972919579286,-0.8688592779626612,0.1337820551457043
strong_oscillatory,260916,rcwe,71,0.75,0.5200758175278873,0.24739142734205846,-1.3967834706262983,0.22992418247211266
strong_oscillatory,260916,rcwe,72,0.5,0.6086641967486426,0.45962237170138165,-0.7773500577314013,0.10866419674864258
strong_oscillatory,260916,rcwe,73,0.25,0.49014750493082143,0.23000565766815514,-1.469651371804285,0.24014750493082143
strong_oscillatory,260916,rcwe,74,0.5,0.3495929739090571,0.390648754141822,-0.9399464497372966,0.15040702609094292
strong_oscillatory,260916,rcwe,75,0.5,0.40749368741804265,0.48260320581208177,-0.7285604830198961,0.09250631258195735
strong_oscillatory,260916,rcwe,76,0.75,0.5715125014804053,0.3398913899142926,-1.0791291538327625,0.17848749851959467
strong_oscillatory,260916,rcwe,77,0.25,0.5886057784199941,0.09643274680229255,-2.338909437930423,0.33860577841999406
strong_oscillatory,260916,rcwe,78,0.25,0.4279241508098122,0.34092248135636793,-1.076100154942091,0.17792415080981222
strong_oscillatory,260916,rcwe,79,0.5,0.34668185963156223,0.38548284918657566,-0.9532585767568428,0.15331814036843777
strong_oscillatory,260916,persistence,60,0.5,0.25,0.2419963216883049,-1.41883275257607,0.25
strong_oscillatory,260916,persistence,61,0.5,0.25,0.2419963216883049,-1.41883275257607,0.25
strong_oscillatory,260916,persistence,62,0.5,0.25,0.2419963216883049,-1.41883275257607,0.25
strong_oscillatory,260916,persistence,63,0.5,0.25,0.2419963216883049,-1.41883275257607,0.25
strong_oscillatory,260916,persistence,64,0.25,0.25,0.38927005981454865,-0.9434819350691086,0.0
strong_oscillatory,260916,persistence,65,0.5,0.25,0.2419963216883049,-1.41883275257607,0.25
strong_oscillatory,260916,persistence,66,0.75,0.25,0.05790724827609407,-2.848912716122701,0.5
strong_oscillatory,260916,persistence,67,0.75,0.25,0.05790724827609407,-2.848912716122701,0.5
strong_oscillatory,260916,persistence,68,0.25,0.25,0.38927005981454865,-0.9434819350691086,0.0
strong_oscillatory,260916,persistence,69,0.25,0.25,0.38927005981454865,-0.9434819350691086,0.0
strong_oscillatory,260916,persistence,70,0.5,0.25,0.2419963216883049,-1.41883275257607,0.25
strong_oscillatory,260916,persistence,71,0.75,0.25,0.05790724827609407,-2.848912716122701,0.5
strong_oscillatory,260916,persistence,72,0.5,0.25,0.2419963216883049,-1.41883275257607,0.25
strong_oscillatory,260916,persistence,73,0.25,0.25,0.38927005981454865,-0.9434819350691086,0.0
strong_oscillatory,260916,persistence,74,0.5,0.25,0.2419963216883049,-1.41883275257607,0.25
strong_oscillatory,260916,persistence,75,0.5,0.25,0.2419963216883049,-1.41883275257607,0.25
strong_oscillatory,260916,persistence,76,0.75,0.25,0.05790724827609407,-2.848912716122701,0.5
strong_oscillatory,260916,persistence,77,0.25,0.25,0.38927005981454865,-0.9434819350691086,0.0
strong_oscillatory,260916,persistence,78,0.25,0.25,0.38927005981454865,-0.9434819350691086,0.0
strong_oscillatory,260916,persistence,79,0.5,0.25,0.2419963216883049,-1.41883275257607,0.25
strong_oscillatory,260916,ar1,60,0.5,0.4679152107340739,0.5155008758459046,-0.6626162765044422,0.03208478926592612
strong_oscillatory,260916,ar1,61,0.5,0.49265230794595566,0.5223975544449547,-0.6493263824149571,0.007347692054044341
strong_oscillatory,260916,ar1,62,0.5,0.4954603908531045,0.5226351687705552,-0.6488716323876773,0.004539609146895496
strong_oscillatory,260916,ar1,63,0.5,0.4957791562096813,0.5226550518068228,-0.6488335892951875,0.0042208437903186735
strong_oscillatory,260916,ar1,64,0.25,0.4958153415204123,0.22855343604590014,-1.4759852402071338,0.2458153415204123
strong_oscillatory,260916,ar1,65,0.5,0.49581944917102644,0.5226574621270199,-0.6488289776213292,0.0041805508289735616
strong_oscillatory,260916,ar1,66,0.75,0.4958199154595072,0.21576874587870956,-1.5335480657538498,0.2541800845404928
strong_oscillatory,260916,ar1,67,0.75,0.49581996839121145,0.21576882581342904,-1.5335476952891454,0.25418003160878855
strong_oscillatory,260916,ar1,68,0.25,0.49581997439986364,0.22854627358897775,-1.4760165789140811,0.24581997439986364
strong_oscillatory,260916,ar1,69,0.25,0.49581997508194825,0.22854627253447757,-1.4760165835280272,0.24581997508194825
strong_oscillatory,260916,ar1,70,0.5,0.4958199751593765,0.5226574934387798,-0.6488289177125721,0.00418002484062352
strong_oscillatory,260916,ar1,71,0.75,0.49581997516816595,0.2157688360476359,-1.5335476478577958,0.25418002483183405
strong_oscillatory,260916,ar1,72,0.5,0.4958199751691637,0.5226574934393623,-0.6488289177114577,0.004180024830836293
strong_oscillatory,260916,ar1,73,0.25,0.49581997516927695,0.2285462723994677,-1.4760165841187605,0.24581997516927695
strong_oscillatory,260916,ar1,74,0.5,0.4958199751692898,0.5226574934393697,-0.6488289177114434,0.004180024830710227
strong_oscillatory,260916,ar1,75,0.5,0.49581997516929127,0.5226574934393698,-0.6488289177114432,0.0041800248307087284
strong_oscillatory,260916,ar1,76,0.75,0.49581997516929144,0.21576883604933542,-1.5335476478499193,0.25418002483070856
strong_oscillatory,260916,ar1,77,0.25,0.49581997516929144,0.22854627239944525,-1.4760165841188586,0.24581997516929144
strong_oscillatory,260916,ar1,78,0.25,0.49581997516929144,0.22854627239944525,-1.4760165841188586,0.24581997516929144
strong_oscillatory,260916,ar1,79,0.5,0.49581997516929144,0.52265749343937,-0.648828917711443,0.004180024830708562
strong_oscillatory,260916,quadratic_narrative_position,60,0.5,0.5267529685362512,0.5131088047913004,-0.6672673611906083,0.026752968536251198
strong_oscillatory,260916,quadratic_narrative_position,61,0.5,0.5299213980829283,0.5118771093715313,-0.6696707035109496,0.029921398082928263
strong_oscillatory,260916,quadratic_narrative_position,62,0.5,0.5331875503730716,0.5104668692577099,-0.6724295420971156,0.03318755037307164
strong_oscillatory,260916,quadratic_narrative_position,63,0.5,0.5365514254066813,0.5088665146169196,-0.6755695470866822,0.036551425406681326
strong_oscillatory,260916,quadratic_narrative_position,64,0.25,0.5400130231837573,0.16685595890279412,-1.7906243602912681,0.2900130231837573
strong_oscillatory,260916,quadratic_narrative_position,65,0.5,0.5435723437042995,0.5050491038661928,-0.6830996190552306,0.04357234370429952
strong_oscillatory,260916,quadratic_narrative_position,66,0.75,0.5472293869683081,0.29827488527332285,-1.2097397838542492,0.20277061303169186
strong_oscillatory,260916,quadratic_narrative_position,67,0.75,0.550984152975783,0.3043972950221676,-1.1894215392950367,0.19901584702421704
strong_oscillatory,260916,quadratic_narrative_position,68,0.25,0.5548366417267241,0.1480516539511515,-1.9101940529254997,0.3048366417267241
strong_oscillatory,260916,quadratic_narrative_position,69,0.25,0.5587868532211315,0.14326100487867396,-1.9430871034502386,0.30878685322113153
strong_oscillatory,260916,quadratic_narrative_position,70,0.5,0.5628347874590053,0.49137783962501885,-0.710541916320115,0.06283478745900528
strong_oscillatory,260916,quadratic_narrative_position,71,0.75,0.5669804444403453,0.33049524562022153,-1.1071630052092332,0.18301955555965466
strong_oscillatory,260916,quadratic_narrative_position,72,0.5,0.5712238241651517,0.48403255260323086,-0.725603117082494,0.07122382416515172
strong_oscillatory,260916,quadratic_narrative_position,73,0.25,0.5755649266334244,0.12397958122315739,-2.087638394491473,0.3255649266334244
strong_oscillatory,260916,quadratic_narrative_position,74,0.5,0.5800037518451634,0.47549996002576433,-0.7433884810644887,0.0800037518451634
strong_oscillatory,260916,quadratic_narrative_position,75,0.5,0.5845402998003686,0.4707684096109401,-0.7533890052293101,0.08454029980036859
strong_oscillatory,260916,quadratic_narrative_position,76,0.75,0.5891745704990402,0.3662093365729259,-1.0045501512367947,0.1608254295009598
strong_oscillatory,260916,quadratic_narrative_position,77,0.25,0.593906563941178,0.10491003254717285,-2.254652128999797,0.343906563941178
strong_oscillatory,260916,quadratic_narrative_position,78,0.25,0.5987362801267821,0.10023914250848132,-2.3001965228155767,0.34873628012678215
strong_oscillatory,260916,quadratic_narrative_position,79,0.5,0.6036637190558526,0.4485997463904235,-0.8016242222318477,0.10366371905585259
strong_oscillatory,260917,rcwe,60,0.25,0.8298196050963105,0.0553495339907629,-2.8940870391806772,0.5798196050963105
strong_oscillatory,260917,rcwe,61,0.5,0.8298196050822534,0.1826366828936967,-1.7002564389179902,0.3298196050822534
strong_oscillatory,260917,rcwe,62,0.75,0.8298196050737195,0.3124667912775825,-1.1632570833642515,0.07981960507371955
strong_oscillatory,260917,rcwe,63,0.5,0.8298196050705289,0.18263668290110602,-1.7002564388774215,0.3298196050705289
strong_oscillatory,260917,rcwe,64,0.25,0.8298196050707998,0.05534953399936538,-2.894087039025256,0.5798196050707998
strong_oscillatory,260917,rcwe,65,0.5,0.8298196050725248,0.18263668289984464,-1.700256438884328,0.32981960507252484
strong_oscillatory,260917,rcwe,66,0.75,0.8298196050743177,0.31246679127742616,-1.1632570833647518,0.07981960507431773
strong_oscillatory,260917,rcwe,67,0.5,0.8298196050755362,0.18263668289794163,-1.7002564388947476,0.3298196050755362
strong_oscillatory,260917,rcwe,68,0.5,0.8298196050760877,0.18263668289759305,-1.7002564388966563,0.32981960507608765
strong_oscillatory,260917,rcwe,69,0.25,0.829819605076155,0.055349533997559555,-2.894087039057882,0.579819605076155
strong_oscillatory,260917,rcwe,70,0.5,0.8298196050759837,0.18263668289765875,-1.7002564388962966,0.32981960507598373
strong_oscillatory,260917,rcwe,71,0.75,0.8298196050757635,0.312466791277048,-1.163257083365962,0.07981960507576347
strong_oscillatory,260917,rcwe,72,0.5,0.8298196050755958,0.18263668289790388,-1.7002564388949544,0.3298196050755958
strong_oscillatory,260917,rcwe,73,0.25,0.829819605075508,0.05534953399777773,-2.8940870390539404,0.579819605075508
strong_oscillatory,260917,rcwe,74,0.25,0.8298196050754856,0.0553495339977853,-2.8940870390538036,0.5798196050754856
strong_oscillatory,260917,rcwe,75,0.75,0.8298196050754999,0.3124667912771171,-1.163257083365741,0.0798196050754999
strong_oscillatory,260917,rcwe,76,0.75,0.8298196050755258,0.3124667912771103,-1.1632570833657627,0.07981960507552577
strong_oscillatory,260917,rcwe,77,0.5,0.8298196050755481,0.18263668289793417,-1.7002564388947885,0.3298196050755481
strong_oscillatory,260917,rcwe,78,0.25,0.8298196050755611,0.05534953399775983,-2.8940870390542637,0.5798196050755611
strong_oscillatory,260917,rcwe,79,0.5,0.8298196050755658,0.18263668289792273,-1.7002564388948511,0.32981960507556585
strong_oscillatory,260917,persistence,60,0.25,0.25,0.36522554604122615,-1.0072401818829433,0.0
strong_oscillatory,260917,persistence,61,0.5,0.25,0.24031624207537272,-1.4257995476983496,0.25
strong_oscillatory,260917,persistence,62,0.75,0.25,0.0682985973015689,-2.683866049928601,0.5
strong_oscillatory,260917,persistence,63,0.5,0.25,0.24031624207537272,-1.4257995476983496,0.25
strong_oscillatory,260917,persistence,64,0.25,0.25,0.36522554604122615,-1.0072401818829433,0.0
strong_oscillatory,260917,persistence,65,0.5,0.25,0.24031624207537272,-1.4257995476983496,0.25
strong_oscillatory,260917,persistence,66,0.75,0.25,0.0682985973015689,-2.683866049928601,0.5
strong_oscillatory,260917,persistence,67,0.5,0.25,0.24031624207537272,-1.4257995476983496,0.25
strong_oscillatory,260917,persistence,68,0.5,0.25,0.24031624207537272,-1.4257995476983496,0.25
strong_oscillatory,260917,persistence,69,0.25,0.25,0.36522554604122615,-1.0072401818829433,0.0
strong_oscillatory,260917,persistence,70,0.5,0.25,0.24031624207537272,-1.4257995476983496,0.25
strong_oscillatory,260917,persistence,71,0.75,0.25,0.0682985973015689,-2.683866049928601,0.5
strong_oscillatory,260917,persistence,72,0.5,0.25,0.24031624207537272,-1.4257995476983496,0.25
strong_oscillatory,260917,persistence,73,0.25,0.25,0.36522554604122615,-1.0072401818829433,0.0
strong_oscillatory,260917,persistence,74,0.25,0.25,0.36522554604122615,-1.0072401818829433,0.0
strong_oscillatory,260917,persistence,75,0.75,0.25,0.0682985973015689,-2.683866049928601,0.5
strong_oscillatory,260917,persistence,76,0.75,0.25,0.0682985973015689,-2.683866049928601,0.5
strong_oscillatory,260917,persistence,77,0.5,0.25,0.24031624207537272,-1.4257995476983496,0.25
strong_oscillatory,260917,persistence,78,0.25,0.25,0.36522554604122615,-1.0072401818829433,0.0
strong_oscillatory,260917,persistence,79,0.5,0.25,0.24031624207537272,-1.4257995476983496,0.25
strong_oscillatory,260917,ar1,60,0.25,0.47719602502238617,0.26356095884887065,-1.3334705948763932,0.22719602502238617
strong_oscillatory,260917,ar1,61,0.5,0.5048882583464138,0.48826836197650414,-0.7168901021977263,0.004888258346413821
strong_oscillatory,260917,ar1,62,0.75,0.5082635805440484,0.24287683881249872,-1.4152008002890089,0.2417364194559516
strong_oscillatory,260917,ar1,63,0.5,0.5086749883133148,0.48796958910318966,-0.7175021924822971,0.008674988313314813
strong_oscillatory,260917,ar1,64,0.25,0.5087251335565546,0.21932730166243503,-1.5171901367223553,0.2587251335565546
strong_oscillatory,260917,ar1,65,0.5,0.508731245607924,0.4879638945108869,-0.7175138625241563,0.008731245607924043
strong_oscillatory,260917,ar1,66,0.75,0.5087319905872986,0.2435366055852584,-1.4124880168124372,0.24126800941270143
strong_oscillatory,260917,ar1,67,0.5,0.5087320813905715,0.48796380963256886,-0.7175140364680206,0.008732081390571467
strong_oscillatory,260917,ar1,68,0.5,0.5087320924583065,0.4879638085085251,-0.7175140387715597,0.008732092458306528
strong_oscillatory,260917,ar1,69,0.25,0.5087320938073191,0.21931782214792286,-1.517233358516006,0.2587320938073191
strong_oscillatory,260917,ar1,70,0.5,0.5087320939717462,0.48796380835481934,-0.717514039086554,0.008732093971746235
strong_oscillatory,260917,ar1,71,0.75,0.5087320939917878,0.24353675128755364,-1.41248741853584,0.24126790600821224
strong_oscillatory,260917,ar1,72,0.5,0.5087320939942305,0.48796380835253583,-0.7175140390912336,0.008732093994230472
strong_oscillatory,260917,ar1,73,0.25,0.5087320939945282,0.2193178218929554,-1.5172333596785539,0.25873209399452823
strong_oscillatory,260917,ar1,74,0.25,0.5087320939945645,0.21931782189290597,-1.5172333596787793,0.25873209399456454
strong_oscillatory,260917,ar1,75,0.75,0.508732093994569,0.24353675129147248,-1.4124874185197487,0.24126790600543102
strong_oscillatory,260917,ar1,76,0.75,0.5087320939945695,0.24353675129147329,-1.4124874185197454,0.24126790600543047
strong_oscillatory,260917,ar1,77,0.5,0.5087320939945695,0.4879638083525014,-0.7175140390913042,0.008732093994569534
strong_oscillatory,260917,ar1,78,0.25,0.5087320939945695,0.21931782189289917,-1.5172333596788103,0.25873209399456953
strong_oscillatory,260917,ar1,79,0.5,0.5087320939945695,0.4879638083525014,-0.7175140390913042,0.008732093994569534
strong_oscillatory,260917,quadratic_narrative_position,60,0.25,0.5003577760722953,0.2320420041832062,-1.4608368711900357,0.25035777607229526
strong_oscillatory,260917,quadratic_narrative_position,61,0.5,0.5009592191449493,0.483077152029661,-0.7275789030347912,0.0009592191449493415
strong_oscillatory,260917,quadratic_narrative_position,62,0.75,0.5015961307969102,0.23471047554282393,-1.449402543363977,0.24840386920308977
strong_oscillatory,260917,quadratic_narrative_position,63,0.5,0.502268511028178,0.4830533435089639,-0.727628189380294,0.002268511028178044
strong_oscillatory,260917,quadratic_narrative_position,64,0.25,0.5029763598387527,0.22848081981613402,-1.4763030117065161,0.25297635983875266
strong_oscillatory,260917,quadratic_narrative_position,65,0.5,0.5037196772286342,0.48300439055600825,-0.7277295351928089,0.0037196772286341995
strong_oscillatory,260917,quadratic_narrative_position,66,0.75,0.5044984631978227,0.23869105525356535,-1.4325852190937036,0.24550153680217734
strong_oscillatory,260917,quadratic_narrative_position,67,0.5,0.5053127177463179,0.4829233433387766,-0.7278973473687674,0.005312717746317919
strong_oscillatory,260917,quadratic_narrative_position,68,0.5,0.5061624408741201,0.4828684292338317,-0.7280110656806512,0.006162440874120101
strong_oscillatory,260917,quadratic_narrative_position,69,0.25,0.5070476325812291,0.22298014966118235,-1.5006725264563625,0.2570476325812291
strong_oscillatory,260917,quadratic_narrative_position,70,0.5,0.507968292867645,0.48272474599370635,-0.7283086718462126,0.007968292867645
strong_oscillatory,260917,quadratic_narrative_position,71,0.75,0.5089244217333678,0.2447974759193812,-1.407324039183964,0.24107557826663217
strong_oscillatory,260917,quadratic_narrative_position,72,0.5,0.5099160191783975,0.48252867744708605,-0.728714924845799,0.009916019178397462
strong_oscillatory,260917,quadratic_narrative_position,73,0.25,0.5109430852027339,0.21776076193061916,-1.5243582411384677,0.2609430852027339
strong_oscillatory,260917,quadratic_narrative_position,74,0.25,0.5120056198063774,0.21634489275346555,-1.5308814189986353,0.2620056198063774
strong_oscillatory,260917,quadratic_narrative_position,75,0.75,0.5131036229893277,0.2505999245622963,-1.3838975375485612,0.23689637701067234
strong_oscillatory,260917,quadratic_narrative_position,76,0.75,0.5142370947515849,0.25217922859159786,-1.3776152197012173,0.23576290524841514
strong_oscillatory,260917,quadratic_narrative_position,77,0.5,0.5154060350931489,0.4817469705315165,-0.7303362601734089,0.015406035093148862
strong_oscillatory,260917,quadratic_narrative_position,78,0.25,0.5166104440140198,0.21024918471791518,-1.559461857815955,0.2666104440140198
strong_oscillatory,260917,quadratic_narrative_position,79,0.5,0.5178503215141975,0.48129046594126473,-0.7312843118423368,0.01785032151419752
strong_oscillatory,260918,rcwe,60,0.5,0.4742545651353087,0.5369332476952379,-0.6218814981677991,0.025745434864691275
strong_oscillatory,260918,rcwe,61,0.75,0.4753560759281431,0.17825180040867977,-1.7245581192692894,0.2746439240718569
strong_oscillatory,260918,rcwe,62,0.75,0.47313809528817685,0.17504129680270236,-1.742733351168204,0.27686190471182315
strong_oscillatory,260918,rcwe,63,0.5,0.4714785538300814,0.5357510602920998,-0.6240856655504279,0.028521446169918585
strong_oscillatory,260918,rcwe,64,0.25,0.4728208195152709,0.2612008241421675,-1.3424657263698023,0.22282081951527088
strong_oscillatory,260918,rcwe,65,0.5,0.47466994671170326,0.5370999445150357,-0.6215710853754471,0.02533005328829674
strong_oscillatory,260918,rcwe,66,0.75,0.4741333268568974,0.17647794785772247,-1.734559351730622,0.2758666731431026
strong_oscillatory,260918,rcwe,67,0.75,0.4723859058008127,0.17395975868564875,-1.7489312784366418,0.2776140941991873
strong_oscillatory,260918,rcwe,68,0.25,0.4722717300253199,0.2621463091940501,-1.3388524990478279,0.2222717300253199
strong_oscillatory,260918,rcwe,69,0.25,0.4737190049744376,0.259656483665791,-1.3483957382129288,0.22371900497443759
strong_oscillatory,260918,rcwe,70,0.75,0.4742893439462829,0.1767037459555444,-1.7332807003591535,0.2757106560537171
strong_oscillatory,260918,rcwe,71,0.5,0.4732451323527281,0.5365170739077048,-0.6226568927995009,0.026754867647271918
strong_oscillatory,260918,rcwe,72,0.5,0.47241953228630584,0.5361650423558741,-0.6233132504643325,0.027580467713694157
strong_oscillatory,260918,rcwe,73,0.25,0.4730371952972227,0.2608285297902927,-1.3438920615449705,0.2230371952972227
strong_oscillatory,260918,rcwe,74,0.25,0.4739406930077874,0.25927574982944834,-1.3498631124868075,0.2239406930077874
strong_oscillatory,260918,rcwe,75,0.75,0.4737109158852071,0.1758673981736492,-1.7380249873749727,0.2762890841147929
strong_oscillatory,260918,rcwe,76,0.75,0.4728678134647212,0.17465224681943872,-1.7449584431144292,0.2771321865352788
strong_oscillatory,260918,rcwe,77,0.5,0.47278783013412434,0.5363233761900243,-0.6230179860445728,0.027212169865875657
strong_oscillatory,260918,rcwe,78,0.25,0.4734781410921188,0.260070347614473,-1.3468031168154881,0.22347814109211878
strong_oscillatory,260918,rcwe,79,0.5,0.473771744474447,0.5367361451864147,-0.6222486549710837,0.026228255525553024
strong_oscillatory,260918,persistence,60,0.5,0.25,0.23949030498663063,-1.42924234317335,0.25
strong_oscillatory,260918,persistence,61,0.75,0.25,0.07136176694803589,-2.639993029973829,0.5
strong_oscillatory,260918,persistence,62,0.75,0.25,0.07136176694803589,-2.639993029973829,0.5
strong_oscillatory,260918,persistence,63,0.5,0.25,0.23949030498663063,-1.42924234317335,0.25
strong_oscillatory,260918,persistence,64,0.25,0.25,0.358316165185667,-1.026339539346024,0.0
strong_oscillatory,260918,persistence,65,0.5,0.25,0.23949030498663063,-1.42924234317335,0.25
strong_oscillatory,260918,persistence,66,0.75,0.25,0.07136176694803589,-2.639993029973829,0.5
strong_oscillatory,260918,persistence,67,0.75,0.25,0.07136176694803589,-2.639993029973829,0.5
strong_oscillatory,260918,persistence,68,0.25,0.25,0.358316165185667,-1.026339539346024,0.0
strong_oscillatory,260918,persistence,69,0.25,0.25,0.358316165185667,-1.026339539346024,0.0
strong_oscillatory,260918,persistence,70,0.75,0.25,0.07136176694803589,-2.639993029973829,0.5
strong_oscillatory,260918,persistence,71,0.5,0.25,0.23949030498663063,-1.42924234317335,0.25
strong_oscillatory,260918,persistence,72,0.5,0.25,0.23949030498663063,-1.42924234317335,0.25
strong_oscillatory,260918,persistence,73,0.25,0.25,0.358316165185667,-1.026339539346024,0.0
strong_oscillatory,260918,persistence,74,0.25,0.25,0.358316165185667,-1.026339539346024,0.0
strong_oscillatory,260918,persistence,75,0.75,0.25,0.07136176694803589,-2.639993029973829,0.5
strong_oscillatory,260918,persistence,76,0.75,0.25,0.07136176694803589,-2.639993029973829,0.5
strong_oscillatory,260918,persistence,77,0.5,0.25,0.23949030498663063,-1.42924234317335,0.25
strong_oscillatory,260918,persistence,78,0.25,0.25,0.358316165185667,-1.026339539346024,0.0
strong_oscillatory,260918,persistence,79,0.5,0.25,0.23949030498663063,-1.42924234317335,0.25
strong_oscillatory,260918,ar1,60,0.5,0.47161486982612166,0.4683523524804409,-0.7585343764284542,0.028385130173878337
strong_oscillatory,260918,ar1,61,0.75,0.5066669476970627,0.24354616001600693,-1.4124487855711594,0.24333305230293734
strong_oscillatory,260918,ar1,62,0.75,0.5122110168474518,0.250946500029214,-1.3825155098634343,0.23778898315254815
strong_oscillatory,260918,ar1,63,0.5,0.5130879036002848,0.4716824828478403,-0.751449225595521,0.013087903600284778
strong_oscillatory,260918,ar1,64,0.25,0.5132265978258501,0.2174920058767169,-1.525593183718672,0.2632265978258501
strong_oscillatory,260918,ar1,65,0.5,0.5132485346245792,0.4716601992964609,-0.7514964694058677,0.0132485346245792
strong_oscillatory,260918,ar1,66,0.75,0.5132520042941817,0.25234131387197783,-1.376972687743391,0.23674799570581828
strong_oscillatory,260918,ar1,67,0.75,0.5132525530801417,0.2523420495953731,-1.37696977215929,0.23674744691985827
strong_oscillatory,260918,ar1,68,0.25,0.5132526398797694,0.21745851477563416,-1.5257471833097,0.26325263987976943
strong_oscillatory,260918,ar1,69,0.25,0.5132526536085744,0.21745849712033025,-1.5257472644990002,0.2632526536085744
strong_oscillatory,260918,ar1,70,0.75,0.5132526557800132,0.2523421872787862,-1.376969226537283,0.23674734421998678
strong_oscillatory,260918,ar1,71,0.5,0.5132526561234624,0.4716596239783148,-0.7514976891791236,0.01325265612346238
strong_oscillatory,260918,ar1,72,0.5,0.5132526561777846,0.4716596239707308,-0.751497689195203,0.013252656177784594
strong_oscillatory,260918,ar1,73,0.25,0.5132526561863766,0.21745849380526536,-1.525747279743587,0.2632526561863766
strong_oscillatory,260918,ar1,74,0.25,0.5132526561877355,0.21745849380351776,-1.5257472797516234,0.2632526561877355
strong_oscillatory,260918,ar1,75,0.75,0.5132526561879505,0.25234218782568263,-1.376969224370002,0.23674734381204954
strong_oscillatory,260918,ar1,76,0.75,0.5132526561879844,0.25234218782572815,-1.3769692243698217,0.23674734381201556
strong_oscillatory,260918,ar1,77,0.5,0.5132526561879899,0.4716596239693061,-0.7514976891982236,0.013252656187989875
strong_oscillatory,260918,ar1,78,0.25,0.5132526561879907,0.2174584938031897,-1.525747279753132,0.26325265618799065
strong_oscillatory,260918,ar1,79,0.5,0.5132526561879909,0.4716596239693059,-0.751497689198224,0.013252656187990874
strong_oscillatory,260918,quadratic_narrative_position,60,0.5,0.5889500853463348,0.42958515706123324,-0.8449352869867114,0.08895008534633475
strong_oscillatory,260918,quadratic_narrative_position,61,0.75,0.5955395412379794,0.3604943724499931,-1.0202789327812152,0.15446045876202064
strong_oscillatory,260918,quadratic_narrative_position,62,0.75,0.6023205838853103,0.3687128760563797,-0.9977370514975288,0.1476794161146897
strong_oscillatory,260918,quadratic_narrative_position,63,0.5,0.6092932132883273,0.4109597703557331,-0.8892599516228401,0.1092932132883273
strong_oscillatory,260918,quadratic_narrative_position,64,0.25,0.6164574294470306,0.1064069132234358,-2.240484730280834,0.36645742944703064
strong_oscillatory,260918,quadratic_narrative_position,65,0.5,0.6238132323614202,0.39594817629039586,-0.9264719442451601,0.12381323236142017
strong_oscillatory,260918,quadratic_narrative_position,66,0.75,0.6313606220314958,0.40144709296117403,-0.9126795277248442,0.11863937796850421
strong_oscillatory,260918,quadratic_narrative_position,67,0.75,0.6390995984572576,0.40936413424741575,-0.8931502152412627,0.11090040154274239
strong_oscillatory,260918,quadratic_narrative_position,68,0.25,0.6470301616387057,0.08211709347969733,-2.499609081031842,0.39703016163870575
strong_oscillatory,260918,quadratic_narrative_position,69,0.25,0.65515231157584,0.07638194118313278,-2.572008982698438,0.40515231157584
strong_oscillatory,260918,quadratic_narrative_position,70,0.75,0.6634660482686605,0.4315913344442821,-0.8402761235469792,0.08653395173133949
strong_oscillatory,260918,quadratic_narrative_position,71,0.5,0.6719713717171671,0.33851418251814086,-1.0831892893741542,0.17197137171716714
strong_oscillatory,260918,quadratic_narrative_position,72,0.5,0.6806682819213601,0.3272750069733171,-1.1169544616087648,0.18066828192136009
strong_oscillatory,260918,quadratic_narrative_position,73,0.25,0.6895567788812392,0.055282027727721235,-2.89530741915853,0.43955677888123923
strong_oscillatory,260918,quadratic_narrative_position,74,0.25,0.6986368625968045,0.05053302348114955,-2.985128226100295,0.44863686259680446
strong_oscillatory,260918,quadratic_narrative_position,75,0.75,0.7079085330680559,0.4595647133355376,-0.7774755128576933,0.0420914669319441
strong_oscillatory,260918,quadratic_narrative_position,76,0.75,0.7173717902949936,0.46314759335909217,-0.769709499540679,0.03262820970500635
strong_oscillatory,260918,quadratic_narrative_position,77,0.5,0.7270266342776175,0.2657454008897032,-1.3252165680633485,0.2270266342776175
strong_oscillatory,260918,quadratic_narrative_position,78,0.25,0.7368730650159276,0.03391040385599126,-3.3840334132725935,0.48687306501592764
strong_oscillatory,260918,quadratic_narrative_position,79,0.5,0.7469110825099239,0.23950667451102275,-1.4291739939974715,0.24691108250992388
strong_oscillatory,260919,rcwe,60,0.5,0.37676458140870095,0.4557208902395812,-0.785874739674842,0.12323541859129905
strong_oscillatory,260919,rcwe,61,0.5,0.37676252611368316,0.4557168142319499,-0.7858836838025894,0.12323747388631684
strong_oscillatory,260919,rcwe,62,0.75,0.376764668964395,0.04852460383244526,-3.025684314155233,0.373235331035605
strong_oscillatory,260919,rcwe,63,0.5,0.37676557912231334,0.4557228688675908,-0.785870397930242,0.12323442087768666
strong_oscillatory,260919,rcwe,64,0.25,0.3767639681863812,0.44867669314113906,-0.8014527104267581,0.1267639681863812
strong_oscillatory,260919,rcwe,65,0.5,0.37676370451821795,0.45571915121714135,-0.7858785556635208,0.12323629548178205
strong_oscillatory,260919,rcwe,66,0.5,0.3767648270266746,0.4557213773405918,-0.7858736708172128,0.12323517297332542
strong_oscillatory,260919,rcwe,67,0.75,0.37676476533147824,0.048524667971844786,-3.0256829923647994,0.37323523466852176
strong_oscillatory,260919,rcwe,68,0.5,0.37676403483219423,0.4557198062864289,-0.7858771182237841,0.12323596516780577
strong_oscillatory,260919,rcwe,69,0.25,0.37676422949658045,0.44867616812509314,-0.8014538805707864,0.12676422949658045
strong_oscillatory,260919,rcwe,70,0.5,0.37676467235441363,0.455721070600005,-0.7858743439054314,0.12323532764558637
strong_oscillatory,260919,rcwe,71,0.75,0.37676445017919064,0.048524458215008795,-3.0256873150587635,0.37323554982080936
strong_oscillatory,260919,rcwe,72,0.5,0.37676420363151614,0.4557201410441224,-0.7858763836549417,0.12323579636848386
strong_oscillatory,260919,rcwe,73,0.25,0.3767644026968711,0.4486758201363749,-0.801454656161018,0.12676440269687111
strong_oscillatory,260919,rcwe,74,0.25,0.37676452408502775,0.4486755762468828,-0.801455199737354,0.12676452408502775
strong_oscillatory,260919,rcwe,75,0.75,0.37676436667767155,0.048524402638777143,-3.025688460383524,0.37323563332232845
strong_oscillatory,260919,rcwe,76,0.75,0.376764319417635,0.048524371183865815,-3.025689108612452,0.373235680582365
strong_oscillatory,260919,rcwe,77,0.5,0.37676443362589696,0.4557205971616482,-0.7858753827834497,0.12323556637410304
strong_oscillatory,260919,rcwe,78,0.25,0.37676444088274647,0.44867574341445543,-0.8014548271573646,0.12676444088274647
strong_oscillatory,260919,rcwe,79,0.5,0.37676436370954436,0.4557204585058091,-0.7858756870397441,0.12323563629045564
strong_oscillatory,260919,persistence,60,0.5,0.25,0.2417389360644067,-1.419896911717098,0.25
strong_oscillatory,260919,persistence,61,0.5,0.25,0.2417389360644067,-1.419896911717098,0.25
strong_oscillatory,260919,persistence,62,0.75,0.25,0.06052627804168008,-2.804677660450675,0.5
strong_oscillatory,260919,persistence,63,0.5,0.25,0.2417389360644067,-1.419896911717098,0.25
strong_oscillatory,260919,persistence,64,0.25,0.25,0.38309169864526554,-0.9594808964080745,0.0
strong_oscillatory,260919,persistence,65,0.5,0.25,0.2417389360644067,-1.419896911717098,0.25
strong_oscillatory,260919,persistence,66,0.5,0.25,0.2417389360644067,-1.419896911717098,0.25
strong_oscillatory,260919,persistence,67,0.75,0.25,0.06052627804168008,-2.804677660450675,0.5
strong_oscillatory,260919,persistence,68,0.5,0.25,0.2417389360644067,-1.419896911717098,0.25
strong_oscillatory,260919,persistence,69,0.25,0.25,0.38309169864526554,-0.9594808964080745,0.0
strong_oscillatory,260919,persistence,70,0.5,0.25,0.2417389360644067,-1.419896911717098,0.25
strong_oscillatory,260919,persistence,71,0.75,0.25,0.06052627804168008,-2.804677660450675,0.5
strong_oscillatory,260919,persistence,72,0.5,0.25,0.2417389360644067,-1.419896911717098,0.25
strong_oscillatory,260919,persistence,73,0.25,0.25,0.38309169864526554,-0.9594808964080745,0.0
strong_oscillatory,260919,persistence,74,0.25,0.25,0.38309169864526554,-0.9594808964080745,0.0
strong_oscillatory,260919,persistence,75,0.75,0.25,0.06052627804168008,-2.804677660450675,0.5
strong_oscillatory,260919,persistence,76,0.75,0.25,0.06052627804168008,-2.804677660450675,0.5
strong_oscillatory,260919,persistence,77,0.5,0.25,0.2417389360644067,-1.419896911717098,0.25
strong_oscillatory,260919,persistence,78,0.25,0.25,0.38309169864526554,-0.9594808964080745,0.0
strong_oscillatory,260919,persistence,79,0.5,0.25,0.2417389360644067,-1.419896911717098,0.25
strong_oscillatory,260919,ar1,60,0.5,0.4826071759639346,0.5191467944119302,-0.6555685949374157,0.017392824036065402
strong_oscillatory,260919,ar1,61,0.5,0.5023692990307009,0.5212390044920288,-0.651546600591323,0.002369299030700933
strong_oscillatory,260919,ar1,62,0.75,0.5040482734926348,0.22876914586494773,-1.475041880558706,0.2459517265073652
strong_oscillatory,260919,ar1,63,0.5,0.5041909178448789,0.5211546316600211,-0.6517084834525873,0.004190917844878905
strong_oscillatory,260919,ar1,64,0.25,0.5042030367970658,0.21620857817900904,-1.5315116975104468,0.2542030367970658
strong_oscillatory,260919,ar1,65,0.5,0.5042040664137298,0.5211538523858555,-0.651709978737673,0.0042040664137298345
strong_oscillatory,260919,ar1,66,0.5,0.5042041538891534,0.521153847193293,-0.6517099887012614,0.004204153889153406
strong_oscillatory,260919,ar1,67,0.75,0.5042041613209967,0.22900915837849448,-1.473993283308403,0.24579583867900334
strong_oscillatory,260919,ar1,68,0.5,0.5042041619524003,0.5211538467146514,-0.6517099896196883,0.004204161952400254
strong_oscillatory,260919,ar1,69,0.25,0.5042041620060438,0.2162068852569102,-1.5315195275824123,0.2542041620060438
strong_oscillatory,260919,ar1,70,0.5,0.5042041620106014,0.5211538467111966,-0.6517099896263174,0.004204162010601364
strong_oscillatory,260919,ar1,71,0.75,0.5042041620109885,0.22900915944105368,-1.473993278668592,0.2457958379890115
strong_oscillatory,260919,ar1,72,0.5,0.5042041620110214,0.5211538467111716,-0.6517099896263653,0.004204162011021362
strong_oscillatory,260919,ar1,73,0.25,0.5042041620110242,0.21620688524941684,-1.5315195276170706,0.25420416201102425
strong_oscillatory,260919,ar1,74,0.25,0.5042041620110245,0.21620688524941645,-1.5315195276170723,0.25420416201102447
strong_oscillatory,260919,ar1,75,0.75,0.5042041620110245,0.22900915944110917,-1.4739932786683498,0.24579583798897553
strong_oscillatory,260919,ar1,76,0.75,0.5042041620110245,0.22900915944110917,-1.4739932786683498,0.24579583798897553
strong_oscillatory,260919,ar1,77,0.5,0.5042041620110245,0.5211538467111715,-0.6517099896263656,0.00420416201102447
strong_oscillatory,260919,ar1,78,0.25,0.5042041620110245,0.21620688524941645,-1.5315195276170723,0.25420416201102447
strong_oscillatory,260919,ar1,79,0.5,0.5042041620110245,0.5211538467111715,-0.6517099896263656,0.00420416201102447
strong_oscillatory,260919,quadratic_narrative_position,60,0.5,0.5032460409071433,0.5174976802162092,-0.6587502365266519,0.0032460409071433105
strong_oscillatory,260919,quadratic_narrative_position,61,0.5,0.5047233521908226,0.5174163008358086,-0.6589075044388811,0.0047233521908226495
strong_oscillatory,260919,quadratic_narrative_position,62,0.75,0.5062669418810284,0.2331935486059821,-1.4558864895283439,0.2437330581189716
strong_oscillatory,260919,quadratic_narrative_position,63,0.5,0.5078768099777606,0.5171417437012272,-0.6594382762838766,0.007876809977760635
strong_oscillatory,260919,quadratic_narrative_position,64,0.25,0.5095529564810193,0.20944823026038842,-1.5632786810858146,0.2595529564810193
strong_oscillatory,260919,quadratic_narrative_position,65,0.5,0.5112953813908044,0.516689175083934,-0.6603137940072856,0.011295381390804438
strong_oscillatory,260919,quadratic_narrative_position,66,0.5,0.5131040847071161,0.5163846651169445,-0.6609033161962306,0.013104084707116104
strong_oscillatory,260919,quadratic_narrative_position,67,0.75,0.5149790664299541,0.2466768831438742,-1.3996759641588978,0.23502093357004594
strong_oscillatory,260919,quadratic_narrative_position,68,0.5,0.5169203265593186,0.5155948787422033,-0.662433940584348,0.016920326559318632
strong_oscillatory,260919,quadratic_narrative_position,69,0.25,0.5189278650952096,0.19589711433599818,-1.6301656844311079,0.2689278650952096
strong_oscillatory,260919,quadratic_narrative_position,70,0.5,0.521001682037627,0.514529942923258,-0.664501527299906,0.02100168203762698
strong_oscillatory,260919,quadratic_narrative_position,71,0.75,0.5231417773865709,0.2595267437625651,-1.3488955228711088,0.22685822261342914
strong_oscillatory,260919,quadratic_narrative_position,72,0.5,0.5253481511420411,0.5131470390363868,-0.6671928490787715,0.025348151142041142
strong_oscillatory,260919,quadratic_narrative_position,73,0.25,0.5276208033040379,0.18371856197556954,-1.6943502468163927,0.27762080330403793
strong_oscillatory,260919,quadratic_narrative_position,74,0.25,0.5299597338725612,0.18050881719095943,-1.7119756536988842,0.27995973387256123
strong_oscillatory,260919,quadratic_narrative_position,75,0.75,0.5323649428476108,0.2742516265626227,-1.293709248895898,0.21763505715238918
strong_oscillatory,260919,quadratic_narrative_position,76,0.75,0.534836430229187,0.27822760993507856,-1.2793157595032316,0.21516356977081297
strong_oscillatory,260919,quadratic_narrative_position,77,0.5,0.5373741960172896,0.5080016785250345,-0.6772705272259751,0.03737419601728964
strong_oscillatory,260919,quadratic_narrative_position,78,0.25,0.5399782402119186,0.16709688218707622,-1.78918150192065,0.28997824021191865
strong_oscillatory,260919,quadratic_narrative_position,79,0.5,0.5426485628130742,0.5051448593827651,-0.6829100405775468,0.042648562813074165
strong_oscillatory,260920,rcwe,60,0.5,0.8298196050963105,0.18263668288481316,-1.7002564389666306,0.3298196050963105
strong_oscillatory,260920,rcwe,61,0.75,0.8298196050822534,0.3124667912753511,-1.1632570833713927,0.07981960508225339
strong_oscillatory,260920,rcwe,62,0.75,0.8298196050737195,0.3124667912775825,-1.1632570833642515,0.07981960507371955
strong_oscillatory,260920,rcwe,63,0.5,0.8298196050705289,0.18263668290110602,-1.7002564388774215,0.3298196050705289
strong_oscillatory,260920,rcwe,64,0.25,0.8298196050707998,0.05534953399936538,-2.894087039025256,0.5798196050707998
strong_oscillatory,260920,rcwe,65,0.25,0.8298196050725248,0.05534953399878367,-2.894087039035766,0.5798196050725248
strong_oscillatory,260920,rcwe,66,0.75,0.8298196050743177,0.31246679127742616,-1.1632570833647518,0.07981960507431773
strong_oscillatory,260920,rcwe,67,0.5,0.8298196050755362,0.18263668289794163,-1.7002564388947476,0.3298196050755362
strong_oscillatory,260920,rcwe,68,0.5,0.8298196050760877,0.18263668289759305,-1.7002564388966563,0.32981960507608765
strong_oscillatory,260920,rcwe,69,0.25,0.829819605076155,0.055349533997559555,-2.894087039057882,0.579819605076155
strong_oscillatory,260920,rcwe,70,0.75,0.8298196050759837,0.31246679127699045,-1.1632570833661462,0.07981960507598373
strong_oscillatory,260920,rcwe,71,0.75,0.8298196050757635,0.312466791277048,-1.163257083365962,0.07981960507576347
strong_oscillatory,260920,rcwe,72,0.5,0.8298196050755958,0.18263668289790388,-1.7002564388949544,0.3298196050755958
strong_oscillatory,260920,rcwe,73,0.25,0.829819605075508,0.05534953399777773,-2.8940870390539404,0.579819605075508
strong_oscillatory,260920,rcwe,74,0.25,0.8298196050754856,0.0553495339977853,-2.8940870390538036,0.5798196050754856
strong_oscillatory,260920,rcwe,75,0.5,0.8298196050754999,0.18263668289796448,-1.7002564388946226,0.3298196050754999
strong_oscillatory,260920,rcwe,76,0.75,0.8298196050755258,0.3124667912771103,-1.1632570833657627,0.07981960507552577
strong_oscillatory,260920,rcwe,77,0.5,0.8298196050755481,0.18263668289793417,-1.7002564388947885,0.3298196050755481
strong_oscillatory,260920,rcwe,78,0.25,0.8298196050755611,0.05534953399775983,-2.8940870390542637,0.5798196050755611
strong_oscillatory,260920,rcwe,79,0.5,0.8298196050755658,0.18263668289792273,-1.7002564388948511,0.32981960507556585
strong_oscillatory,260920,persistence,60,0.5,0.25,0.2380627979218292,-1.4352207833003412,0.25
strong_oscillatory,260920,persistence,61,0.75,0.25,0.07569971144031162,-2.5809809304309184,0.5
strong_oscillatory,260920,persistence,62,0.75,0.25,0.07569971144031162,-2.5809809304309184,0.5
strong_oscillatory,260920,persistence,63,0.5,0.25,0.2380627979218292,-1.4352207833003412,0.25
strong_oscillatory,260920,persistence,64,0.25,0.25,0.34859514045212636,-1.0538440861766107,0.0
strong_oscillatory,260920,persistence,65,0.25,0.25,0.34859514045212636,-1.0538440861766107,0.0
strong_oscillatory,260920,persistence,66,0.75,0.25,0.07569971144031162,-2.5809809304309184,0.5
strong_oscillatory,260920,persistence,67,0.5,0.25,0.2380627979218292,-1.4352207833003412,0.25
strong_oscillatory,260920,persistence,68,0.5,0.25,0.2380627979218292,-1.4352207833003412,0.25
strong_oscillatory,260920,persistence,69,0.25,0.25,0.34859514045212636,-1.0538440861766107,0.0
strong_oscillatory,260920,persistence,70,0.75,0.25,0.07569971144031162,-2.5809809304309184,0.5
strong_oscillatory,260920,persistence,71,0.75,0.25,0.07569971144031162,-2.5809809304309184,0.5
strong_oscillatory,260920,persistence,72,0.5,0.25,0.2380627979218292,-1.4352207833003412,0.25
strong_oscillatory,260920,persistence,73,0.25,0.25,0.34859514045212636,-1.0538440861766107,0.0
strong_oscillatory,260920,persistence,74,0.25,0.25,0.34859514045212636,-1.0538440861766107,0.0
strong_oscillatory,260920,persistence,75,0.5,0.25,0.2380627979218292,-1.4352207833003412,0.25
strong_oscillatory,260920,persistence,76,0.75,0.25,0.07569971144031162,-2.5809809304309184,0.5
strong_oscillatory,260920,persistence,77,0.5,0.25,0.2380627979218292,-1.4352207833003412,0.25
strong_oscillatory,260920,persistence,78,0.25,0.25,0.34859514045212636,-1.0538440861766107,0.0
strong_oscillatory,260920,persistence,79,0.5,0.25,0.2380627979218292,-1.4352207833003412,0.25
strong_oscillatory,260920,ar1,60,0.5,0.4751189254250027,0.465734926048574,-0.7641386349225856,0.024881074574997275
strong_oscillatory,260920,ar1,61,0.75,0.5008780235155014,0.2365664940309756,-1.441525951874505,0.24912197648449863
strong_oscillatory,260920,ar1,62,0.75,0.50382549287279,0.2404138547346793,-1.4253934459739275,0.24617450712721
strong_oscillatory,260920,ar1,63,0.5,0.5041627552870885,0.46882705371559796,-0.7575213339466931,0.004162755287088538
strong_oscillatory,260920,ar1,64,0.25,0.5042013463366671,0.22997563479382985,-1.4697819113495227,0.25420134633666713
strong_oscillatory,260920,ar1,65,0.25,0.5042057620943811,0.22996992805064204,-1.4698067262130592,0.25420576209438106
strong_oscillatory,260920,ar1,66,0.75,0.5042062673648104,0.24091202084591246,-1.4233234708722955,0.24579373263518955
strong_oscillatory,260920,ar1,67,0.5,0.5042063251800764,0.468825173803608,-0.7575253437745051,0.0042063251800763535
strong_oscillatory,260920,ar1,68,0.5,0.5042063317955535,0.46882517351668396,-0.7575253443865115,0.0042063317955535195
strong_oscillatory,260920,ar1,69,0.25,0.5042063325525256,0.22996919081708697,-1.469809932000629,0.25420633255252556
strong_oscillatory,260920,ar1,70,0.75,0.5042063326391416,0.24091210626577048,-1.423323116303675,0.2457936673608584
strong_oscillatory,260920,ar1,71,0.75,0.5042063326490526,0.24091210627874024,-1.423323116249839,0.24579366735094743
strong_oscillatory,260920,ar1,72,0.5,0.5042063326501867,0.4688251734796173,-0.7575253444655745,0.004206332650186662
strong_oscillatory,260920,ar1,73,0.25,0.5042063326503164,0.22996919069070654,-1.4698099325501828,0.25420633265031645
strong_oscillatory,260920,ar1,74,0.25,0.5042063326503313,0.22996919069068733,-1.4698099325502663,0.2542063326503313
strong_oscillatory,260920,ar1,75,0.5,0.504206332650333,0.468825173479611,-0.7575253444655878,0.004206332650332989
strong_oscillatory,260920,ar1,76,0.75,0.5042063326503332,0.24091210628041618,-1.4233231162428823,0.2457936673496668
strong_oscillatory,260920,ar1,77,0.5,0.5042063326503332,0.46882517347961083,-0.7575253444655883,0.004206332650333211
strong_oscillatory,260920,ar1,78,0.25,0.5042063326503332,0.22996919069068494,-1.4698099325502767,0.2542063326503332
strong_oscillatory,260920,ar1,79,0.5,0.5042063326503332,0.46882517347961083,-0.7575253444655883,0.004206332650333211
strong_oscillatory,260920,quadratic_narrative_position,60,0.5,0.5127654623039655,0.46356690320893096,-0.7688045608999077,0.012765462303965469
strong_oscillatory,260920,quadratic_narrative_position,61,0.75,0.5137908125710567,0.25405317010367534,-1.3702117027534695,0.23620918742894326
strong_oscillatory,260920,quadratic_narrative_position,62,0.75,0.5148455213884338,0.25542504687194784,-1.3648262709989492,0.23515447861156624
strong_oscillatory,260920,quadratic_narrative_position,63,0.5,0.5159295887560964,0.46311308263508,-0.7697840157647238,0.015929588756096402
strong_oscillatory,260920,quadratic_narrative_position,64,0.25,0.5170430146740448,0.21472464615202916,-1.5383987872435168,0.2670430146740448
strong_oscillatory,260920,quadratic_narrative_position,65,0.25,0.5181857991422788,0.21330502391285983,-1.545032100510477,0.2681857991422788
strong_oscillatory,260920,quadratic_narrative_position,66,0.75,0.5193579421607986,0.2613068929562735,-1.3420597273305843,0.23064205783920144
strong_oscillatory,260920,quadratic_narrative_position,67,0.5,0.5205594437296039,0.4622698466286178,-0.7716064747991124,0.020559443729603943
strong_oscillatory,260920,quadratic_narrative_position,68,0.5,0.5217903038486951,0.4620099714434193,-0.772168804922448,0.02179030384869507
strong_oscillatory,260920,quadratic_narrative_position,69,0.25,0.5230505225180717,0.20729971085945942,-1.5735896543341428,0.2730505225180717
strong_oscillatory,260920,quadratic_narrative_position,70,0.75,0.5243400997377341,0.26782018563270027,-1.3174394727900962,0.2256599002622659
strong_oscillatory,260920,quadratic_narrative_position,71,0.75,0.5256590355076822,0.26954703480665737,-1.3110123776767506,0.22434096449231777
strong_oscillatory,260920,quadratic_narrative_position,72,0.5,0.527007329827916,0.46074286251870267,-0.7749151735588051,0.027007329827915982
strong_oscillatory,260920,quadratic_narrative_position,73,0.25,0.5283849826984354,0.20078893000348255,-1.605501022148976,0.27838498269843537
strong_oscillatory,260920,quadratic_narrative_position,74,0.25,0.5297919941192405,0.1990852943864534,-1.6140219310795147,0.2797919941192405
strong_oscillatory,260920,quadratic_narrative_position,75,0.5,0.5312283640903314,0.45952264669230986,-0.7775670528898746,0.031228364090331362
strong_oscillatory,260920,quadratic_narrative_position,76,0.75,0.5326940926117077,0.27876897283662616,-1.27737189453616,0.21730590738829225
strong_oscillatory,260920,quadratic_narrative_position,77,0.5,0.53418917968337,0.4585634404758501,-0.7796566315881788,0.034189179683369986
strong_oscillatory,260920,quadratic_narrative_position,78,0.25,0.5357136253053177,0.19198086526454125,-1.6503595720012656,0.28571362530531774
strong_oscillatory,260920,quadratic_narrative_position,79,0.5,0.5372674294775512,0.45747653769761265,-0.7820296793026813,0.03726742947755124
